dataset,frame_id,kind,unit,magnitude,signed_value,n_points,n_inside,n_objects,align_score,n_edge,align_contrast,align_chance,pop_0,hit_0,inbox_0,inbox_true_0,pop_1,hit_1,inbox_1,inbox_true_1,pop_2,hit_2,inbox_2,inbox_true_2,pop_3,hit_3,inbox_3,inbox_true_3
kitti,000001,baseline,,0,0,120268,18630,1,0.555625,1241,0.160532,0.217321,0,0,0,0,0,0,0,0,0,0,0,0,76,75,76,75
kitti,000001,roll,deg,0.25,0.25,120268,18634,1,0.522161,1219,0.112189,0.217321,0,0,0,0,0,0,0,0,0,0,0,0,76,75,76,75
kitti,000001,roll,deg,0.25,-0.25,120268,18625,1,0.565751,1246,0.173153,0.217321,0,0,0,0,0,0,0,0,0,0,0,0,76,75,76,75
kitti,000001,roll,deg,0.5,0.5,120268,18636,1,0.513239,1222,0.101618,0.217321,0,0,0,0,0,0,0,0,0,0,0,0,76,75,76,75
kitti,000001,roll,deg,0.5,-0.5,120268,18621,1,0.547698,1247,0.157274,0.217321,0,0,0,0,0,0,0,0,0,0,0,0,76,75,76,75
kitti,000001,roll,deg,1,1,120268,18644,1,0.516802,1231,0.0936605,0.217321,0,0,0,0,0,0,0,0,0,0,0,0,76,75,76,75
kitti,000001,roll,deg,1,-1,120268,18630,1,0.478822,1253,0.0764533,0.217321,0,0,0,0,0,0,0,0,0,0,0,0,76,75,76,75
kitti,000001,roll,deg,1.5,1.5,120268,18628,1,0.538002,1240,0.110443,0.217321,0,0,0,0,0,0,0,0,0,0,0,0,76,75,76,75
kitti,000001,roll,deg,1.5,-1.5,120268,18659,1,0.444743,1254,0.0394876,0.217321,0,0,0,0,0,0,0,0,0,0,0,0,76,75,76,75
kitti,000001,roll,deg,2,2,120268,18620,1,0.532486,1202,0.111516,0.217321,0,0,0,0,0,0,0,0,0,0,0,0,76,75,76,75
kitti,000001,roll,deg,2,-2,120268,18661,1,0.447088,1247,0.0458336,0.217321,0,0,0,0,0,0,0,0,0,0,0,0,76,74,75,74
kitti,000001,roll,deg,3,3,120268,18663,1,0.50957,1226,0.107544,0.217321,0,0,0,0,0,0,0,0,0,0,0,0,76,75,76,75
kitti,000001,roll,deg,3,-3,120268,18653,1,0.444663,1273,0.0569464,0.217321,0,0,0,0,0,0,0,0,0,0,0,0,76,74,75,74
kitti,000001,pitch,deg,0.25,0.25,120268,18440,1,0.550828,1236,0.146693,0.217321,0,0,0,0,0,0,0,0,0,0,0,0,76,74,75,74
kitti,000001,pitch,deg,0.25,-0.25,120268,18896,1,0.499921,1238,0.108616,0.217321,0,0,0,0,0,0,0,0,0,0,0,0,76,73,73,73
kitti,000001,pitch,deg,0.5,0.5,120268,18174,1,0.51027,1210,0.0905918,0.217321,0,0,0,0,0,0,0,0,0,0,0,0,76,68,69,68
kitti,000001,pitch,deg,0.5,-0.5,120268,19159,1,0.495877,1215,0.100425,0.217321,0,0,0,0,0,0,0,0,0,0,0,0,76,63,63,63
kitti,000001,pitch,deg,1,1,120268,17730,1,0.52759,1189,0.111344,0.217321,0,0,0,0,0,0,0,0,0,0,0,0,76,51,52,51
kitti,000001,pitch,deg,1,-1,120268,19566,1,0.436351,1266,0.0375989,0.217321,0,0,0,0,0,0,0,0,0,0,0,0,76,50,64,50
kitti,000001,pitch,deg,1.5,1.5,120268,17281,1,0.5252,1180,0.125825,0.217321,0,0,0,0,0,0,0,0,0,0,0,0,76,38,39,38
kitti,000001,pitch,deg,1.5,-1.5,120268,20009,1,0.372284,1270,-0.0151996,0.217321,0,0,0,0,0,0,0,0,0,0,0,0,76,24,67,24
kitti,000001,pitch,deg,2,2,120268,16815,1,0.489383,1166,0.0927419,0.217321,0,0,0,0,0,0,0,0,0,0,0,0,76,12,13,12
kitti,000001,pitch,deg,2,-2,120268,20457,1,0.328182,1304,-0.02198,0.217321,0,0,0,0,0,0,0,0,0,0,0,0,76,11,82,11
kitti,000001,pitch,deg,3,3,120268,15870,1,0.37054,1105,-0.000511825,0.217321,0,0,0,0,0,0,0,0,0,0,0,0,76,0,0,0
kitti,000001,pitch,deg,3,-3,120268,21357,1,0.219397,1329,-0.102198,0.217321,0,0,0,0,0,0,0,0,0,0,0,0,76,0,114,0
kitti,000001,yaw,deg,0.25,0.25,120268,18631,1,0.550408,1233,0.152548,0.217321,0,0,0,0,0,0,0,0,0,0,0,0,76,67,68,67
kitti,000001,yaw,deg,0.25,-0.25,120268,18633,1,0.561981,1241,0.166822,0.217321,0,0,0,0,0,0,0,0,0,0,0,0,76,72,73,72
kitti,000001,yaw,deg,0.5,0.5,120268,18629,1,0.540326,1246,0.136478,0.217321,0,0,0,0,0,0,0,0,0,0,0,0,76,57,57,57
kitti,000001,yaw,deg,0.5,-0.5,120268,18633,1,0.560769,1218,0.166325,0.217321,0,0,0,0,0,0,0,0,0,0,0,0,76,64,65,64
kitti,000001,yaw,deg,1,1,120268,18630,1,0.508743,1231,0.102671,0.217321,0,0,0,0,0,0,0,0,0,0,0,0,76,41,41,41
kitti,000001,yaw,deg,1,-1,120268,18635,1,0.553098,1227,0.160259,0.217321,0,0,0,0,0,0,0,0,0,0,0,0,76,50,51,50
kitti,000001,yaw,deg,1.5,1.5,120268,18628,1,0.508256,1229,0.0989575,0.217321,0,0,0,0,0,0,0,0,0,0,0,0,76,23,24,23
kitti,000001,yaw,deg,1.5,-1.5,120268,18634,1,0.534858,1268,0.141846,0.217321,0,0,0,0,0,0,0,0,0,0,0,0,76,31,32,31
kitti,000001,yaw,deg,2,2,120268,18633,1,0.517117,1235,0.101356,0.217321,0,0,0,0,0,0,0,0,0,0,0,0,76,8,10,8
kitti,000001,yaw,deg,2,-2,120268,18627,1,0.509019,1253,0.123061,0.217321,0,0,0,0,0,0,0,0,0,0,0,0,76,14,14,14
kitti,000001,yaw,deg,3,3,120268,18635,1,0.526478,1221,0.11601,0.217321,0,0,0,0,0,0,0,0,0,0,0,0,76,0,6,0
kitti,000001,yaw,deg,3,-3,120268,18637,1,0.460715,1237,0.0718812,0.217321,0,0,0,0,0,0,0,0,0,0,0,0,76,0,0,0
kitti,000001,tx,cm,2,2,120268,18686,1,0.560168,1255,0.165307,0.217321,0,0,0,0,0,0,0,0,0,0,0,0,76,75,76,75
kitti,000001,tx,cm,2,-2,120268,18580,1,0.559341,1233,0.161028,0.217321,0,0,0,0,0,0,0,0,0,0,0,0,76,75,76,75
kitti,000001,tx,cm,5,5,120268,18827,1,0.550702,1287,0.156491,0.217321,0,0,0,0,0,0,0,0,0,0,0,0,76,75,76,75
kitti,000001,tx,cm,5,-5,120268,18491,1,0.561945,1210,0.163078,0.217321,0,0,0,0,0,0,0,0,0,0,0,0,76,75,76,75
kitti,000001,tx,cm,10,10,120268,19002,1,0.548467,1256,0.155208,0.217321,0,0,0,0,0,0,0,0,0,0,0,0,76,75,76,75
kitti,000001,tx,cm,10,-10,120268,18341,1,0.559465,1217,0.162265,0.217321,0,0,0,0,0,0,0,0,0,0,0,0,76,75,76,75
kitti,000001,tx,cm,20,20,120268,19377,1,0.544811,1314,0.147483,0.217321,0,0,0,0,0,0,0,0,0,0,0,0,76,75,76,75
kitti,000001,tx,cm,20,-20,120268,17977,1,0.550633,1115,0.153755,0.217321,0,0,0,0,0,0,0,0,0,0,0,0,76,75,76,75
kitti,000001,ty,cm,2,2,120268,18637,1,0.557662,1241,0.15923,0.217321,0,0,0,0,0,0,0,0,0,0,0,0,76,75,76,75
kitti,000001,ty,cm,2,-2,120268,18624,1,0.558487,1237,0.163314,0.217321,0,0,0,0,0,0,0,0,0,0,0,0,76,75,76,75
kitti,000001,ty,cm,5,5,120268,18650,1,0.55041,1256,0.15201,0.217321,0,0,0,0,0,0,0,0,0,0,0,0,76,74,75,74
kitti,000001,ty,cm,5,-5,120268,18613,1,0.557657,1239,0.164379,0.217321,0,0,0,0,0,0,0,0,0,0,0,0,76,75,76,75
kitti,000001,ty,cm,10,10,120268,18659,1,0.540806,1258,0.138827,0.217321,0,0,0,0,0,0,0,0,0,0,0,0,76,73,74,73
kitti,000001,ty,cm,10,-10,120268,18599,1,0.557193,1224,0.163088,0.217321,0,0,0,0,0,0,0,0,0,0,0,0,76,75,76,75
kitti,000001,ty,cm,20,20,120268,18691,1,0.507154,1278,0.102184,0.217321,0,0,0,0,0,0,0,0,0,0,0,0,76,70,71,70
kitti,000001,ty,cm,20,-20,120268,18566,1,0.541911,1210,0.153032,0.217321,0,0,0,0,0,0,0,0,0,0,0,0,76,75,76,75
kitti,000001,tz,cm,2,2,120268,18819,1,0.539451,1333,0.138147,0.217321,0,0,0,0,0,0,0,0,0,0,0,0,76,75,76,75
kitti,000001,tz,cm,2,-2,120268,18505,1,0.543441,1124,0.144359,0.217321,0,0,0,0,0,0,0,0,0,0,0,0,76,75,76,75
kitti,000001,tz,cm,5,5,120268,19085,1,0.513768,1464,0.118756,0.217321,0,0,0,0,0,0,0,0,0,0,0,0,76,75,76,75
kitti,000001,tz,cm,5,-5,120268,18256,1,0.520343,926,0.117919,0.217321,0,0,0,0,0,0,0,0,0,0,0,0,76,75,76,75
kitti,000001,tz,cm,10,10,120268,19489,1,0.470803,1655,0.0688834,0.217321,0,0,0,0,0,0,0,0,0,0,0,0,76,73,73,73
kitti,000001,tz,cm,10,-10,120268,17912,1,0.49481,767,0.0901902,0.217321,0,0,0,0,0,0,0,0,0,0,0,0,76,75,76,75
kitti,000001,tz,cm,20,20,120268,20369,1,0.450219,1972,0.0613522,0.217321,0,0,0,0,0,0,0,0,0,0,0,0,76,73,73,73
kitti,000001,tz,cm,20,-20,120268,17252,1,0.445697,484,0.0691251,0.217321,0,0,0,0,0,0,0,0,0,0,0,0,76,74,75,74
kitti,000004,baseline,,0,0,115976,19063,2,0.431947,1076,0.104214,0.281317,0,0,0,0,0,0,0,0,67,67,135,67,26,26,39,26
kitti,000004,roll,deg,0.25,0.25,115976,19064,2,0.412169,1065,0.080215,0.281317,0,0,0,0,0,0,0,0,67,67,119,67,26,26,36,26
kitti,000004,roll,deg,0.25,-0.25,115976,19061,2,0.451574,1118,0.123409,0.281317,0,0,0,0,0,0,0,0,67,67,134,67,26,26,39,26
kitti,000004,roll,deg,0.5,0.5,115976,19070,2,0.407857,1116,0.0747847,0.281317,0,0,0,0,0,0,0,0,67,67,134,67,26,26,35,26
kitti,000004,roll,deg,0.5,-0.5,115976,19057,2,0.452281,1097,0.120268,0.281317,0,0,0,0,0,0,0,0,67,67,124,67,26,26,38,26
kitti,000004,roll,deg,1,1,115976,19056,2,0.371574,1041,0.0443886,0.281317,0,0,0,0,0,0,0,0,67,67,135,67,26,26,47,26
kitti,000004,roll,deg,1,-1,115976,19050,2,0.422183,1116,0.0894916,0.281317,0,0,0,0,0,0,0,0,67,67,139,67,26,26,46,26
kitti,000004,roll,deg,1.5,1.5,115976,19050,2,0.343955,1094,0.0199408,0.281317,0,0,0,0,0,0,0,0,67,67,153,67,26,25,50,25
kitti,000004,roll,deg,1.5,-1.5,115976,19095,2,0.400476,1117,0.0661982,0.281317,0,0,0,0,0,0,0,0,67,51,134,51,26,26,46,26
kitti,000004,roll,deg,2,2,115976,19041,2,0.336418,1076,0.00901023,0.281317,0,0,0,0,0,0,0,0,67,63,172,63,26,25,58,25
kitti,000004,roll,deg,2,-2,115976,19100,2,0.401466,1145,0.0604729,0.281317,0,0,0,0,0,0,0,0,67,46,140,46,26,13,45,13
kitti,000004,roll,deg,3,3,115976,19076,2,0.353977,1129,-0.00567454,0.281317,0,0,0,0,0,0,0,0,67,43,174,43,26,13,63,13
kitti,000004,roll,deg,3,-3,115976,19090,2,0.383263,1139,0.0493692,0.281317,0,0,0,0,0,0,0,0,67,23,135,23,26,1,36,1
kitti,000004,pitch,deg,0.25,0.25,115976,18870,2,0.443516,1100,0.108636,0.281317,0,0,0,0,0,0,0,0,67,67,114,67,26,26,39,26
kitti,000004,pitch,deg,0.25,-0.25,115976,19324,2,0.399201,1057,0.0661018,0.281317,0,0,0,0,0,0,0,0,67,67,134,67,26,26,47,26
kitti,000004,pitch,deg,0.5,0.5,115976,18606,2,0.441415,1075,0.093614,0.281317,0,0,0,0,0,0,0,0,67,67,136,67,26,26,46,26
kitti,000004,pitch,deg,0.5,-0.5,115976,19583,2,0.370769,1113,0.0334007,0.281317,0,0,0,0,0,0,0,0,67,67,147,67,26,25,59,25
kitti,000004,pitch,deg,1,1,115976,18158,2,0.430246,1034,0.0701818,0.281317,0,0,0,0,0,0,0,0,67,24,117,24,26,1,35,1
kitti,000004,pitch,deg,1,-1,115976,19997,2,0.325572,1107,-0.0172194,0.281317,0,0,0,0,0,0,0,0,67,63,168,63,26,13,63,13
kitti,000004,pitch,deg,1.5,1.5,115976,17700,2,0.41477,1056,0.0762455,0.281317,0,0,0,0,0,0,0,0,67,4,141,4,26,0,36,0
kitti,000004,pitch,deg,1.5,-1.5,115976,20446,2,0.360657,1098,0.0123675,0.281317,0,0,0,0,0,0,0,0,67,21,174,21,26,0,84,0
kitti,000004,pitch,deg,2,2,115976,17240,2,0.382613,1017,0.044737,0.281317,0,0,0,0,0,0,0,0,67,0,145,0,26,0,19,0
kitti,000004,pitch,deg,2,-2,115976,20895,2,0.359728,1138,0.0160302,0.281317,0,0,0,0,0,0,0,0,67,0,186,0,26,0,90,0
kitti,000004,pitch,deg,3,3,115976,16290,2,0.322681,1020,-0.0157838,0.281317,0,0,0,0,0,0,0,0,67,0,143,0,26,0,0,0
kitti,000004,pitch,deg,3,-3,115976,21793,2,0.254466,1153,-0.0564241,0.281317,0,0,0,0,0,0,0,0,67,0,189,0,26,0,89,0
kitti,000004,yaw,deg,0.25,0.25,115976,19060,2,0.430684,1097,0.104673,0.281317,0,0,0,0,0,0,0,0,67,67,130,67,26,25,37,25
kitti,000004,yaw,deg,0.25,-0.25,115976,19071,2,0.427192,1040,0.100495,0.281317,0,0,0,0,0,0,0,0,67,67,141,67,26,25,42,25
kitti,000004,yaw,deg,0.5,0.5,115976,19053,2,0.413465,1122,0.0850693,0.281317,0,0,0,0,0,0,0,0,67,65,130,65,26,22,35,22
kitti,000004,yaw,deg,0.5,-0.5,115976,19076,2,0.430077,1053,0.101906,0.281317,0,0,0,0,0,0,0,0,67,62,143,62,26,23,44,23
kitti,000004,yaw,deg,1,1,115976,19032,2,0.384635,1105,0.0396798,0.281317,0,0,0,0,0,0,0,0,67,57,127,57,26,17,29,17
kitti,000004,yaw,deg,1,-1,115976,19080,2,0.426513,1074,0.0942675,0.281317,0,0,0,0,0,0,0,0,67,53,150,53,26,17,50,17
kitti,000004,yaw,deg,1.5,1.5,115976,19003,2,0.370222,1076,0.0137382,0.281317,0,0,0,0,0,0,0,0,67,48,128,48,26,12,25,12
kitti,000004,yaw,deg,1.5,-1.5,115976,19069,2,0.413136,1045,0.0833848,0.281317,0,0,0,0,0,0,0,0,67,43,155,43,26,13,54,13
kitti,000004,yaw,deg,2,2,115976,18975,2,0.369863,1052,0.010632,0.281317,0,0,0,0,0,0,0,0,67,41,131,41,26,9,23,9
kitti,000004,yaw,deg,2,-2,115976,19067,2,0.389985,1036,0.0624743,0.281317,0,0,0,0,0,0,0,0,67,32,161,32,26,9,56,9
kitti,000004,yaw,deg,3,3,115976,18965,2,0.353946,1102,-0.00909007,0.281317,0,0,0,0,0,0,0,0,67,20,122,20,26,0,16,0
kitti,000004,yaw,deg,3,-3,115976,19049,2,0.397501,1037,0.0624877,0.281317,0,0,0,0,0,0,0,0,67,16,174,16,26,0,56,0
kitti,000004,tx,cm,2,2,115976,19117,2,0.430102,1069,0.10215,0.281317,0,0,0,0,0,0,0,0,67,67,136,67,26,26,39,26
kitti,000004,tx,cm,2,-2,115976,19018,2,0.434624,1077,0.106621,0.281317,0,0,0,0,0,0,0,0,67,67,135,67,26,26,39,26
kitti,000004,tx,cm,5,5,115976,19242,2,0.432284,1070,0.106238,0.281317,0,0,0,0,0,0,0,0,67,67,137,67,26,26,39,26
kitti,000004,tx,cm,5,-5,115976,18937,2,0.435191,1070,0.106083,0.281317,0,0,0,0,0,0,0,0,67,67,135,67,26,26,38,26
kitti,000004,tx,cm,10,10,115976,19414,2,0.441361,1091,0.115413,0.281317,0,0,0,0,0,0,0,0,67,67,136,67,26,26,38,26
kitti,000004,tx,cm,10,-10,115976,18804,2,0.43243,1089,0.106114,0.281317,0,0,0,0,0,0,0,0,67,67,135,67,26,26,38,26
kitti,000004,tx,cm,20,20,115976,19739,2,0.44919,1143,0.116343,0.281317,0,0,0,0,0,0,0,0,67,67,140,67,26,26,40,26
kitti,000004,tx,cm,20,-20,115976,18464,2,0.43011,1043,0.105903,0.281317,0,0,0,0,0,0,0,0,67,67,133,67,26,26,39,26
kitti,000004,ty,cm,2,2,115976,19073,2,0.436116,1081,0.106896,0.281317,0,0,0,0,0,0,0,0,67,67,135,67,26,26,38,26
kitti,000004,ty,cm,2,-2,115976,19065,2,0.436694,1073,0.10794,0.281317,0,0,0,0,0,0,0,0,67,67,137,67,26,26,38,26
kitti,000004,ty,cm,5,5,115976,19075,2,0.437328,1088,0.108408,0.281317,0,0,0,0,0,0,0,0,67,67,136,67,26,26,39,26
kitti,000004,ty,cm,5,-5,115976,19064,2,0.433415,1064,0.107068,0.281317,0,0,0,0,0,0,0,0,67,67,136,67,26,26,40,26
kitti,000004,ty,cm,10,10,115976,19069,2,0.434566,1094,0.10515,0.281317,0,0,0,0,0,0,0,0,67,67,133,67,26,26,39,26
kitti,000004,ty,cm,10,-10,115976,19063,2,0.436177,1051,0.110832,0.281317,0,0,0,0,0,0,0,0,67,67,137,67,26,26,40,26
kitti,000004,ty,cm,20,20,115976,19074,2,0.419735,1119,0.0899867,0.281317,0,0,0,0,0,0,0,0,67,67,131,67,26,26,38,26
kitti,000004,ty,cm,20,-20,115976,19054,2,0.417865,1039,0.0976903,0.281317,0,0,0,0,0,0,0,0,67,67,140,67,26,25,39,25
kitti,000004,tz,cm,2,2,115976,19247,2,0.423935,1164,0.0954789,0.281317,0,0,0,0,0,0,0,0,67,67,140,67,26,26,39,26
kitti,000004,tz,cm,2,-2,115976,18941,2,0.440629,1015,0.106791,0.281317,0,0,0,0,0,0,0,0,67,67,135,67,26,26,39,26
kitti,000004,tz,cm,5,5,115976,19497,2,0.420313,1300,0.096704,0.281317,0,0,0,0,0,0,0,0,67,67,143,67,26,26,39,26
kitti,000004,tz,cm,5,-5,115976,18677,2,0.434167,913,0.0994503,0.281317,0,0,0,0,0,0,0,0,67,67,135,67,26,26,39,26
kitti,000004,tz,cm,10,10,115976,19912,2,0.395119,1453,0.05921,0.281317,0,0,0,0,0,0,0,0,67,67,131,67,26,26,40,26
kitti,000004,tz,cm,10,-10,115976,18350,2,0.385926,733,0.0504874,0.281317,0,0,0,0,0,0,0,0,67,67,132,67,26,26,39,26
kitti,000004,tz,cm,20,20,115976,20786,2,0.37569,1827,0.0276548,0.281317,0,0,0,0,0,0,0,0,67,67,135,67,26,26,46,26
kitti,000004,tz,cm,20,-20,115976,17700,2,0.3986,487,0.0835984,0.281317,0,0,0,0,0,0,0,0,67,67,113,67,26,26,37,26
kitti,000007,baseline,,0,0,122798,19423,3,0.447116,1249,0.0647364,0.320405,0,0,0,0,169,169,205,169,44,44,96,44,0,0,0,0
kitti,000007,roll,deg,0.25,0.25,122798,19432,3,0.473965,1231,0.0861986,0.320405,0,0,0,0,169,169,205,169,44,44,97,44,0,0,0,0
kitti,000007,roll,deg,0.25,-0.25,122798,19421,3,0.439704,1256,0.0543367,0.320405,0,0,0,0,169,169,207,169,44,44,109,44,0,0,0,0
kitti,000007,roll,deg,0.5,0.5,122798,19430,3,0.460451,1246,0.0785809,0.320405,0,0,0,0,169,169,205,169,44,44,108,44,0,0,0,0
kitti,000007,roll,deg,0.5,-0.5,122798,19412,3,0.440193,1249,0.0534545,0.320405,0,0,0,0,169,169,208,169,44,44,105,44,0,0,0,0
kitti,000007,roll,deg,1,1,122798,19428,3,0.409012,1270,0.0223221,0.320405,0,0,0,0,169,169,206,169,44,43,96,43,0,0,0,0
kitti,000007,roll,deg,1,-1,122798,19392,3,0.421861,1221,0.0483807,0.320405,0,0,0,0,169,169,208,169,44,44,96,44,0,0,0,0
kitti,000007,roll,deg,1.5,1.5,122798,19419,3,0.406118,1275,0.0238191,0.320405,0,0,0,0,169,169,208,169,44,43,119,43,0,0,0,0
kitti,000007,roll,deg,1.5,-1.5,122798,19431,3,0.402794,1247,0.0354869,0.320405,0,0,0,0,169,169,209,169,44,41,97,41,0,0,0,0
kitti,000007,roll,deg,2,2,122798,19413,3,0.378274,1236,-0.0008744,0.320405,0,0,0,0,169,169,214,169,44,39,110,39,0,0,0,0
kitti,000007,roll,deg,2,-2,122798,19443,3,0.406455,1223,0.0450428,0.320405,0,0,0,0,169,169,207,169,44,41,103,41,0,0,0,0
kitti,000007,roll,deg,3,3,122798,19456,3,0.344562,1294,-0.0292166,0.320405,0,0,0,0,169,167,220,167,44,35,112,35,0,0,0,0
kitti,000007,roll,deg,3,-3,122798,19425,3,0.413392,1269,0.0599757,0.320405,0,0,0,0,169,169,201,169,44,30,96,30,0,0,0,0
kitti,000007,pitch,deg,0.25,0.25,122798,19229,3,0.452518,1245,0.0681266,0.320405,0,0,0,0,169,169,181,169,44,44,95,44,0,0,0,0
kitti,000007,pitch,deg,0.25,-0.25,122798,19691,3,0.455716,1227,0.0700603,0.320405,0,0,0,0,169,169,230,169,44,43,118,43,0,0,0,0
kitti,000007,pitch,deg,0.5,0.5,122798,18960,3,0.404445,1233,0.0226644,0.320405,0,0,0,0,169,169,178,169,44,31,89,31,0,0,0,0
kitti,000007,pitch,deg,0.5,-0.5,122798,19941,3,0.432603,1238,0.0607591,0.320405,0,0,0,0,169,153,239,153,44,43,121,43,0,0,0,0
kitti,000007,pitch,deg,1,1,122798,18515,3,0.367215,1172,-0.030595,0.320405,0,0,0,0,169,130,134,130,44,18,87,18,0,0,0,0
kitti,000007,pitch,deg,1,-1,122798,20355,3,0.400057,1271,0.0455625,0.320405,0,0,0,0,169,149,280,149,44,30,140,30,0,0,0,0
kitti,000007,pitch,deg,1.5,1.5,122798,18055,3,0.369075,1217,-0.0158516,0.320405,0,0,0,0,169,107,110,107,44,14,113,14,0,0,0,0
kitti,000007,pitch,deg,1.5,-1.5,122798,20801,3,0.398828,1290,0.0497664,0.320405,0,0,0,0,169,127,286,127,44,11,161,11,0,0,0,0
kitti,000007,pitch,deg,2,2,122798,17586,3,0.390448,1133,-0.00235093,0.320405,0,0,0,0,169,64,64,64,44,6,120,6,0,0,0,0
kitti,000007,pitch,deg,2,-2,122798,21248,3,0.381969,1273,0.0458909,0.320405,0,0,0,0,169,105,311,105,44,7,176,7,0,0,0,0
kitti,000007,pitch,deg,3,3,122798,16634,3,0.429675,1123,0.0189912,0.320405,0,0,0,0,169,20,20,20,44,0,94,0,0,0,0,0
kitti,000007,pitch,deg,3,-3,122798,22142,3,0.295333,1328,-0.0576712,0.320405,0,0,0,0,169,39,317,39,44,0,180,0,0,0,0,0
kitti,000007,yaw,deg,0.25,0.25,122798,19431,3,0.440784,1255,0.0625976,0.320405,0,0,0,0,169,162,208,162,44,41,94,41,0,0,0,0
kitti,000007,yaw,deg,0.25,-0.25,122798,19387,3,0.438327,1204,0.0560531,0.320405,0,0,0,0,169,167,210,167,44,43,100,43,0,0,0,0
kitti,000007,yaw,deg,0.5,0.5,122798,19433,3,0.425617,1250,0.0481715,0.320405,0,0,0,0,169,150,203,150,44,38,91,38,0,0,0,0
kitti,000007,yaw,deg,0.5,-0.5,122798,19351,3,0.430866,1188,0.0480535,0.320405,0,0,0,0,169,159,209,159,44,38,107,38,0,0,0,0
kitti,000007,yaw,deg,1,1,122798,19388,3,0.430371,1271,0.0478261,0.320405,0,0,0,0,169,131,203,131,44,22,99,22,0,0,0,0
kitti,000007,yaw,deg,1,-1,122798,19363,3,0.417384,1152,0.0361867,0.320405,0,0,0,0,169,137,208,137,44,19,116,19,0,0,0,0
kitti,000007,yaw,deg,1.5,1.5,122798,19326,3,0.427013,1254,0.0472439,0.320405,0,0,0,0,169,104,194,104,44,5,102,5,0,0,0,0
kitti,000007,yaw,deg,1.5,-1.5,122798,19438,3,0.408542,1171,0.0274097,0.320405,0,0,0,0,169,110,197,110,44,9,114,9,0,0,0,0
kitti,000007,yaw,deg,2,2,122798,19236,3,0.407691,1259,0.0256006,0.320405,0,0,0,0,169,85,191,85,44,1,104,1,0,0,0,0
kitti,000007,yaw,deg,2,-2,122798,19508,3,0.42379,1138,0.0374511,0.320405,0,0,0,0,169,90,196,90,44,4,124,4,0,0,0,0
kitti,000007,yaw,deg,3,3,122798,19268,3,0.399036,1369,0.0126107,0.320405,0,0,0,0,169,37,196,37,44,0,108,0,0,0,0,0
kitti,000007,yaw,deg,3,-3,122798,19515,3,0.425512,1141,0.0354953,0.320405,0,0,0,0,169,43,179,43,44,0,139,0,0,0,0,0
kitti,000007,tx,cm,2,2,122798,19488,3,0.445286,1244,0.0664743,0.320405,0,0,0,0,169,169,205,169,44,44,96,44,0,0,0,0
kitti,000007,tx,cm,2,-2,122798,19349,3,0.452479,1245,0.0711841,0.320405,0,0,0,0,169,169,205,169,44,44,97,44,0,0,0,0
kitti,000007,tx,cm,5,5,122798,19616,3,0.440891,1224,0.0618322,0.320405,0,0,0,0,169,169,205,169,44,44,97,44,0,0,0,0
kitti,000007,tx,cm,5,-5,122798,19244,3,0.449862,1227,0.068743,0.320405,0,0,0,0,169,169,205,169,44,44,96,44,0,0,0,0
kitti,000007,tx,cm,10,10,122798,19789,3,0.44926,1239,0.0682664,0.320405,0,0,0,0,169,169,208,169,44,44,96,44,0,0,0,0
kitti,000007,tx,cm,10,-10,122798,19061,3,0.452811,1185,0.0754921,0.320405,0,0,0,0,169,169,205,169,44,44,97,44,0,0,0,0
kitti,000007,tx,cm,20,20,122798,20131,3,0.462141,1254,0.0735978,0.320405,0,0,0,0,169,169,208,169,44,44,97,44,0,0,0,0
kitti,000007,tx,cm,20,-20,122798,18701,3,0.444987,1162,0.0735021,0.320405,0,0,0,0,169,169,205,169,44,44,95,44,0,0,0,0
kitti,000007,ty,cm,2,2,122798,19436,3,0.446697,1245,0.0642531,0.320405,0,0,0,0,169,169,205,169,44,44,96,44,0,0,0,0
kitti,000007,ty,cm,2,-2,122798,19402,3,0.451485,1235,0.0700274,0.320405,0,0,0,0,169,169,208,169,44,44,97,44,0,0,0,0
kitti,000007,ty,cm,5,5,122798,19445,3,0.44675,1230,0.0673845,0.320405,0,0,0,0,169,167,207,167,44,43,97,43,0,0,0,0
kitti,000007,ty,cm,5,-5,122798,19365,3,0.443274,1238,0.0620998,0.320405,0,0,0,0,169,169,207,169,44,44,96,44,0,0,0,0
kitti,000007,ty,cm,10,10,122798,19449,3,0.4384,1216,0.0622084,0.320405,0,0,0,0,169,162,205,162,44,43,92,43,0,0,0,0
kitti,000007,ty,cm,10,-10,122798,19314,3,0.440735,1226,0.0613583,0.320405,0,0,0,0,169,168,208,168,44,44,100,44,0,0,0,0
kitti,000007,ty,cm,20,20,122798,19437,3,0.434555,1196,0.0579601,0.320405,0,0,0,0,169,153,201,153,44,41,94,41,0,0,0,0
kitti,000007,ty,cm,20,-20,122798,19314,3,0.430056,1256,0.0568846,0.320405,0,0,0,0,169,159,205,159,44,43,99,43,0,0,0,0
kitti,000007,tz,cm,2,2,122798,19604,3,0.472723,1290,0.0804973,0.320405,0,0,0,0,169,169,205,169,44,44,96,44,0,0,0,0
kitti,000007,tz,cm,2,-2,122798,19300,3,0.447441,1153,0.0627835,0.320405,0,0,0,0,169,169,205,169,44,44,107,44,0,0,0,0
kitti,000007,tz,cm,5,5,122798,19842,3,0.465598,1437,0.074449,0.320405,0,0,0,0,169,169,230,169,44,44,96,44,0,0,0,0
kitti,000007,tz,cm,5,-5,122798,19028,3,0.427431,1067,0.0480491,0.320405,0,0,0,0,169,169,205,169,44,44,108,44,0,0,0,0
kitti,000007,tz,cm,10,10,122798,20270,3,0.489024,1623,0.0914789,0.320405,0,0,0,0,169,169,230,169,44,44,107,44,0,0,0,0
kitti,000007,tz,cm,10,-10,122798,18709,3,0.4176,897,0.0352171,0.320405,0,0,0,0,169,169,181,169,44,44,101,44,0,0,0,0
kitti,000007,tz,cm,20,20,122798,21138,3,0.5132,1939,0.115832,0.320405,0,0,0,0,169,153,239,153,44,43,119,43,0,0,0,0
kitti,000007,tz,cm,20,-20,122798,18056,3,0.358429,636,-0.0126323,0.320405,0,0,0,0,169,169,181,169,44,44,95,44,0,0,0,0
kitti,000008,baseline,,0,0,122555,17238,4,0.556749,1697,0.0965297,0.364956,2223,2223,4888,2223,200,200,344,200,41,41,91,41,0,0,0,0
kitti,000008,roll,deg,0.25,0.25,122555,17249,4,0.556554,1692,0.0983992,0.364956,2223,2223,4902,2223,200,200,337,200,41,41,109,41,0,0,0,0
kitti,000008,roll,deg,0.25,-0.25,122555,17232,4,0.552427,1704,0.0925965,0.364956,2223,2223,4877,2223,200,200,348,200,41,41,91,41,0,0,0,0
kitti,000008,roll,deg,0.5,0.5,122555,17238,4,0.548923,1687,0.0894662,0.364956,2223,2223,4915,2223,200,200,338,200,41,41,115,41,0,0,0,0
kitti,000008,roll,deg,0.5,-0.5,122555,17226,4,0.54366,1693,0.0865725,0.364956,2223,2223,4904,2223,200,200,337,200,41,41,114,41,0,0,0,0
kitti,000008,roll,deg,1,1,122555,17235,4,0.541101,1716,0.0786393,0.364956,2223,2213,4864,2213,200,200,334,200,41,41,102,41,0,0,0,0
kitti,000008,roll,deg,1,-1,122555,17211,4,0.51822,1705,0.0656705,0.364956,2223,2223,4889,2223,200,191,347,191,41,40,111,40,0,0,0,0
kitti,000008,roll,deg,1.5,1.5,122555,17228,4,0.537119,1728,0.0709079,0.364956,2223,2197,4824,2197,200,200,338,200,41,41,106,41,0,0,0,0
kitti,000008,roll,deg,1.5,-1.5,122555,17249,4,0.496727,1697,0.042775,0.364956,2223,2223,4888,2223,200,191,333,191,41,40,106,40,0,0,0,0
kitti,000008,roll,deg,2,2,122555,17214,4,0.520036,1727,0.054857,0.364956,2223,2193,4838,2193,200,180,332,180,41,41,115,41,0,0,0,0
kitti,000008,roll,deg,2,-2,122555,17258,4,0.474176,1689,0.0244334,0.364956,2223,2223,4905,2223,200,184,351,184,41,40,117,40,0,0,0,0
kitti,000008,roll,deg,3,3,122555,17268,4,0.529174,1723,0.0605038,0.364956,2223,2177,4782,2177,200,156,322,156,41,36,108,36,0,0,0,0
kitti,000008,roll,deg,3,-3,122555,17242,4,0.458554,1690,0.00699377,0.364956,2223,2223,4931,2223,200,175,359,175,41,40,131,40,0,0,0,0
kitti,000008,pitch,deg,0.25,0.25,122555,17055,4,0.540144,1694,0.0888952,0.364956,2223,2223,4872,2223,200,200,335,200,41,41,92,41,0,0,0,0
kitti,000008,pitch,deg,0.25,-0.25,122555,17479,4,0.549992,1705,0.080989,0.364956,2223,2190,4802,2190,200,200,340,200,41,40,110,40,0,0,0,0
kitti,000008,pitch,deg,0.5,0.5,122555,16816,4,0.517102,1685,0.0707201,0.364956,2223,2223,4893,2223,200,200,327,200,41,41,113,41,0,0,0,0
kitti,000008,pitch,deg,0.5,-0.5,122555,17731,4,0.533989,1710,0.0621874,0.364956,2223,2145,4761,2145,200,191,344,191,41,40,130,40,0,0,0,0
kitti,000008,pitch,deg,1,1,122555,16394,4,0.476455,1680,0.0352719,0.364956,2223,2223,4978,2223,200,176,330,176,41,24,115,24,0,0,0,0
kitti,000008,pitch,deg,1,-1,122555,18091,4,0.517067,1742,0.0411654,0.364956,2223,2021,4627,2021,200,184,361,184,41,40,149,40,0,0,0,0
kitti,000008,pitch,deg,1.5,1.5,122555,15960,4,0.444189,1674,0.012663,0.364956,2223,2175,5052,2175,200,127,304,127,41,13,143,13,0,0,0,0
kitti,000008,pitch,deg,1.5,-1.5,122555,18513,4,0.484811,1731,0.00180092,0.364956,2223,1976,4591,1976,200,163,373,163,41,39,187,39,0,0,0,0
kitti,000008,pitch,deg,2,2,122555,15521,4,0.424948,1662,0.00725982,0.364956,2223,2111,5096,2111,200,104,297,104,41,2,125,2,0,0,0,0
kitti,000008,pitch,deg,2,-2,122555,18941,4,0.471151,1733,-0.0163457,0.364956,2223,1923,4598,1923,200,140,395,140,41,17,206,17,0,0,0,0
kitti,000008,pitch,deg,3,3,122555,14672,4,0.380741,1649,-0.0149661,0.364956,2223,1929,5046,1929,200,38,266,38,41,0,111,0,0,0,0,0
kitti,000008,pitch,deg,3,-3,122555,19795,4,0.504909,1762,-0.00558084,0.364956,2223,1723,4555,1723,200,73,387,73,41,0,230,0,0,0,0,0
kitti,000008,yaw,deg,0.25,0.25,122555,17266,4,0.558654,1702,0.0970765,0.364956,2223,2223,4889,2223,200,200,349,200,41,40,90,40,0,0,0,0
kitti,000008,yaw,deg,0.25,-0.25,122555,17219,4,0.547086,1694,0.0862991,0.364956,2223,2222,4885,2222,200,200,335,200,41,41,94,41,0,0,0,0
kitti,000008,yaw,deg,0.5,0.5,122555,17281,4,0.535626,1720,0.0740796,0.364956,2223,2223,4905,2223,200,198,360,198,41,37,89,37,0,0,0,0
kitti,000008,yaw,deg,0.5,-0.5,122555,17198,4,0.54016,1709,0.0809014,0.364956,2223,2214,4873,2214,200,192,328,192,41,41,102,41,0,0,0,0
kitti,000008,yaw,deg,1,1,122555,17316,4,0.497349,1710,0.0360086,0.364956,2223,2209,4895,2209,200,177,367,177,41,31,91,31,0,0,0,0
kitti,000008,yaw,deg,1,-1,122555,17161,4,0.529113,1692,0.0668545,0.364956,2223,2188,4854,2188,200,169,325,169,41,36,120,36,0,0,0,0
kitti,000008,yaw,deg,1.5,1.5,122555,17347,4,0.463929,1713,0.00723356,0.364956,2223,2178,4912,2178,200,158,376,158,41,24,97,24,0,0,0,0
kitti,000008,yaw,deg,1.5,-1.5,122555,17124,4,0.524215,1693,0.0533526,0.364956,2223,2135,4816,2135,200,142,326,142,41,30,138,30,0,0,0,0
kitti,000008,yaw,deg,2,2,122555,17384,4,0.445142,1697,-0.0184899,0.364956,2223,2132,4918,2132,200,126,375,126,41,14,101,14,0,0,0,0
kitti,000008,yaw,deg,2,-2,122555,17106,4,0.526067,1678,0.0467564,0.364956,2223,2057,4813,2057,200,112,325,112,41,24,157,24,0,0,0,0
kitti,000008,yaw,deg,3,3,122555,17436,4,0.433549,1691,-0.0288211,0.364956,2223,2019,4924,2019,200,73,369,73,41,3,124,3,0,0,0,0
kitti,000008,yaw,deg,3,-3,122555,17099,4,0.507081,1701,0.0167376,0.364956,2223,1909,4794,1909,200,59,324,59,41,6,192,6,0,0,0,0
kitti,000008,tx,cm,2,2,122555,17314,4,0.558461,1727,0.0985065,0.364956,2223,2223,4921,2223,200,200,348,200,41,41,92,41,0,0,0,0
kitti,000008,tx,cm,2,-2,122555,17164,4,0.555174,1687,0.093737,0.364956,2223,2223,4863,2223,200,200,342,200,41,41,91,41,0,0,0,0
kitti,000008,tx,cm,5,5,122555,17480,4,0.553133,1755,0.0945333,0.364956,2223,2223,4962,2223,200,200,348,200,41,41,92,41,0,0,0,0
kitti,000008,tx,cm,5,-5,122555,17049,4,0.554869,1671,0.0959085,0.364956,2223,2223,4823,2223,200,200,340,200,41,41,90,41,0,0,0,0
kitti,000008,tx,cm,10,10,122555,17702,4,0.54628,1803,0.0884199,0.364956,2223,2223,5001,2223,200,200,355,200,41,41,91,41,0,0,0,0
kitti,000008,tx,cm,10,-10,122555,16838,4,0.543973,1641,0.0862243,0.364956,2223,2223,4751,2223,200,200,337,200,41,41,89,41,0,0,0,0
kitti,000008,tx,cm,20,20,122555,18189,4,0.535022,1866,0.0786855,0.364956,2223,2223,5154,2223,200,200,356,200,41,41,91,41,0,0,0,0
kitti,000008,tx,cm,20,-20,122555,16383,4,0.530803,1606,0.0682399,0.364956,2223,2223,4654,2223,200,200,329,200,41,41,90,41,0,0,0,0
kitti,000008,ty,cm,2,2,122555,17234,4,0.553742,1701,0.0942667,0.364956,2223,2223,4880,2223,200,200,345,200,41,41,91,41,0,0,0,0
kitti,000008,ty,cm,2,-2,122555,17246,4,0.553258,1725,0.0933582,0.364956,2223,2223,4902,2223,200,200,342,200,41,41,89,41,0,0,0,0
kitti,000008,ty,cm,5,5,122555,17228,4,0.553276,1703,0.0929943,0.364956,2223,2223,4861,2223,200,200,346,200,41,41,89,41,0,0,0,0
kitti,000008,ty,cm,5,-5,122555,17250,4,0.546288,1725,0.0857834,0.364956,2223,2223,4918,2223,200,200,347,200,41,41,90,41,0,0,0,0
kitti,000008,ty,cm,10,10,122555,17205,4,0.528542,1705,0.0664873,0.364956,2223,2223,4850,2223,200,200,343,200,41,41,88,41,0,0,0,0
kitti,000008,ty,cm,10,-10,122555,17271,4,0.536416,1743,0.0791045,0.364956,2223,2218,4935,2218,200,200,341,200,41,41,90,41,0,0,0,0
kitti,000008,ty,cm,20,20,122555,17161,4,0.484831,1641,0.021597,0.364956,2223,2216,4820,2216,200,199,345,199,41,39,88,39,0,0,0,0
kitti,000008,ty,cm,20,-20,122555,17309,4,0.516153,1796,0.0551314,0.364956,2223,2189,4941,2189,200,192,331,192,41,41,95,41,0,0,0,0
kitti,000008,tz,cm,2,2,122555,17432,4,0.5547,1751,0.0902399,0.364956,2223,2223,4904,2223,200,200,352,200,41,41,91,41,0,0,0,0
kitti,000008,tz,cm,2,-2,122555,17103,4,0.551834,1669,0.100265,0.364956,2223,2223,4848,2223,200,200,336,200,41,41,95,41,0,0,0,0
kitti,000008,tz,cm,5,5,122555,17709,4,0.534804,1887,0.0689152,0.364956,2223,2190,4901,2190,200,200,352,200,41,41,100,41,0,0,0,0
kitti,000008,tz,cm,5,-5,122555,16811,4,0.523274,1603,0.0745105,0.364956,2223,2223,4774,2223,200,200,330,200,41,41,105,41,0,0,0,0
kitti,000008,tz,cm,10,10,122555,18135,4,0.504402,2031,0.0441536,0.364956,2223,2117,4933,2117,200,200,364,200,41,40,113,40,0,0,0,0
kitti,000008,tz,cm,10,-10,122555,16412,4,0.51048,1384,0.0530512,0.364956,2223,2223,4720,2223,200,200,334,200,41,41,114,41,0,0,0,0
kitti,000008,tz,cm,20,20,122555,19030,4,0.484602,2204,0.0218531,0.364956,2223,2034,5053,2034,200,191,373,191,41,40,113,40,0,0,0,0
kitti,000008,tz,cm,20,-20,122555,15647,4,0.50765,963,0.0338969,0.364956,2223,2223,4610,2223,200,200,305,200,41,41,92,41,0,0,0,0
kitti,000009,baseline,,0,0,123928,19411,1,0.421453,781,0.0405478,0.235683,0,0,0,0,184,184,244,184,0,0,0,0,0,0,0,0
kitti,000009,roll,deg,0.25,0.25,123928,19415,1,0.438103,750,0.0688018,0.235683,0,0,0,0,184,184,243,184,0,0,0,0,0,0,0,0
kitti,000009,roll,deg,0.25,-0.25,123928,19415,1,0.401801,827,0.0102297,0.235683,0,0,0,0,184,184,245,184,0,0,0,0,0,0,0,0
kitti,000009,roll,deg,0.5,0.5,123928,19416,1,0.434975,801,0.0716137,0.235683,0,0,0,0,184,184,243,184,0,0,0,0,0,0,0,0
kitti,000009,roll,deg,0.5,-0.5,123928,19406,1,0.384571,796,-0.0174789,0.235683,0,0,0,0,184,184,251,184,0,0,0,0,0,0,0,0
kitti,000009,roll,deg,1,1,123928,19417,1,0.409412,750,0.0362145,0.235683,0,0,0,0,184,184,243,184,0,0,0,0,0,0,0,0
kitti,000009,roll,deg,1,-1,123928,19395,1,0.367655,822,-0.055388,0.235683,0,0,0,0,184,184,256,184,0,0,0,0,0,0,0,0
kitti,000009,roll,deg,1.5,1.5,123928,19406,1,0.367608,802,-0.00879604,0.235683,0,0,0,0,184,184,244,184,0,0,0,0,0,0,0,0
kitti,000009,roll,deg,1.5,-1.5,123928,19437,1,0.407134,811,0.00231206,0.235683,0,0,0,0,184,184,258,184,0,0,0,0,0,0,0,0
kitti,000009,roll,deg,2,2,123928,19397,1,0.358377,802,-0.0251518,0.235683,0,0,0,0,184,184,242,184,0,0,0,0,0,0,0,0
kitti,000009,roll,deg,2,-2,123928,19448,1,0.429714,812,0.034999,0.235683,0,0,0,0,184,184,259,184,0,0,0,0,0,0,0,0
kitti,000009,roll,deg,3,3,123928,19427,1,0.428301,830,0.0630418,0.235683,0,0,0,0,184,184,244,184,0,0,0,0,0,0,0,0
kitti,000009,roll,deg,3,-3,123928,19440,1,0.454186,833,0.0640056,0.235683,0,0,0,0,184,184,260,184,0,0,0,0,0,0,0,0
kitti,000009,pitch,deg,0.25,0.25,123928,19219,1,0.441861,750,0.0598881,0.235683,0,0,0,0,184,184,244,184,0,0,0,0,0,0,0,0
kitti,000009,pitch,deg,0.25,-0.25,123928,19676,1,0.380811,803,-0.012722,0.235683,0,0,0,0,184,184,270,184,0,0,0,0,0,0,0,0
kitti,000009,pitch,deg,0.5,0.5,123928,18954,1,0.427107,797,0.0375982,0.235683,0,0,0,0,184,184,217,184,0,0,0,0,0,0,0,0
kitti,000009,pitch,deg,0.5,-0.5,123928,19942,1,0.386535,836,-0.0169557,0.235683,0,0,0,0,184,167,279,167,0,0,0,0,0,0,0,0
kitti,000009,pitch,deg,1,1,123928,18513,1,0.384695,780,0.00150782,0.235683,0,0,0,0,184,165,182,165,0,0,0,0,0,0,0,0
kitti,000009,pitch,deg,1,-1,123928,20346,1,0.424188,808,0.0294034,0.235683,0,0,0,0,184,163,325,163,0,0,0,0,0,0,0,0
kitti,000009,pitch,deg,1.5,1.5,123928,18046,1,0.428374,737,0.0753731,0.235683,0,0,0,0,184,121,133,121,0,0,0,0,0,0,0,0
kitti,000009,pitch,deg,1.5,-1.5,123928,20804,1,0.41868,818,0.0289949,0.235683,0,0,0,0,184,132,318,132,0,0,0,0,0,0,0,0
kitti,000009,pitch,deg,2,2,123928,17582,1,0.433491,773,0.0715641,0.235683,0,0,0,0,184,92,101,92,0,0,0,0,0,0,0,0
kitti,000009,pitch,deg,2,-2,123928,21251,1,0.414243,862,0.026458,0.235683,0,0,0,0,184,109,349,109,0,0,0,0,0,0,0,0
kitti,000009,pitch,deg,3,3,123928,16636,1,0.342362,727,-0.00830963,0.235683,0,0,0,0,184,27,31,27,0,0,0,0,0,0,0,0
kitti,000009,pitch,deg,3,-3,123928,22144,1,0.374443,863,0.0239154,0.235683,0,0,0,0,184,38,347,38,0,0,0,0,0,0,0,0
kitti,000009,yaw,deg,0.25,0.25,123928,19415,1,0.447071,780,0.0698629,0.235683,0,0,0,0,184,182,247,182,0,0,0,0,0,0,0,0
kitti,000009,yaw,deg,0.25,-0.25,123928,19419,1,0.398376,769,0.0139422,0.235683,0,0,0,0,184,181,243,181,0,0,0,0,0,0,0,0
kitti,000009,yaw,deg,0.5,0.5,123928,19412,1,0.457015,809,0.0791161,0.235683,0,0,0,0,184,169,240,169,0,0,0,0,0,0,0,0
kitti,000009,yaw,deg,0.5,-0.5,123928,19427,1,0.3784,771,-0.0148401,0.235683,0,0,0,0,184,173,242,173,0,0,0,0,0,0,0,0
kitti,000009,yaw,deg,1,1,123928,19395,1,0.468644,811,0.100548,0.235683,0,0,0,0,184,149,233,149,0,0,0,0,0,0,0,0
kitti,000009,yaw,deg,1,-1,123928,19429,1,0.360072,754,-0.0484196,0.235683,0,0,0,0,184,148,237,148,0,0,0,0,0,0,0,0
kitti,000009,yaw,deg,1.5,1.5,123928,19393,1,0.457088,840,0.0980981,0.235683,0,0,0,0,184,121,223,121,0,0,0,0,0,0,0,0
kitti,000009,yaw,deg,1.5,-1.5,123928,19441,1,0.366074,758,-0.0547058,0.235683,0,0,0,0,184,127,235,127,0,0,0,0,0,0,0,0
kitti,000009,yaw,deg,2,2,123928,19381,1,0.408776,847,0.050347,0.235683,0,0,0,0,184,97,219,97,0,0,0,0,0,0,0,0
kitti,000009,yaw,deg,2,-2,123928,19440,1,0.379664,749,-0.0437898,0.235683,0,0,0,0,184,106,230,106,0,0,0,0,0,0,0,0
kitti,000009,yaw,deg,3,3,123928,19381,1,0.387908,870,0.0146929,0.235683,0,0,0,0,184,55,221,55,0,0,0,0,0,0,0,0
kitti,000009,yaw,deg,3,-3,123928,19443,1,0.395264,748,-0.00994465,0.235683,0,0,0,0,184,63,221,63,0,0,0,0,0,0,0,0
kitti,000009,tx,cm,2,2,123928,19464,1,0.421905,799,0.0416721,0.235683,0,0,0,0,184,184,244,184,0,0,0,0,0,0,0,0
kitti,000009,tx,cm,2,-2,123928,19366,1,0.422249,769,0.0427631,0.235683,0,0,0,0,184,184,244,184,0,0,0,0,0,0,0,0
kitti,000009,tx,cm,5,5,123928,19597,1,0.430842,813,0.0480712,0.235683,0,0,0,0,184,184,245,184,0,0,0,0,0,0,0,0
kitti,000009,tx,cm,5,-5,123928,19283,1,0.423869,767,0.0433231,0.235683,0,0,0,0,184,184,244,184,0,0,0,0,0,0,0,0
kitti,000009,tx,cm,10,10,123928,19763,1,0.428153,821,0.0482996,0.235683,0,0,0,0,184,184,249,184,0,0,0,0,0,0,0,0
kitti,000009,tx,cm,10,-10,123928,19143,1,0.42049,752,0.0376846,0.235683,0,0,0,0,184,184,244,184,0,0,0,0,0,0,0,0
kitti,000009,tx,cm,20,20,123928,20120,1,0.44194,888,0.0699201,0.235683,0,0,0,0,184,184,264,184,0,0,0,0,0,0,0,0
kitti,000009,tx,cm,20,-20,123928,18803,1,0.418643,734,0.0353679,0.235683,0,0,0,0,184,184,244,184,0,0,0,0,0,0,0,0
kitti,000009,ty,cm,2,2,123928,19413,1,0.423401,790,0.0457045,0.235683,0,0,0,0,184,184,242,184,0,0,0,0,0,0,0,0
kitti,000009,ty,cm,2,-2,123928,19411,1,0.418388,783,0.0385219,0.235683,0,0,0,0,184,184,244,184,0,0,0,0,0,0,0,0
kitti,000009,ty,cm,5,5,123928,19410,1,0.428403,766,0.0540628,0.235683,0,0,0,0,184,184,242,184,0,0,0,0,0,0,0,0
kitti,000009,ty,cm,5,-5,123928,19417,1,0.414387,784,0.0324908,0.235683,0,0,0,0,184,183,242,183,0,0,0,0,0,0,0,0
kitti,000009,ty,cm,10,10,123928,19402,1,0.441829,761,0.0693643,0.235683,0,0,0,0,184,182,242,182,0,0,0,0,0,0,0,0
kitti,000009,ty,cm,10,-10,123928,19423,1,0.402682,811,0.0137223,0.235683,0,0,0,0,184,181,241,181,0,0,0,0,0,0,0,0
kitti,000009,ty,cm,20,20,123928,19393,1,0.450931,755,0.0858253,0.235683,0,0,0,0,184,169,233,169,0,0,0,0,0,0,0,0
kitti,000009,ty,cm,20,-20,123928,19436,1,0.385688,814,-0.0103231,0.235683,0,0,0,0,184,173,236,173,0,0,0,0,0,0,0,0
kitti,000009,tz,cm,2,2,123928,19605,1,0.42472,877,0.0353566,0.235683,0,0,0,0,184,184,270,184,0,0,0,0,0,0,0,0
kitti,000009,tz,cm,2,-2,123928,19291,1,0.426334,724,0.0535358,0.235683,0,0,0,0,184,184,244,184,0,0,0,0,0,0,0,0
kitti,000009,tz,cm,5,5,123928,19850,1,0.403144,967,0.00174013,0.235683,0,0,0,0,184,184,270,184,0,0,0,0,0,0,0,0
kitti,000009,tz,cm,5,-5,123928,19029,1,0.416412,639,0.0579906,0.235683,0,0,0,0,184,184,244,184,0,0,0,0,0,0,0,0
kitti,000009,tz,cm,10,10,123928,20263,1,0.389437,1076,-0.0278563,0.235683,0,0,0,0,184,184,270,184,0,0,0,0,0,0,0,0
kitti,000009,tz,cm,10,-10,123928,18699,1,0.401273,557,0.0441757,0.235683,0,0,0,0,184,184,244,184,0,0,0,0,0,0,0,0
kitti,000009,tz,cm,20,20,123928,21143,1,0.422371,1311,0.0132508,0.235683,0,0,0,0,184,167,280,167,0,0,0,0,0,0,0,0
kitti,000009,tz,cm,20,-20,123928,18054,1,0.377338,349,0.0355667,0.235683,0,0,0,0,184,184,217,184,0,0,0,0,0,0,0,0
kitti,000010,baseline,,0,0,115875,16464,8,0.469125,1010,0.141332,0.247505,993,993,1795,993,669,669,1519,669,17,17,42,17,0,0,0,0
kitti,000010,roll,deg,0.25,0.25,115875,16464,8,0.457381,952,0.124029,0.247505,993,993,1803,993,669,669,1497,669,17,17,42,17,0,0,0,0
kitti,000010,roll,deg,0.25,-0.25,115875,16452,8,0.421661,1008,0.105419,0.247505,993,993,1784,993,669,669,1539,669,17,17,42,17,0,0,0,0
kitti,000010,roll,deg,0.5,0.5,115875,16469,8,0.457398,1014,0.123172,0.247505,993,993,1809,993,669,669,1499,669,17,17,42,17,0,0,0,0
kitti,000010,roll,deg,0.5,-0.5,115875,16439,8,0.417524,976,0.109104,0.247505,993,993,1768,993,669,669,1511,669,17,17,42,17,0,0,0,0
kitti,000010,roll,deg,1,1,115875,16469,8,0.471368,999,0.127768,0.247505,993,993,1832,993,669,669,1465,669,17,17,31,17,0,0,0,0
kitti,000010,roll,deg,1,-1,115875,16425,8,0.353662,993,0.062387,0.247505,993,993,1744,993,669,664,1547,664,17,17,42,17,0,0,0,0
kitti,000010,roll,deg,1.5,1.5,115875,16467,8,0.455238,1005,0.109272,0.247505,993,993,1841,993,669,669,1470,669,17,17,23,17,0,0,0,0
kitti,000010,roll,deg,1.5,-1.5,115875,16467,8,0.308515,1017,0.0359718,0.247505,993,993,1737,993,669,651,1548,651,17,17,43,17,0,0,0,0
kitti,000010,roll,deg,2,2,115875,16470,8,0.426369,1003,0.0910219,0.247505,993,982,1825,982,669,658,1439,658,17,17,23,17,0,0,0,0
kitti,000010,roll,deg,2,-2,115875,16484,8,0.274832,1016,0.00605455,0.247505,993,993,1731,993,669,636,1531,636,17,17,52,17,0,0,0,0
kitti,000010,roll,deg,3,3,115875,16504,8,0.377212,1024,0.0601762,0.247505,993,981,1878,981,669,633,1395,633,17,17,25,17,0,0,0,0
kitti,000010,roll,deg,3,-3,115875,16477,8,0.253084,1034,-0.0268604,0.247505,993,993,1713,993,669,607,1550,607,17,17,63,17,0,0,0,0
kitti,000010,pitch,deg,0.25,0.25,115875,16276,8,0.379847,1000,0.0748515,0.247505,993,993,1747,993,669,669,1467,669,17,17,22,17,0,0,0,0
kitti,000010,pitch,deg,0.25,-0.25,115875,16711,8,0.470132,1005,0.132716,0.247505,993,993,1816,993,669,654,1553,654,17,17,63,17,0,0,0,0
kitti,000010,pitch,deg,0.5,0.5,115875,16017,8,0.317406,973,0.0301642,0.247505,993,993,1725,993,669,665,1362,665,17,13,17,13,0,0,0,0
kitti,000010,pitch,deg,0.5,-0.5,115875,16954,8,0.482375,993,0.130981,0.247505,993,981,1854,981,669,626,1573,626,17,15,80,15,0,0,0,0
kitti,000010,pitch,deg,1,1,115875,15594,8,0.282022,970,0.00672591,0.247505,993,991,1693,991,669,589,1252,589,17,7,10,7,0,0,0,0
kitti,000010,pitch,deg,1,-1,115875,17354,8,0.408215,999,0.0709416,0.247505,993,929,1833,929,669,571,1728,571,17,15,99,15,0,0,0,0
kitti,000010,pitch,deg,1.5,1.5,115875,15159,8,0.257081,985,-0.0168923,0.247505,993,935,1600,935,669,479,1116,479,17,2,5,2,0,0,0,0
kitti,000010,pitch,deg,1.5,-1.5,115875,17792,8,0.349959,1031,0.037395,0.247505,993,892,1811,892,669,511,1830,511,17,4,128,4,0,0,0,0
kitti,000010,pitch,deg,2,2,115875,14707,8,0.279688,947,-0.0272126,0.247505,993,845,1473,845,669,377,1034,377,17,0,2,0,0,0,0,0
kitti,000010,pitch,deg,2,-2,115875,18233,8,0.303592,1008,0.0293809,0.247505,993,876,1785,876,669,391,1909,391,17,0,162,0,0,0,0,0
kitti,000010,pitch,deg,3,3,115875,13819,8,0.2546,944,-0.0562934,0.247505,993,650,1279,650,669,212,824,212,17,0,2,0,0,0,0,0
kitti,000010,pitch,deg,3,-3,115875,19122,8,0.252037,1047,-0.0339622,0.247505,993,786,1769,786,669,211,2084,211,17,0,162,0,0,0,0,0
kitti,000010,yaw,deg,0.25,0.25,115875,16436,8,0.465381,1010,0.137968,0.247505,993,993,1796,993,669,669,1518,669,17,17,47,17,0,0,0,0
kitti,000010,yaw,deg,0.25,-0.25,115875,16475,8,0.44938,1038,0.120833,0.247505,993,993,1792,993,669,666,1503,666,17,17,40,17,0,0,0,0
kitti,000010,yaw,deg,0.5,0.5,115875,16412,8,0.445989,999,0.117297,0.247505,993,993,1800,993,669,660,1514,660,17,17,50,17,0,0,0,0
kitti,000010,yaw,deg,0.5,-0.5,115875,16501,8,0.426676,1058,0.104227,0.247505,993,993,1789,993,669,640,1488,640,17,15,38,15,0,0,0,0
kitti,000010,yaw,deg,1,1,115875,16369,8,0.434921,993,0.104287,0.247505,993,993,1808,993,669,605,1549,605,17,14,59,14,0,0,0,0
kitti,000010,yaw,deg,1,-1,115875,16555,8,0.414301,1053,0.093729,0.247505,993,977,1789,977,669,581,1467,581,17,15,40,15,0,0,0,0
kitti,000010,yaw,deg,1.5,1.5,115875,16347,8,0.408524,984,0.088038,0.247505,993,984,1802,984,669,550,1575,550,17,10,71,10,0,0,0,0
kitti,000010,yaw,deg,1.5,-1.5,115875,16598,8,0.413498,1070,0.0942692,0.247505,993,946,1790,946,669,510,1452,510,17,11,42,11,0,0,0,0
kitti,000010,yaw,deg,2,2,115875,16299,8,0.400899,964,0.0821475,0.247505,993,964,1812,964,669,504,1637,504,17,6,78,6,0,0,0,0
kitti,000010,yaw,deg,2,-2,115875,16646,8,0.406417,1073,0.0779838,0.247505,993,905,1787,905,669,456,1445,456,17,6,45,6,0,0,0,0
kitti,000010,yaw,deg,3,3,115875,16271,8,0.405526,951,0.080683,0.247505,993,909,1809,909,669,372,1737,372,17,2,91,2,0,0,0,0
kitti,000010,yaw,deg,3,-3,115875,16717,8,0.387602,1092,0.0633056,0.247505,993,823,1799,823,669,338,1455,338,17,0,49,0,0,0,0,0
kitti,000010,tx,cm,2,2,115875,16501,8,0.460502,1018,0.132412,0.247505,993,993,1798,993,669,669,1523,669,17,17,42,17,0,0,0,0
kitti,000010,tx,cm,2,-2,115875,16411,8,0.464776,1028,0.139741,0.247505,993,993,1789,993,669,669,1515,669,17,17,42,17,0,0,0,0
kitti,000010,tx,cm,5,5,115875,16630,8,0.459938,1033,0.129233,0.247505,993,993,1805,993,669,669,1529,669,17,17,42,17,0,0,0,0
kitti,000010,tx,cm,5,-5,115875,16343,8,0.465291,1022,0.13986,0.247505,993,993,1783,993,669,669,1507,669,17,17,42,17,0,0,0,0
kitti,000010,tx,cm,10,10,115875,16780,8,0.452926,1017,0.123414,0.247505,993,993,1813,993,669,669,1535,669,17,17,42,17,0,0,0,0
kitti,000010,tx,cm,10,-10,115875,16215,8,0.463604,1019,0.136948,0.247505,993,993,1766,993,669,669,1488,669,17,17,42,17,0,0,0,0
kitti,000010,tx,cm,20,20,115875,17097,8,0.438895,1006,0.11129,0.247505,993,993,1837,993,669,669,1562,669,17,17,43,17,0,0,0,0
kitti,000010,tx,cm,20,-20,115875,15900,8,0.444243,1006,0.122569,0.247505,993,993,1737,993,669,669,1452,669,17,17,42,17,0,0,0,0
kitti,000010,ty,cm,2,2,115875,16457,8,0.467658,1023,0.140463,0.247505,993,993,1799,993,669,669,1516,669,17,17,43,17,0,0,0,0
kitti,000010,ty,cm,2,-2,115875,16461,8,0.461888,1018,0.133476,0.247505,993,993,1792,993,669,669,1516,669,17,17,42,17,0,0,0,0
kitti,000010,ty,cm,5,5,115875,16454,8,0.474849,1001,0.146234,0.247505,993,993,1793,993,669,669,1516,669,17,17,44,17,0,0,0,0
kitti,000010,ty,cm,5,-5,115875,16476,8,0.453966,1018,0.125082,0.247505,993,993,1794,993,669,669,1508,669,17,17,42,17,0,0,0,0
kitti,000010,ty,cm,10,10,115875,16436,8,0.461148,1003,0.132711,0.247505,993,993,1798,993,669,669,1522,669,17,17,43,17,0,0,0,0
kitti,000010,ty,cm,10,-10,115875,16484,8,0.441352,1026,0.111707,0.247505,993,993,1791,993,669,668,1509,668,17,17,42,17,0,0,0,0
kitti,000010,ty,cm,20,20,115875,16411,8,0.42921,1015,0.102892,0.247505,993,993,1800,993,669,662,1522,662,17,17,46,17,0,0,0,0
kitti,000010,ty,cm,20,-20,115875,16499,8,0.423526,1043,0.101149,0.247505,993,983,1785,983,669,650,1490,650,17,17,41,17,0,0,0,0
kitti,000010,tz,cm,2,2,115875,16646,8,0.453387,1015,0.128023,0.247505,993,993,1810,993,669,665,1542,665,17,17,42,17,0,0,0,0
kitti,000010,tz,cm,2,-2,115875,16342,8,0.43946,931,0.121802,0.247505,993,993,1770,993,669,669,1463,669,17,17,42,17,0,0,0,0
kitti,000010,tz,cm,5,5,115875,16875,8,0.475823,1125,0.147386,0.247505,993,993,1830,993,669,662,1542,662,17,17,42,17,0,0,0,0
kitti,000010,tz,cm,5,-5,115875,16083,8,0.441159,892,0.124034,0.247505,993,993,1743,993,669,669,1435,669,17,17,42,17,0,0,0,0
kitti,000010,tz,cm,10,10,115875,17279,8,0.461757,1203,0.134625,0.247505,993,981,1874,981,669,662,1619,662,17,17,42,17,0,0,0,0
kitti,000010,tz,cm,10,-10,115875,15768,8,0.414044,760,0.0987902,0.247505,993,993,1710,993,669,669,1392,669,17,17,22,17,0,0,0,0
kitti,000010,tz,cm,20,20,115875,18139,8,0.451391,1403,0.123833,0.247505,993,943,1971,943,669,616,1706,616,17,17,63,17,0,0,0,0
kitti,000010,tz,cm,20,-20,115875,15120,8,0.389654,454,0.0911371,0.247505,993,980,1660,980,669,662,1274,662,17,17,22,17,0,0,0,0
kitti,000011,baseline,,0,0,108004,19946,5,0.558801,843,0.119788,0.347561,167,167,1086,167,256,256,409,256,40,40,64,40,0,0,0,0
kitti,000011,roll,deg,0.25,0.25,108004,19949,5,0.553654,854,0.11502,0.347561,167,167,1064,167,256,256,406,256,40,40,57,40,0,0,0,0
kitti,000011,roll,deg,0.25,-0.25,108004,19941,5,0.543003,863,0.10521,0.347561,167,167,1081,167,256,256,402,256,40,40,65,40,0,0,0,0
kitti,000011,roll,deg,0.5,0.5,108004,19948,5,0.541795,857,0.107306,0.347561,167,167,1075,167,256,254,407,254,40,40,56,40,0,0,0,0
kitti,000011,roll,deg,0.5,-0.5,108004,19951,5,0.543696,867,0.0991832,0.347561,167,167,1094,167,256,256,391,256,40,39,64,39,0,0,0,0
kitti,000011,roll,deg,1,1,108004,19951,5,0.535694,865,0.102631,0.347561,167,166,1068,166,256,253,410,253,40,40,56,40,0,0,0,0
kitti,000011,roll,deg,1,-1,108004,19948,5,0.531761,871,0.0758826,0.347561,167,167,1095,167,256,256,388,256,40,39,64,39,0,0,0,0
kitti,000011,roll,deg,1.5,1.5,108004,19941,5,0.528316,860,0.097993,0.347561,167,166,1063,166,256,249,436,249,40,40,58,40,0,0,0,0
kitti,000011,roll,deg,1.5,-1.5,108004,19976,5,0.52128,874,0.0724493,0.347561,167,167,1084,167,256,255,381,255,40,39,65,39,0,0,0,0
kitti,000011,roll,deg,2,2,108004,19925,5,0.50745,858,0.0816302,0.347561,167,165,1046,165,256,236,418,236,40,40,58,40,0,0,0,0
kitti,000011,roll,deg,2,-2,108004,19984,5,0.521154,884,0.0652436,0.347561,167,164,1077,164,256,251,381,251,40,39,60,39,0,0,0,0
kitti,000011,roll,deg,3,3,108004,19969,5,0.490852,872,0.0749996,0.347561,167,159,1004,159,256,221,435,221,40,40,65,40,0,0,0,0
kitti,000011,roll,deg,3,-3,108004,19978,5,0.500865,887,0.04802,0.347561,167,158,1088,158,256,238,373,238,40,39,59,39,0,0,0,0
kitti,000011,pitch,deg,0.25,0.25,108004,19759,5,0.5266,877,0.103343,0.347561,167,167,1081,167,256,256,386,256,40,40,63,40,0,0,0,0
kitti,000011,pitch,deg,0.25,-0.25,108004,20212,5,0.557633,847,0.097222,0.347561,167,167,1106,167,256,254,430,254,40,39,57,39,0,0,0,0
kitti,000011,pitch,deg,0.5,0.5,108004,19497,5,0.507065,870,0.0990041,0.347561,167,167,1064,167,256,246,374,246,40,36,58,36,0,0,0,0
kitti,000011,pitch,deg,0.5,-0.5,108004,20468,5,0.576024,846,0.100329,0.347561,167,167,1093,167,256,237,416,237,40,37,63,37,0,0,0,0
kitti,000011,pitch,deg,1,1,108004,19060,5,0.477284,836,0.0869656,0.347561,167,167,1034,167,256,225,363,225,40,32,52,32,0,0,0,0
kitti,000011,pitch,deg,1,-1,108004,20876,5,0.562027,896,0.0730386,0.347561,167,164,1105,164,256,211,448,211,40,24,58,24,0,0,0,0
kitti,000011,pitch,deg,1.5,1.5,108004,18596,5,0.415421,854,0.0660251,0.347561,167,152,962,152,256,176,342,176,40,23,42,23,0,0,0,0
kitti,000011,pitch,deg,1.5,-1.5,108004,21322,5,0.589999,862,0.080318,0.347561,167,150,1113,150,256,189,482,189,40,17,65,17,0,0,0,0
kitti,000011,pitch,deg,2,2,108004,18145,5,0.378295,828,0.0606657,0.347561,167,134,897,134,256,135,323,135,40,15,34,15,0,0,0,0
kitti,000011,pitch,deg,2,-2,108004,21767,5,0.618112,872,0.0813898,0.347561,167,144,1096,144,256,179,511,179,40,8,60,8,0,0,0,0
kitti,000011,pitch,deg,3,3,108004,17230,5,0.296528,817,0.0293238,0.347561,167,116,770,116,256,85,276,85,40,0,9,0,0,0,0,0
kitti,000011,pitch,deg,3,-3,108004,22660,5,0.612845,878,0.0594134,0.347561,167,117,1053,117,256,80,527,80,40,0,76,0,0,0,0,0
kitti,000011,yaw,deg,0.25,0.25,108004,19952,5,0.577767,868,0.139032,0.347561,167,164,1082,164,256,252,412,252,40,31,64,31,0,0,0,0
kitti,000011,yaw,deg,0.25,-0.25,108004,19959,5,0.491048,852,0.0645261,0.347561,167,165,1068,165,256,246,409,246,40,36,64,36,0,0,0,0
kitti,000011,yaw,deg,0.5,0.5,108004,19946,5,0.541158,878,0.107166,0.347561,167,158,1088,158,256,233,413,233,40,21,60,21,0,0,0,0
kitti,000011,yaw,deg,0.5,-0.5,108004,19955,5,0.453635,864,0.0493959,0.347561,167,161,1054,161,256,228,413,228,40,27,58,27,0,0,0,0
kitti,000011,yaw,deg,1,1,108004,19952,5,0.477492,891,0.0709973,0.347561,167,138,1104,138,256,179,418,179,40,3,52,3,0,0,0,0
kitti,000011,yaw,deg,1,-1,108004,19933,5,0.417047,856,0.0238594,0.347561,167,152,1030,152,256,171,407,171,40,9,53,9,0,0,0,0
kitti,000011,yaw,deg,1.5,1.5,108004,19950,5,0.429647,883,0.0289284,0.347561,167,100,1125,100,256,137,423,137,40,0,58,0,0,0,0,0
kitti,000011,yaw,deg,1.5,-1.5,108004,19919,5,0.407382,853,-0.00102931,0.347561,167,120,1012,120,256,122,423,122,40,0,49,0,0,0,0,0
kitti,000011,yaw,deg,2,2,108004,19963,5,0.427917,893,0.0161059,0.347561,167,53,1141,53,256,110,436,110,40,0,55,0,0,0,0,0
kitti,000011,yaw,deg,2,-2,108004,19876,5,0.419405,844,-0.00916725,0.347561,167,78,1016,78,256,96,428,96,40,0,54,0,0,0,0,0
kitti,000011,yaw,deg,3,3,108004,19948,5,0.456687,905,0.019829,0.347561,167,8,1152,8,256,66,448,66,40,0,48,0,0,0,0,0
kitti,000011,yaw,deg,3,-3,108004,19832,5,0.416094,836,0.0168982,0.347561,167,10,1050,10,256,50,442,50,40,0,68,0,0,0,0,0
kitti,000011,tx,cm,2,2,108004,20002,5,0.56276,853,0.127064,0.347561,167,167,1088,167,256,256,411,256,40,40,64,40,0,0,0,0
kitti,000011,tx,cm,2,-2,108004,19889,5,0.545754,853,0.10804,0.347561,167,167,1080,167,256,256,410,256,40,40,64,40,0,0,0,0
kitti,000011,tx,cm,5,5,108004,20150,5,0.560683,847,0.123827,0.347561,167,167,1090,167,256,256,412,256,40,39,63,39,0,0,0,0
kitti,000011,tx,cm,5,-5,108004,19810,5,0.543762,851,0.104495,0.347561,167,167,1084,167,256,255,408,255,40,40,64,40,0,0,0,0
kitti,000011,tx,cm,10,10,108004,20331,5,0.539448,846,0.110772,0.347561,167,165,1085,165,256,255,415,255,40,39,63,39,0,0,0,0
kitti,000011,tx,cm,10,-10,108004,19659,5,0.522724,875,0.0829875,0.347561,167,166,1068,166,256,254,403,254,40,40,64,40,0,0,0,0
kitti,000011,tx,cm,20,20,108004,20708,5,0.502539,867,0.0769614,0.347561,167,163,1072,163,256,249,414,249,40,38,62,38,0,0,0,0
kitti,000011,tx,cm,20,-20,108004,19305,5,0.482965,888,0.0581718,0.347561,167,164,1039,164,256,253,397,253,40,39,60,39,0,0,0,0
kitti,000011,ty,cm,2,2,108004,19950,5,0.578983,832,0.13567,0.347561,167,167,1085,167,256,255,411,255,40,38,62,38,0,0,0,0
kitti,000011,ty,cm,2,-2,108004,19949,5,0.530793,880,0.0962984,0.347561,167,167,1089,167,256,256,410,256,40,39,64,39,0,0,0,0
kitti,000011,ty,cm,5,5,108004,19939,5,0.58016,804,0.131936,0.347561,167,165,1065,165,256,254,410,254,40,38,65,38,0,0,0,0
kitti,000011,ty,cm,5,-5,108004,19957,5,0.488368,899,0.0675854,0.347561,167,166,1085,166,256,255,406,255,40,39,65,39,0,0,0,0
kitti,000011,ty,cm,10,10,108004,19926,5,0.561098,777,0.113185,0.347561,167,162,1061,162,256,252,409,252,40,35,62,35,0,0,0,0
kitti,000011,ty,cm,10,-10,108004,19979,5,0.442143,950,0.0426977,0.347561,167,164,1072,164,256,246,405,246,40,38,64,38,0,0,0,0
kitti,000011,ty,cm,20,20,108004,19915,5,0.4745,812,0.0492778,0.347561,167,147,1036,147,256,233,406,233,40,28,61,28,0,0,0,0
kitti,000011,ty,cm,20,-20,108004,19999,5,0.390697,1062,0.0101548,0.347561,167,156,1048,156,256,227,395,227,40,34,62,34,0,0,0,0
kitti,000011,tz,cm,2,2,108004,20147,5,0.549776,866,0.104202,0.347561,167,167,1086,167,256,256,407,256,40,40,64,40,0,0,0,0
kitti,000011,tz,cm,2,-2,108004,19822,5,0.55669,827,0.115817,0.347561,167,167,1062,167,256,256,402,256,40,40,57,40,0,0,0,0
kitti,000011,tz,cm,5,5,108004,20396,5,0.562773,913,0.112307,0.347561,167,167,1123,167,256,256,408,256,40,40,64,40,0,0,0,0
kitti,000011,tz,cm,5,-5,108004,19564,5,0.555455,770,0.113026,0.347561,167,167,1049,167,256,256,384,256,40,40,57,40,0,0,0,0
kitti,000011,tz,cm,10,10,108004,20808,5,0.538981,982,0.0785167,0.347561,167,167,1135,167,256,254,436,254,40,40,64,40,0,0,0,0
kitti,000011,tz,cm,10,-10,108004,19223,5,0.538041,707,0.103154,0.347561,167,167,1051,167,256,256,381,256,40,40,57,40,0,0,0,0
kitti,000011,tz,cm,20,20,108004,21697,5,0.556238,1194,0.0773324,0.347561,167,164,1154,164,256,233,428,233,40,37,63,37,0,0,0,0
kitti,000011,tz,cm,20,-20,108004,18560,5,0.535765,622,0.105882,0.347561,167,167,1017,167,256,254,374,254,40,38,54,38,0,0,0,0
kitti,000012,baseline,,0,0,120007,18705,2,0.684503,996,0.185453,0.306913,0,0,0,0,0,0,0,0,0,0,0,0,55,55,55,55
kitti,000012,roll,deg,0.25,0.25,120007,18695,2,0.657336,1002,0.161505,0.306913,0,0,0,0,0,0,0,0,0,0,0,0,55,55,57,55
kitti,000012,roll,deg,0.25,-0.25,120007,18706,2,0.682696,1006,0.184559,0.306913,0,0,0,0,0,0,0,0,0,0,0,0,55,55,55,55
kitti,000012,roll,deg,0.5,0.5,120007,18700,2,0.643557,952,0.148318,0.306913,0,0,0,0,0,0,0,0,0,0,0,0,55,55,58,55
kitti,000012,roll,deg,0.5,-0.5,120007,18699,2,0.656057,990,0.16074,0.306913,0,0,0,0,0,0,0,0,0,0,0,0,55,55,55,55
kitti,000012,roll,deg,1,1,120007,18705,2,0.650336,946,0.143879,0.306913,0,0,0,0,0,0,0,0,0,0,0,0,55,55,58,55
kitti,000012,roll,deg,1,-1,120007,18681,2,0.666791,985,0.16264,0.306913,0,0,0,0,0,0,0,0,0,0,0,0,55,55,55,55
kitti,000012,roll,deg,1.5,1.5,120007,18691,2,0.632707,971,0.134845,0.306913,0,0,0,0,0,0,0,0,0,0,0,0,55,44,47,44
kitti,000012,roll,deg,1.5,-1.5,120007,18699,2,0.621118,990,0.131297,0.306913,0,0,0,0,0,0,0,0,0,0,0,0,55,55,55,55
kitti,000012,roll,deg,2,2,120007,18676,2,0.639737,1000,0.140688,0.306913,0,0,0,0,0,0,0,0,0,0,0,0,55,44,59,44
kitti,000012,roll,deg,2,-2,120007,18727,2,0.60231,985,0.122504,0.306913,0,0,0,0,0,0,0,0,0,0,0,0,55,55,55,55
kitti,000012,roll,deg,3,3,120007,18698,2,0.603857,1008,0.101614,0.306913,0,0,0,0,0,0,0,0,0,0,0,0,55,44,64,44
kitti,000012,roll,deg,3,-3,120007,18729,2,0.565609,1018,0.102728,0.306913,0,0,0,0,0,0,0,0,0,0,0,0,55,54,56,54
kitti,000012,pitch,deg,0.25,0.25,120007,18496,2,0.648268,973,0.161493,0.306913,0,0,0,0,0,0,0,0,0,0,0,0,55,55,55,55
kitti,000012,pitch,deg,0.25,-0.25,120007,18954,2,0.64998,980,0.153155,0.306913,0,0,0,0,0,0,0,0,0,0,0,0,55,44,46,44
kitti,000012,pitch,deg,0.5,0.5,120007,18235,2,0.628626,969,0.140469,0.306913,0,0,0,0,0,0,0,0,0,0,0,0,55,48,50,48
kitti,000012,pitch,deg,0.5,-0.5,120007,19209,2,0.615156,940,0.123977,0.306913,0,0,0,0,0,0,0,0,0,0,0,0,55,43,60,43
kitti,000012,pitch,deg,1,1,120007,17790,2,0.584702,929,0.105056,0.306913,0,0,0,0,0,0,0,0,0,0,0,0,55,19,26,19
kitti,000012,pitch,deg,1,-1,120007,19642,2,0.612238,983,0.123588,0.306913,0,0,0,0,0,0,0,0,0,0,0,0,55,28,101,28
kitti,000012,pitch,deg,1.5,1.5,120007,17326,2,0.567123,949,0.0929087,0.306913,0,0,0,0,0,0,0,0,0,0,0,0,55,14,21,14
kitti,000012,pitch,deg,1.5,-1.5,120007,20098,2,0.533819,1011,0.0676893,0.306913,0,0,0,0,0,0,0,0,0,0,0,0,55,11,124,11
kitti,000012,pitch,deg,2,2,120007,16863,2,0.534384,876,0.0545347,0.306913,0,0,0,0,0,0,0,0,0,0,0,0,55,11,16,11
kitti,000012,pitch,deg,2,-2,120007,20550,2,0.499201,957,0.0350216,0.306913,0,0,0,0,0,0,0,0,0,0,0,0,55,0,153,0
kitti,000012,pitch,deg,3,3,120007,15901,2,0.466576,922,0.00330269,0.306913,0,0,0,0,0,0,0,0,0,0,0,0,55,0,0,0
kitti,000012,pitch,deg,3,-3,120007,21453,2,0.440142,1053,-0.00940961,0.306913,0,0,0,0,0,0,0,0,0,0,0,0,55,0,170,0
kitti,000012,yaw,deg,0.25,0.25,120007,18706,2,0.669896,998,0.172368,0.306913,0,0,0,0,0,0,0,0,0,0,0,0,55,54,61,54
kitti,000012,yaw,deg,0.25,-0.25,120007,18697,2,0.634697,996,0.14208,0.306913,0,0,0,0,0,0,0,0,0,0,0,0,55,54,54,54
kitti,000012,yaw,deg,0.5,0.5,120007,18688,2,0.625722,992,0.130937,0.306913,0,0,0,0,0,0,0,0,0,0,0,0,55,51,65,51
kitti,000012,yaw,deg,0.5,-0.5,120007,18677,2,0.605821,991,0.111132,0.306913,0,0,0,0,0,0,0,0,0,0,0,0,55,48,48,48
kitti,000012,yaw,deg,1,1,120007,18698,2,0.550579,1019,0.072304,0.306913,0,0,0,0,0,0,0,0,0,0,0,0,55,35,64,35
kitti,000012,yaw,deg,1,-1,120007,18666,2,0.603015,981,0.111098,0.306913,0,0,0,0,0,0,0,0,0,0,0,0,55,30,30,30
kitti,000012,yaw,deg,1.5,1.5,120007,18706,2,0.546943,1033,0.0752486,0.306913,0,0,0,0,0,0,0,0,0,0,0,0,55,21,66,21
kitti,000012,yaw,deg,1.5,-1.5,120007,18658,2,0.595555,974,0.103681,0.306913,0,0,0,0,0,0,0,0,0,0,0,0,55,16,16,16
kitti,000012,yaw,deg,2,2,120007,18699,2,0.534701,1028,0.0607003,0.306913,0,0,0,0,0,0,0,0,0,0,0,0,55,5,65,5
kitti,000012,yaw,deg,2,-2,120007,18666,2,0.555286,1001,0.064275,0.306913,0,0,0,0,0,0,0,0,0,0,0,0,55,5,8,5
kitti,000012,yaw,deg,3,3,120007,18713,2,0.54287,1036,0.0760193,0.306913,0,0,0,0,0,0,0,0,0,0,0,0,55,0,64,0
kitti,000012,yaw,deg,3,-3,120007,18664,2,0.543477,965,0.0623717,0.306913,0,0,0,0,0,0,0,0,0,0,0,0,55,0,8,0
kitti,000012,tx,cm,2,2,120007,18751,2,0.685674,993,0.186531,0.306913,0,0,0,0,0,0,0,0,0,0,0,0,55,55,55,55
kitti,000012,tx,cm,2,-2,120007,18661,2,0.684441,1015,0.183911,0.306913,0,0,0,0,0,0,0,0,0,0,0,0,55,55,55,55
kitti,000012,tx,cm,5,5,120007,18818,2,0.683993,969,0.188125,0.306913,0,0,0,0,0,0,0,0,0,0,0,0,55,55,55,55
kitti,000012,tx,cm,5,-5,120007,18585,2,0.680287,1040,0.177903,0.306913,0,0,0,0,0,0,0,0,0,0,0,0,55,55,55,55
kitti,000012,tx,cm,10,10,120007,19017,2,0.675756,945,0.181381,0.306913,0,0,0,0,0,0,0,0,0,0,0,0,55,55,56,55
kitti,000012,tx,cm,10,-10,120007,18451,2,0.660512,1078,0.160027,0.306913,0,0,0,0,0,0,0,0,0,0,0,0,55,55,55,55
kitti,000012,tx,cm,20,20,120007,19299,2,0.655878,918,0.164297,0.306913,0,0,0,0,0,0,0,0,0,0,0,0,55,55,56,55
kitti,000012,tx,cm,20,-20,120007,18133,2,0.619987,1147,0.127528,0.306913,0,0,0,0,0,0,0,0,0,0,0,0,55,55,55,55
kitti,000012,ty,cm,2,2,120007,18700,2,0.686168,1023,0.186141,0.306913,0,0,0,0,0,0,0,0,0,0,0,0,55,55,56,55
kitti,000012,ty,cm,2,-2,120007,18711,2,0.676768,968,0.178323,0.306913,0,0,0,0,0,0,0,0,0,0,0,0,55,55,55,55
kitti,000012,ty,cm,5,5,120007,18701,2,0.67628,1072,0.173627,0.306913,0,0,0,0,0,0,0,0,0,0,0,0,55,55,56,55
kitti,000012,ty,cm,5,-5,120007,18710,2,0.667637,936,0.174231,0.306913,0,0,0,0,0,0,0,0,0,0,0,0,55,55,55,55
kitti,000012,ty,cm,10,10,120007,18703,2,0.64284,1173,0.147249,0.306913,0,0,0,0,0,0,0,0,0,0,0,0,55,55,57,55
kitti,000012,ty,cm,10,-10,120007,18708,2,0.637699,958,0.142395,0.306913,0,0,0,0,0,0,0,0,0,0,0,0,55,55,55,55
kitti,000012,ty,cm,20,20,120007,18701,2,0.579495,1311,0.101045,0.306913,0,0,0,0,0,0,0,0,0,0,0,0,55,55,59,55
kitti,000012,ty,cm,20,-20,120007,18705,2,0.569699,1141,0.0883144,0.306913,0,0,0,0,0,0,0,0,0,0,0,0,55,54,54,54
kitti,000012,tz,cm,2,2,120007,18863,2,0.682689,987,0.186044,0.306913,0,0,0,0,0,0,0,0,0,0,0,0,55,55,55,55
kitti,000012,tz,cm,2,-2,120007,18579,2,0.670249,925,0.171004,0.306913,0,0,0,0,0,0,0,0,0,0,0,0,55,55,55,55
kitti,000012,tz,cm,5,5,120007,19099,2,0.682487,1087,0.176103,0.306913,0,0,0,0,0,0,0,0,0,0,0,0,55,55,57,55
kitti,000012,tz,cm,5,-5,120007,18313,2,0.665648,927,0.172584,0.306913,0,0,0,0,0,0,0,0,0,0,0,0,55,55,55,55
kitti,000012,tz,cm,10,10,120007,19530,2,0.669534,1190,0.167027,0.306913,0,0,0,0,0,0,0,0,0,0,0,0,55,55,57,55
kitti,000012,tz,cm,10,-10,120007,18000,2,0.652437,785,0.154661,0.306913,0,0,0,0,0,0,0,0,0,0,0,0,55,55,55,55
kitti,000012,tz,cm,20,20,120007,20378,2,0.632458,1445,0.135883,0.306913,0,0,0,0,0,0,0,0,0,0,0,0,55,55,57,55
kitti,000012,tz,cm,20,-20,120007,17366,2,0.647611,602,0.144523,0.306913,0,0,0,0,0,0,0,0,0,0,0,0,55,55,55,55
kitti,000015,baseline,,0,0,122583,18334,4,0.597783,2100,0.073392,0.37247,352,344,900,344,190,170,295,170,0,0,0,0,0,0,0,0
kitti,000015,roll,deg,0.25,0.25,122583,18334,4,0.599524,2093,0.0760414,0.37247,352,343,901,343,190,171,292,171,0,0,0,0,0,0,0,0
kitti,000015,roll,deg,0.25,-0.25,122583,18330,4,0.607453,2128,0.085009,0.37247,352,345,896,345,190,171,307,171,0,0,0,0,0,0,0,0
kitti,000015,roll,deg,0.5,0.5,122583,18331,4,0.603004,2129,0.0820335,0.37247,352,343,917,343,190,171,292,171,0,0,0,0,0,0,0,0
kitti,000015,roll,deg,0.5,-0.5,122583,18352,4,0.609635,2110,0.0874604,0.37247,352,346,906,346,190,171,311,171,0,0,0,0,0,0,0,0
kitti,000015,roll,deg,1,1,122583,18307,4,0.575479,2097,0.0567931,0.37247,352,342,897,342,190,171,293,171,0,0,0,0,0,0,0,0
kitti,000015,roll,deg,1,-1,122583,18390,4,0.590494,2097,0.0723388,0.37247,352,348,899,348,190,173,320,173,0,0,0,0,0,0,0,0
kitti,000015,roll,deg,1.5,1.5,122583,18307,4,0.552728,2099,0.0466012,0.37247,352,340,894,340,190,171,303,171,0,0,0,0,0,0,0,0
kitti,000015,roll,deg,1.5,-1.5,122583,18390,4,0.58382,2120,0.070152,0.37247,352,348,900,348,190,173,318,173,0,0,0,0,0,0,0,0
kitti,000015,roll,deg,2,2,122583,18343,4,0.531659,2099,0.0305001,0.37247,352,338,871,338,190,167,298,167,0,0,0,0,0,0,0,0
kitti,000015,roll,deg,2,-2,122583,18424,4,0.556534,2113,0.0489464,0.37247,352,347,898,347,190,173,316,173,0,0,0,0,0,0,0,0
kitti,000015,roll,deg,3,3,122583,18352,4,0.514739,2110,0.0140511,0.37247,352,331,844,331,190,164,285,164,0,0,0,0,0,0,0,0
kitti,000015,roll,deg,3,-3,122583,18468,4,0.531219,2125,0.0404262,0.37247,352,342,880,342,190,174,314,174,0,0,0,0,0,0,0,0
kitti,000015,pitch,deg,0.25,0.25,122583,18159,4,0.602168,2092,0.0802655,0.37247,352,345,908,345,190,171,280,171,0,0,0,0,0,0,0,0
kitti,000015,pitch,deg,0.25,-0.25,122583,18606,4,0.603692,2123,0.0831165,0.37247,352,343,905,343,190,171,318,171,0,0,0,0,0,0,0,0
kitti,000015,pitch,deg,0.5,0.5,122583,17894,4,0.584293,2078,0.0707151,0.37247,352,345,895,345,190,171,282,171,0,0,0,0,0,0,0,0
kitti,000015,pitch,deg,0.5,-0.5,122583,18858,4,0.580003,2106,0.0657423,0.37247,352,343,913,343,190,167,329,167,0,0,0,0,0,0,0,0
kitti,000015,pitch,deg,1,1,122583,17487,4,0.55004,2061,0.0451182,0.37247,352,346,877,346,190,146,244,146,0,0,0,0,0,0,0,0
kitti,000015,pitch,deg,1,-1,122583,19238,4,0.515431,2117,0.0196954,0.37247,352,343,900,343,190,154,347,154,0,0,0,0,0,0,0,0
kitti,000015,pitch,deg,1.5,1.5,122583,17062,4,0.524597,2051,0.0194522,0.37247,352,347,846,347,190,131,230,131,0,0,0,0,0,0,0,0
kitti,000015,pitch,deg,1.5,-1.5,122583,19656,4,0.480306,2155,0.00292444,0.37247,352,342,909,342,190,118,337,118,0,0,0,0,0,0,0,0
kitti,000015,pitch,deg,2,2,122583,16666,4,0.535002,2044,0.0223039,0.37247,352,335,825,335,190,98,201,98,0,0,0,0,0,0,0,0
kitti,000015,pitch,deg,2,-2,122583,20085,4,0.470298,2157,-0.00334248,0.37247,352,335,907,335,190,90,364,90,0,0,0,0,0,0,0,0
kitti,000015,pitch,deg,3,3,122583,15795,4,0.514493,2012,0.0104007,0.37247,352,316,773,316,190,38,134,38,0,0,0,0,0,0,0,0
kitti,000015,pitch,deg,3,-3,122583,20944,4,0.449735,2176,-0.0299981,0.37247,352,310,904,310,190,31,380,31,0,0,0,0,0,0,0,0
kitti,000015,yaw,deg,0.25,0.25,122583,18344,4,0.607647,2102,0.0781527,0.37247,352,332,899,332,190,140,291,140,0,0,0,0,0,0,0,0
kitti,000015,yaw,deg,0.25,-0.25,122583,18334,4,0.588162,2114,0.0662145,0.37247,352,346,893,346,190,181,300,181,0,0,0,0,0,0,0,0
kitti,000015,yaw,deg,0.5,0.5,122583,18379,4,0.596906,2100,0.0679719,0.37247,352,304,896,304,190,99,282,99,0,0,0,0,0,0,0,0
kitti,000015,yaw,deg,0.5,-0.5,122583,18347,4,0.583507,2121,0.0629769,0.37247,352,344,897,344,190,171,302,171,0,0,0,0,0,0,0,0
kitti,000015,yaw,deg,1,1,122583,18441,4,0.587511,2113,0.0620166,0.37247,352,243,891,243,190,26,297,26,0,0,0,0,0,0,0,0
kitti,000015,yaw,deg,1,-1,122583,18347,4,0.5729,2143,0.0560653,0.37247,352,341,898,341,190,103,281,103,0,0,0,0,0,0,0,0
kitti,000015,yaw,deg,1.5,1.5,122583,18457,4,0.579705,2120,0.0553051,0.37247,352,173,881,173,190,1,319,1,0,0,0,0,0,0,0,0
kitti,000015,yaw,deg,1.5,-1.5,122583,18344,4,0.579736,2139,0.068656,0.37247,352,337,915,337,190,25,269,25,0,0,0,0,0,0,0,0
kitti,000015,yaw,deg,2,2,122583,18470,4,0.566684,2094,0.0395193,0.37247,352,104,883,104,190,0,336,0,0,0,0,0,0,0,0,0
kitti,000015,yaw,deg,2,-2,122583,18327,4,0.577327,2127,0.0752998,0.37247,352,309,889,309,190,2,255,2,0,0,0,0,0,0,0,0
kitti,000015,yaw,deg,3,3,122583,18540,4,0.579519,2063,0.0441146,0.37247,352,13,804,13,190,0,356,0,0,0,0,0,0,0,0,0
kitti,000015,yaw,deg,3,-3,122583,18302,4,0.5325,2186,0.038791,0.37247,352,164,862,164,190,0,246,0,0,0,0,0,0,0,0,0
kitti,000015,tx,cm,2,2,122583,18437,4,0.603311,2119,0.0743991,0.37247,352,343,903,343,190,171,296,171,0,0,0,0,0,0,0,0
kitti,000015,tx,cm,2,-2,122583,18272,4,0.59731,2103,0.076323,0.37247,352,345,897,345,190,171,295,171,0,0,0,0,0,0,0,0
kitti,000015,tx,cm,5,5,122583,18593,4,0.611613,2139,0.0801916,0.37247,352,338,906,338,190,171,297,171,0,0,0,0,0,0,0,0
kitti,000015,tx,cm,5,-5,122583,18176,4,0.595914,2088,0.0766617,0.37247,352,347,894,347,190,171,293,171,0,0,0,0,0,0,0,0
kitti,000015,tx,cm,10,10,122583,18800,4,0.612661,2141,0.0768957,0.37247,352,324,908,324,190,170,305,170,0,0,0,0,0,0,0,0
kitti,000015,tx,cm,10,-10,122583,18020,4,0.587826,2094,0.0744909,0.37247,352,345,884,345,190,171,295,171,0,0,0,0,0,0,0,0
kitti,000015,tx,cm,20,20,122583,19282,4,0.619414,2149,0.0751225,0.37247,352,289,918,289,190,168,312,168,0,0,0,0,0,0,0,0
kitti,000015,tx,cm,20,-20,122583,17666,4,0.573124,2124,0.0760634,0.37247,352,343,870,343,190,173,296,173,0,0,0,0,0,0,0,0
kitti,000015,ty,cm,2,2,122583,18335,4,0.605638,2076,0.077179,0.37247,352,341,895,341,190,169,297,169,0,0,0,0,0,0,0,0
kitti,000015,ty,cm,2,-2,122583,18338,4,0.594849,2111,0.0717775,0.37247,352,346,903,346,190,173,299,173,0,0,0,0,0,0,0,0
kitti,000015,ty,cm,5,5,122583,18345,4,0.607669,2044,0.0764179,0.37247,352,329,886,329,190,158,296,158,0,0,0,0,0,0,0,0
kitti,000015,ty,cm,5,-5,122583,18338,4,0.585324,2166,0.0683531,0.37247,352,346,904,346,190,174,295,174,0,0,0,0,0,0,0,0
kitti,000015,ty,cm,10,10,122583,18366,4,0.604593,2008,0.0686432,0.37247,352,298,866,298,190,144,293,144,0,0,0,0,0,0,0,0
kitti,000015,ty,cm,10,-10,122583,18358,4,0.578865,2230,0.0675314,0.37247,352,344,911,344,190,181,302,181,0,0,0,0,0,0,0,0
kitti,000015,ty,cm,20,20,122583,18410,4,0.602851,1996,0.0672658,0.37247,352,229,835,229,190,107,295,107,0,0,0,0,0,0,0,0
kitti,000015,ty,cm,20,-20,122583,18375,4,0.551542,2403,0.0535739,0.37247,352,341,908,341,190,175,298,175,0,0,0,0,0,0,0,0
kitti,000015,tz,cm,2,2,122583,18571,4,0.597686,2144,0.0777825,0.37247,352,344,911,344,190,170,306,170,0,0,0,0,0,0,0,0
kitti,000015,tz,cm,2,-2,122583,18187,4,0.596509,2023,0.0734609,0.37247,352,344,900,344,190,170,294,170,0,0,0,0,0,0,0,0
kitti,000015,tz,cm,5,5,122583,18865,4,0.597894,2248,0.0764183,0.37247,352,344,921,344,190,170,316,170,0,0,0,0,0,0,0,0
kitti,000015,tz,cm,5,-5,122583,17925,4,0.598163,1945,0.0806699,0.37247,352,344,888,344,190,170,297,170,0,0,0,0,0,0,0,0
kitti,000015,tz,cm,10,10,122583,19319,4,0.567868,2410,0.062485,0.37247,352,344,957,344,190,171,318,171,0,0,0,0,0,0,0,0
kitti,000015,tz,cm,10,-10,122583,17517,4,0.574861,1759,0.0576928,0.37247,352,344,865,344,190,170,283,170,0,0,0,0,0,0,0,0
kitti,000015,tz,cm,20,20,122583,20257,4,0.529714,2591,0.033558,0.37247,352,343,985,343,190,167,342,167,0,0,0,0,0,0,0,0
kitti,000015,tz,cm,20,-20,122583,16721,4,0.564399,1274,0.0470662,0.37247,352,345,858,345,190,171,272,171,0,0,0,0,0,0,0,0
kitti,000016,baseline,,0,0,113070,17868,4,0.533746,947,0.186308,0.245123,0,0,0,0,1961,1961,2853,1961,107,107,152,107,0,0,0,0
kitti,000016,roll,deg,0.25,0.25,113070,17864,4,0.533188,867,0.176482,0.245123,0,0,0,0,1961,1961,2890,1961,107,107,156,107,0,0,0,0
kitti,000016,roll,deg,0.25,-0.25,113070,17874,4,0.526212,891,0.171533,0.245123,0,0,0,0,1961,1961,2827,1961,107,107,159,107,0,0,0,0
kitti,000016,roll,deg,0.5,0.5,113070,17869,4,0.490256,936,0.140338,0.245123,0,0,0,0,1961,1961,2905,1961,107,107,156,107,0,0,0,0
kitti,000016,roll,deg,0.5,-0.5,113070,17866,4,0.529094,919,0.173435,0.245123,0,0,0,0,1961,1961,2806,1961,107,107,169,107,0,0,0,0
kitti,000016,roll,deg,1,1,113070,17874,4,0.474594,933,0.128537,0.245123,0,0,0,0,1961,1961,2962,1961,107,107,164,107,0,0,0,0
kitti,000016,roll,deg,1,-1,113070,17889,4,0.496318,922,0.146383,0.245123,0,0,0,0,1961,1961,2766,1961,107,107,169,107,0,0,0,0
kitti,000016,roll,deg,1.5,1.5,113070,17863,4,0.424174,915,0.0922157,0.245123,0,0,0,0,1961,1961,3007,1961,107,107,176,107,0,0,0,0
kitti,000016,roll,deg,1.5,-1.5,113070,17913,4,0.434768,920,0.0970227,0.245123,0,0,0,0,1961,1961,2719,1961,107,107,168,107,0,0,0,0
kitti,000016,roll,deg,2,2,113070,17839,4,0.356767,924,0.0443251,0.245123,0,0,0,0,1961,1961,3058,1961,107,106,166,106,0,0,0,0
kitti,000016,roll,deg,2,-2,113070,17916,4,0.424687,924,0.0791552,0.245123,0,0,0,0,1961,1961,2672,1961,107,107,173,107,0,0,0,0
kitti,000016,roll,deg,3,3,113070,17881,4,0.257619,946,-0.0410092,0.245123,0,0,0,0,1961,1961,3216,1961,107,100,161,100,0,0,0,0
kitti,000016,roll,deg,3,-3,113070,17926,4,0.406255,967,0.0585552,0.245123,0,0,0,0,1961,1958,2567,1958,107,100,184,100,0,0,0,0
kitti,000016,pitch,deg,0.25,0.25,113070,17689,4,0.468429,925,0.124515,0.245123,0,0,0,0,1961,1961,2796,1961,107,107,144,107,0,0,0,0
kitti,000016,pitch,deg,0.25,-0.25,113070,18134,4,0.545511,899,0.180387,0.245123,0,0,0,0,1961,1961,2923,1961,107,107,199,107,0,0,0,0
kitti,000016,pitch,deg,0.5,0.5,113070,17426,4,0.39745,895,0.0442892,0.245123,0,0,0,0,1961,1961,2720,1961,107,87,109,87,0,0,0,0
kitti,000016,pitch,deg,0.5,-0.5,113070,18397,4,0.526637,912,0.164813,0.245123,0,0,0,0,1961,1961,3001,1961,107,107,251,107,0,0,0,0
kitti,000016,pitch,deg,1,1,113070,16984,4,0.384513,848,0.0212049,0.245123,0,0,0,0,1961,1961,2583,1961,107,49,68,49,0,0,0,0
kitti,000016,pitch,deg,1,-1,113070,18797,4,0.414338,948,0.0706243,0.245123,0,0,0,0,1961,1961,3151,1961,107,79,310,79,0,0,0,0
kitti,000016,pitch,deg,1.5,1.5,113070,16536,4,0.32244,886,-0.0253739,0.245123,0,0,0,0,1961,1951,2424,1951,107,18,32,18,0,0,0,0
kitti,000016,pitch,deg,1.5,-1.5,113070,19230,4,0.394592,960,0.0516901,0.245123,0,0,0,0,1961,1961,3324,1961,107,38,353,38,0,0,0,0
kitti,000016,pitch,deg,2,2,113070,16079,4,0.327331,844,-0.00997457,0.245123,0,0,0,0,1961,1929,2249,1929,107,4,14,4,0,0,0,0
kitti,000016,pitch,deg,2,-2,113070,19681,4,0.367465,930,0.0397608,0.245123,0,0,0,0,1961,1961,3512,1961,107,3,358,3,0,0,0,0
kitti,000016,pitch,deg,3,3,113070,15155,4,0.236411,830,-0.0655166,0.245123,0,0,0,0,1961,1740,1846,1740,107,0,3,0,0,0,0,0
kitti,000016,pitch,deg,3,-3,113070,20562,4,0.284919,948,-0.0341344,0.245123,0,0,0,0,1961,1961,3688,1961,107,0,375,0,0,0,0,0
kitti,000016,yaw,deg,0.25,0.25,113070,17876,4,0.52449,942,0.18055,0.245123,0,0,0,0,1961,1961,2840,1961,107,101,152,101,0,0,0,0
kitti,000016,yaw,deg,0.25,-0.25,113070,17876,4,0.536078,939,0.186349,0.245123,0,0,0,0,1961,1961,2859,1961,107,106,154,106,0,0,0,0
kitti,000016,yaw,deg,0.5,0.5,113070,17872,4,0.517292,942,0.173438,0.245123,0,0,0,0,1961,1952,2822,1952,107,92,147,92,0,0,0,0
kitti,000016,yaw,deg,0.5,-0.5,113070,17881,4,0.532042,947,0.181926,0.245123,0,0,0,0,1961,1961,2863,1961,107,105,155,105,0,0,0,0
kitti,000016,yaw,deg,1,1,113070,17871,4,0.497011,928,0.145847,0.245123,0,0,0,0,1961,1918,2807,1918,107,70,140,70,0,0,0,0
kitti,000016,yaw,deg,1,-1,113070,17879,4,0.511676,965,0.161388,0.245123,0,0,0,0,1961,1936,2871,1936,107,92,160,92,0,0,0,0
kitti,000016,yaw,deg,1.5,1.5,113070,17878,4,0.493704,909,0.139813,0.245123,0,0,0,0,1961,1890,2810,1890,107,48,137,48,0,0,0,0
kitti,000016,yaw,deg,1.5,-1.5,113070,17883,4,0.500921,956,0.151107,0.245123,0,0,0,0,1961,1901,2849,1901,107,70,159,70,0,0,0,0
kitti,000016,yaw,deg,2,2,113070,17883,4,0.486805,898,0.12238,0.245123,0,0,0,0,1961,1857,2805,1857,107,27,136,27,0,0,0,0
kitti,000016,yaw,deg,2,-2,113070,17869,4,0.480405,974,0.124463,0.245123,0,0,0,0,1961,1862,2818,1862,107,44,143,44,0,0,0,0
kitti,000016,yaw,deg,3,3,113070,17899,4,0.466222,883,0.102735,0.245123,0,0,0,0,1961,1784,2797,1784,107,4,124,4,0,0,0,0
kitti,000016,yaw,deg,3,-3,113070,17840,4,0.450145,959,0.0802388,0.245123,0,0,0,0,1961,1781,2773,1781,107,10,149,10,0,0,0,0
kitti,000016,tx,cm,2,2,113070,17934,4,0.537031,941,0.190138,0.245123,0,0,0,0,1961,1961,2857,1961,107,107,152,107,0,0,0,0
kitti,000016,tx,cm,2,-2,113070,17811,4,0.537073,944,0.190098,0.245123,0,0,0,0,1961,1961,2848,1961,107,107,152,107,0,0,0,0
kitti,000016,tx,cm,5,5,113070,18081,4,0.541532,940,0.190648,0.245123,0,0,0,0,1961,1961,2876,1961,107,107,153,107,0,0,0,0
kitti,000016,tx,cm,5,-5,113070,17723,4,0.536548,941,0.191117,0.245123,0,0,0,0,1961,1961,2840,1961,107,107,151,107,0,0,0,0
kitti,000016,tx,cm,10,10,113070,18264,4,0.54826,947,0.196692,0.245123,0,0,0,0,1961,1961,2888,1961,107,107,156,107,0,0,0,0
kitti,000016,tx,cm,10,-10,113070,17564,4,0.53374,933,0.18487,0.245123,0,0,0,0,1961,1961,2824,1961,107,107,151,107,0,0,0,0
kitti,000016,tx,cm,20,20,113070,18669,4,0.544343,961,0.19008,0.245123,0,0,0,0,1961,1961,2910,1961,107,107,154,107,0,0,0,0
kitti,000016,tx,cm,20,-20,113070,17173,4,0.52591,903,0.174885,0.245123,0,0,0,0,1961,1961,2805,1961,107,107,150,107,0,0,0,0
kitti,000016,ty,cm,2,2,113070,17869,4,0.537657,936,0.189717,0.245123,0,0,0,0,1961,1961,2851,1961,107,107,154,107,0,0,0,0
kitti,000016,ty,cm,2,-2,113070,17875,4,0.534032,951,0.187704,0.245123,0,0,0,0,1961,1961,2855,1961,107,107,151,107,0,0,0,0
kitti,000016,ty,cm,5,5,113070,17855,4,0.5358,942,0.189237,0.245123,0,0,0,0,1961,1961,2851,1961,107,106,154,106,0,0,0,0
kitti,000016,ty,cm,5,-5,113070,17886,4,0.532057,951,0.184624,0.245123,0,0,0,0,1961,1961,2851,1961,107,107,152,107,0,0,0,0
kitti,000016,ty,cm,10,10,113070,17841,4,0.532351,931,0.18909,0.245123,0,0,0,0,1961,1961,2849,1961,107,106,155,106,0,0,0,0
kitti,000016,ty,cm,10,-10,113070,17893,4,0.536786,961,0.187649,0.245123,0,0,0,0,1961,1961,2855,1961,107,106,150,106,0,0,0,0
kitti,000016,ty,cm,20,20,113070,17818,4,0.534666,910,0.186486,0.245123,0,0,0,0,1961,1955,2844,1955,107,100,151,100,0,0,0,0
kitti,000016,ty,cm,20,-20,113070,17908,4,0.5257,986,0.176291,0.245123,0,0,0,0,1961,1961,2855,1961,107,106,149,106,0,0,0,0
kitti,000016,tz,cm,2,2,113070,18069,4,0.524323,950,0.168014,0.245123,0,0,0,0,1961,1961,2891,1961,107,107,169,107,0,0,0,0
kitti,000016,tz,cm,2,-2,113070,17743,4,0.502373,820,0.147566,0.245123,0,0,0,0,1961,1961,2825,1961,107,107,147,107,0,0,0,0
kitti,000016,tz,cm,5,5,113070,18342,4,0.533161,1070,0.17988,0.245123,0,0,0,0,1961,1961,2928,1961,107,107,185,107,0,0,0,0
kitti,000016,tz,cm,5,-5,113070,17485,4,0.506031,760,0.155646,0.245123,0,0,0,0,1961,1961,2799,1961,107,107,147,107,0,0,0,0
kitti,000016,tz,cm,10,10,113070,18748,4,0.517967,1169,0.168901,0.245123,0,0,0,0,1961,1961,3017,1961,107,107,194,107,0,0,0,0
kitti,000016,tz,cm,10,-10,113070,17119,4,0.491626,625,0.13515,0.245123,0,0,0,0,1961,1961,2755,1961,107,107,146,107,0,0,0,0
kitti,000016,tz,cm,20,20,113070,19648,4,0.483573,1529,0.136299,0.245123,0,0,0,0,1961,1961,3277,1961,107,107,232,107,0,0,0,0
kitti,000016,tz,cm,20,-20,113070,16408,4,0.419339,286,0.0784523,0.245123,0,0,0,0,1961,1961,2658,1961,107,104,127,104,0,0,0,0
kitti,000019,baseline,,0,0,115697,18792,3,0.644026,472,0.144513,0.314507,1058,1058,2022,1058,0,0,0,0,99,99,127,99,21,21,21,21
kitti,000019,roll,deg,0.25,0.25,115697,18798,3,0.605283,470,0.114577,0.314507,1058,1058,2033,1058,0,0,0,0,99,99,128,99,21,21,21,21
kitti,000019,roll,deg,0.25,-0.25,115697,18792,3,0.620349,466,0.116591,0.314507,1058,1058,2023,1058,0,0,0,0,99,99,127,99,21,21,21,21
kitti,000019,roll,deg,0.5,0.5,115697,18800,3,0.596036,450,0.106085,0.314507,1058,1058,2041,1058,0,0,0,0,99,99,128,99,21,21,21,21
kitti,000019,roll,deg,0.5,-0.5,115697,18797,3,0.618639,474,0.122925,0.314507,1058,1054,2013,1054,0,0,0,0,99,99,125,99,21,21,21,21
kitti,000019,roll,deg,1,1,115697,18775,3,0.580969,428,0.084502,0.314507,1058,1058,2056,1058,0,0,0,0,99,99,129,99,21,21,21,21
kitti,000019,roll,deg,1,-1,115697,18793,3,0.605986,485,0.108956,0.314507,1058,1036,1960,1036,0,0,0,0,99,99,126,99,21,21,21,21
kitti,000019,roll,deg,1.5,1.5,115697,18755,3,0.559146,436,0.0741727,0.314507,1058,1058,2051,1058,0,0,0,0,99,99,130,99,21,21,22,21
kitti,000019,roll,deg,1.5,-1.5,115697,18824,3,0.59788,490,0.0907306,0.314507,1058,1016,1958,1016,0,0,0,0,99,99,127,99,21,21,21,21
kitti,000019,roll,deg,2,2,115697,18748,3,0.557402,479,0.0662533,0.314507,1058,1058,2072,1058,0,0,0,0,99,99,126,99,21,21,22,21
kitti,000019,roll,deg,2,-2,115697,18840,3,0.569166,506,0.0714905,0.314507,1058,997,1943,997,0,0,0,0,99,99,133,99,21,21,21,21
kitti,000019,roll,deg,3,3,115697,18782,3,0.534532,490,0.0465369,0.314507,1058,1058,2120,1058,0,0,0,0,99,99,116,99,21,21,22,21
kitti,000019,roll,deg,3,-3,115697,18844,3,0.54593,507,0.0441515,0.314507,1058,952,1878,952,0,0,0,0,99,99,140,99,21,21,21,21
kitti,000019,pitch,deg,0.25,0.25,115697,18607,3,0.550697,475,0.0504287,0.314507,1058,1058,2032,1058,0,0,0,0,99,99,110,99,21,21,21,21
kitti,000019,pitch,deg,0.25,-0.25,115697,19054,3,0.627037,480,0.13806,0.314507,1058,1038,1979,1038,0,0,0,0,99,99,148,99,21,21,22,21
kitti,000019,pitch,deg,0.5,0.5,115697,18358,3,0.540338,470,0.0411403,0.314507,1058,1058,2071,1058,0,0,0,0,99,99,117,99,21,16,16,16
kitti,000019,pitch,deg,0.5,-0.5,115697,19279,3,0.611928,482,0.126307,0.314507,1058,1006,1939,1006,0,0,0,0,99,94,162,94,21,20,32,20
kitti,000019,pitch,deg,1,1,115697,17937,3,0.498684,465,0.036998,0.314507,1058,1058,2090,1058,0,0,0,0,99,67,91,67,21,1,1,1
kitti,000019,pitch,deg,1,-1,115697,19696,3,0.586021,485,0.0861742,0.314507,1058,949,1879,949,0,0,0,0,99,90,177,90,21,5,41,5
kitti,000019,pitch,deg,1.5,1.5,115697,17484,3,0.437576,468,0.0152411,0.314507,1058,1058,2107,1058,0,0,0,0,99,49,85,49,21,0,0,0
kitti,000019,pitch,deg,1.5,-1.5,115697,20130,3,0.564555,493,0.044464,0.314507,1058,888,1834,888,0,0,0,0,99,85,213,85,21,0,47,0
kitti,000019,pitch,deg,2,2,115697,17031,3,0.383046,457,-0.0246326,0.314507,1058,1046,2142,1046,0,0,0,0,99,14,50,14,21,0,0,0
kitti,000019,pitch,deg,2,-2,115697,20561,3,0.565059,483,0.0275291,0.314507,1058,873,1864,873,0,0,0,0,99,50,218,50,21,0,58,0
kitti,000019,pitch,deg,3,3,115697,16112,3,0.462906,450,0.046573,0.314507,1058,959,2235,959,0,0,0,0,99,0,32,0,21,0,0,0
kitti,000019,pitch,deg,3,-3,115697,21434,3,0.567473,511,0.00147343,0.314507,1058,810,1880,810,0,0,0,0,99,0,225,0,21,0,59,0
kitti,000019,yaw,deg,0.25,0.25,115697,18806,3,0.625962,477,0.124122,0.314507,1058,1058,2018,1058,0,0,0,0,99,98,132,98,21,19,20,19
kitti,000019,yaw,deg,0.25,-0.25,115697,18788,3,0.630326,478,0.127958,0.314507,1058,1058,2020,1058,0,0,0,0,99,95,123,95,21,21,22,21
kitti,000019,yaw,deg,0.5,0.5,115697,18828,3,0.582012,483,0.0750982,0.314507,1058,1058,2011,1058,0,0,0,0,99,91,136,91,21,15,16,15
kitti,000019,yaw,deg,0.5,-0.5,115697,18765,3,0.585381,475,0.0903508,0.314507,1058,1058,2023,1058,0,0,0,0,99,87,120,87,21,19,22,19
kitti,000019,yaw,deg,1,1,115697,18859,3,0.530662,481,0.00770855,0.314507,1058,1049,2023,1049,0,0,0,0,99,73,138,73,21,7,8,7
kitti,000019,yaw,deg,1,-1,115697,18740,3,0.558453,489,0.0840905,0.314507,1058,1050,2024,1050,0,0,0,0,99,73,112,73,21,12,18,12
kitti,000019,yaw,deg,1.5,1.5,115697,18884,3,0.500264,484,-0.0236892,0.314507,1058,1021,2024,1021,0,0,0,0,99,57,143,57,21,1,2,1
kitti,000019,yaw,deg,1.5,-1.5,115697,18737,3,0.502209,516,0.0426797,0.314507,1058,1020,2016,1020,0,0,0,0,99,58,110,58,21,5,17,5
kitti,000019,yaw,deg,2,2,115697,18912,3,0.50319,494,-0.0166025,0.314507,1058,994,2037,994,0,0,0,0,99,40,146,40,21,0,1,0
kitti,000019,yaw,deg,2,-2,115697,18699,3,0.508084,499,0.0454929,0.314507,1058,982,2016,982,0,0,0,0,99,42,98,42,21,0,23,0
kitti,000019,yaw,deg,3,3,115697,18936,3,0.509549,491,-0.0186324,0.314507,1058,931,2069,931,0,0,0,0,99,11,155,11,21,0,0,0
kitti,000019,yaw,deg,3,-3,115697,18613,3,0.461351,495,-0.0197382,0.314507,1058,904,2021,904,0,0,0,0,99,8,71,8,21,0,41,0
kitti,000019,tx,cm,2,2,115697,18876,3,0.643628,485,0.14699,0.314507,1058,1058,2032,1058,0,0,0,0,99,99,128,99,21,21,21,21
kitti,000019,tx,cm,2,-2,115697,18724,3,0.639801,475,0.144491,0.314507,1058,1058,2017,1058,0,0,0,0,99,99,126,99,21,21,21,21
kitti,000019,tx,cm,5,5,115697,19033,3,0.651442,492,0.148326,0.314507,1058,1058,2043,1058,0,0,0,0,99,99,128,99,21,21,21,21
kitti,000019,tx,cm,5,-5,115697,18589,3,0.62815,455,0.125882,0.314507,1058,1058,2005,1058,0,0,0,0,99,99,126,99,21,21,21,21
kitti,000019,tx,cm,10,10,115697,19274,3,0.622641,510,0.127339,0.314507,1058,1058,2057,1058,0,0,0,0,99,99,128,99,21,21,21,21
kitti,000019,tx,cm,10,-10,115697,18388,3,0.619131,461,0.121483,0.314507,1058,1058,1985,1058,0,0,0,0,99,99,125,99,21,21,21,21
kitti,000019,tx,cm,20,20,115697,19733,3,0.606265,548,0.105522,0.314507,1058,1058,2095,1058,0,0,0,0,99,99,128,99,21,21,21,21
kitti,000019,tx,cm,20,-20,115697,17894,3,0.557804,453,0.0680912,0.314507,1058,1058,1938,1058,0,0,0,0,99,99,125,99,21,21,21,21
kitti,000019,ty,cm,2,2,115697,18785,3,0.646398,460,0.144513,0.314507,1058,1058,2024,1058,0,0,0,0,99,99,128,99,21,21,21,21
kitti,000019,ty,cm,2,-2,115697,18809,3,0.636196,485,0.13542,0.314507,1058,1058,2020,1058,0,0,0,0,99,99,126,99,21,21,21,21
kitti,000019,ty,cm,5,5,115697,18766,3,0.646419,459,0.136358,0.314507,1058,1058,2024,1058,0,0,0,0,99,99,127,99,21,21,21,21
kitti,000019,ty,cm,5,-5,115697,18823,3,0.609515,500,0.114857,0.314507,1058,1058,2020,1058,0,0,0,0,99,99,125,99,21,21,21,21
kitti,000019,ty,cm,10,10,115697,18747,3,0.628925,466,0.106198,0.314507,1058,1058,2023,1058,0,0,0,0,99,99,127,99,21,21,21,21
kitti,000019,ty,cm,10,-10,115697,18837,3,0.561187,540,0.0804946,0.314507,1058,1058,2013,1058,0,0,0,0,99,99,129,99,21,21,21,21
kitti,000019,ty,cm,20,20,115697,18665,3,0.554086,508,0.0206732,0.314507,1058,1050,2027,1050,0,0,0,0,99,97,130,97,21,19,19,19
kitti,000019,ty,cm,20,-20,115697,18869,3,0.495123,636,0.0514513,0.314507,1058,1043,2001,1043,0,0,0,0,99,93,127,93,21,21,21,21
kitti,000019,tz,cm,2,2,115697,18992,3,0.631267,512,0.12865,0.314507,1058,1058,2028,1058,0,0,0,0,99,99,127,99,21,21,21,21
kitti,000019,tz,cm,2,-2,115697,18658,3,0.606064,442,0.105352,0.314507,1058,1058,2020,1058,0,0,0,0,99,99,127,99,21,21,21,21
kitti,000019,tz,cm,5,5,115697,19214,3,0.592853,567,0.0954919,0.314507,1058,1036,2030,1036,0,0,0,0,99,99,127,99,21,21,21,21
kitti,000019,tz,cm,5,-5,115697,18369,3,0.585681,409,0.102384,0.314507,1058,1058,2008,1058,0,0,0,0,99,99,127,99,21,21,21,21
kitti,000019,tz,cm,10,10,115697,19682,3,0.593124,640,0.0863657,0.314507,1058,998,2002,998,0,0,0,0,99,99,136,99,21,21,22,21
kitti,000019,tz,cm,10,-10,115697,18000,3,0.555605,383,0.0816067,0.314507,1058,1058,2013,1058,0,0,0,0,99,99,124,99,21,21,21,21
kitti,000019,tz,cm,20,20,115697,20591,3,0.600504,809,0.0841731,0.314507,1058,905,1996,905,0,0,0,0,99,99,148,99,21,21,22,21
kitti,000019,tz,cm,20,-20,115697,17257,3,0.441841,302,0.018999,0.314507,1058,1058,1975,1058,0,0,0,0,99,99,110,99,21,21,21,21
kitti,000021,baseline,,0,0,125260,19824,7,0.51756,547,0.139735,0.254901,771,771,1356,771,1397,1396,2660,1396,74,74,287,74,0,0,0,0
kitti,000021,roll,deg,0.25,0.25,125260,19826,7,0.496665,584,0.116109,0.254901,771,771,1346,771,1397,1396,2593,1396,74,74,285,74,0,0,0,0
kitti,000021,roll,deg,0.25,-0.25,125260,19825,7,0.512523,559,0.13356,0.254901,771,771,1340,771,1397,1396,2660,1396,74,74,288,74,0,0,0,0
kitti,000021,roll,deg,0.5,0.5,125260,19830,7,0.519428,549,0.126674,0.254901,771,771,1342,771,1397,1396,2577,1396,74,74,281,74,0,0,0,0
kitti,000021,roll,deg,0.5,-0.5,125260,19801,7,0.511472,560,0.129148,0.254901,771,771,1336,771,1397,1393,2760,1393,74,74,284,74,0,0,0,0
kitti,000021,roll,deg,1,1,125260,19824,7,0.508818,565,0.123749,0.254901,771,771,1354,771,1397,1396,2481,1396,74,74,268,74,0,0,0,0
kitti,000021,roll,deg,1,-1,125260,19816,7,0.510254,565,0.130278,0.254901,771,771,1341,771,1397,1393,2763,1393,74,68,275,68,0,0,0,0
kitti,000021,roll,deg,1.5,1.5,125260,19821,7,0.491939,541,0.102781,0.254901,771,756,1343,756,1397,1350,2408,1350,74,74,272,74,0,0,0,0
kitti,000021,roll,deg,1.5,-1.5,125260,19828,7,0.500165,544,0.1223,0.254901,771,771,1332,771,1397,1393,2806,1393,74,60,273,60,0,0,0,0
kitti,000021,roll,deg,2,2,125260,19815,7,0.468922,561,0.0741038,0.254901,771,747,1371,747,1397,1317,2372,1317,74,74,280,74,0,0,0,0
kitti,000021,roll,deg,2,-2,125260,19826,7,0.49343,551,0.101769,0.254901,771,771,1350,771,1397,1391,2887,1391,74,60,275,60,0,0,0,0
kitti,000021,roll,deg,3,3,125260,19849,7,0.472973,558,0.0612617,0.254901,771,723,1316,723,1397,1219,2272,1219,74,71,269,71,0,0,0,0
kitti,000021,roll,deg,3,-3,125260,19806,7,0.460385,561,0.0823792,0.254901,771,771,1341,771,1397,1376,2998,1376,74,59,274,59,0,0,0,0
kitti,000021,pitch,deg,0.25,0.25,125260,19633,7,0.508901,557,0.125865,0.254901,771,771,1338,771,1397,1396,2525,1396,74,74,254,74,0,0,0,0
kitti,000021,pitch,deg,0.25,-0.25,125260,20091,7,0.505176,566,0.127535,0.254901,771,771,1351,771,1397,1393,2735,1393,74,60,273,60,0,0,0,0
kitti,000021,pitch,deg,0.5,0.5,125260,19367,7,0.487983,547,0.0956824,0.254901,771,771,1322,771,1397,1393,2461,1393,74,68,246,68,0,0,0,0
kitti,000021,pitch,deg,0.5,-0.5,125260,20340,7,0.444309,564,0.0591883,0.254901,771,747,1370,747,1397,1345,2742,1345,74,55,275,55,0,0,0,0
kitti,000021,pitch,deg,1,1,125260,18931,7,0.485311,520,0.0870754,0.254901,771,746,1322,746,1397,1252,2354,1252,74,58,240,58,0,0,0,0
kitti,000021,pitch,deg,1,-1,125260,20727,7,0.403729,565,0.0209971,0.254901,771,691,1325,691,1397,1304,2954,1304,74,47,353,47,0,0,0,0
kitti,000021,pitch,deg,1.5,1.5,125260,18456,7,0.512529,518,0.0894904,0.254901,771,697,1346,697,1397,1127,2247,1127,74,44,215,44,0,0,0,0
kitti,000021,pitch,deg,1.5,-1.5,125260,21163,7,0.401462,583,0.000250816,0.254901,771,667,1319,667,1397,1232,3135,1232,74,35,409,35,0,0,0,0
kitti,000021,pitch,deg,2,2,125260,17994,7,0.520311,502,0.0808621,0.254901,771,634,1337,634,1397,953,2014,953,74,35,189,35,0,0,0,0
kitti,000021,pitch,deg,2,-2,125260,21598,7,0.363661,577,-0.0209645,0.254901,771,623,1305,623,1397,1131,3293,1131,74,28,434,28,0,0,0,0
kitti,000021,pitch,deg,3,3,125260,17057,7,0.452721,488,0.00812864,0.254901,771,490,1310,490,1397,672,1578,672,74,14,135,14,0,0,0,0
kitti,000021,pitch,deg,3,-3,125260,22478,7,0.353708,590,-0.0479677,0.254901,771,482,1280,482,1397,865,3379,865,74,3,496,3,0,0,0,0
kitti,000021,yaw,deg,0.25,0.25,125260,19830,7,0.515736,569,0.144777,0.254901,771,771,1351,771,1397,1397,2673,1397,74,74,290,74,0,0,0,0
kitti,000021,yaw,deg,0.25,-0.25,125260,19813,7,0.484859,526,0.098491,0.254901,771,771,1359,771,1397,1391,2646,1391,74,73,288,73,0,0,0,0
kitti,000021,yaw,deg,0.5,0.5,125260,19818,7,0.497125,588,0.127057,0.254901,771,771,1336,771,1397,1395,2673,1395,74,73,296,73,0,0,0,0
kitti,000021,yaw,deg,0.5,-0.5,125260,19814,7,0.446456,508,0.0539261,0.254901,771,766,1362,766,1397,1375,2635,1375,74,67,286,67,0,0,0,0
kitti,000021,yaw,deg,1,1,125260,19827,7,0.489504,653,0.11796,0.254901,771,771,1318,771,1397,1342,2687,1342,74,69,308,69,0,0,0,0
kitti,000021,yaw,deg,1,-1,125260,19815,7,0.43287,472,0.0310413,0.254901,771,740,1366,740,1397,1312,2632,1312,74,45,276,45,0,0,0,0
kitti,000021,yaw,deg,1.5,1.5,125260,19831,7,0.448402,691,0.0710463,0.254901,771,754,1295,754,1397,1300,2704,1300,74,50,314,50,0,0,0,0
kitti,000021,yaw,deg,1.5,-1.5,125260,19824,7,0.423786,455,0.00213113,0.254901,771,709,1368,709,1397,1238,2647,1238,74,37,291,37,0,0,0,0
kitti,000021,yaw,deg,2,2,125260,19841,7,0.415048,726,0.0365061,0.254901,771,731,1284,731,1397,1262,2694,1262,74,43,333,43,0,0,0,0
kitti,000021,yaw,deg,2,-2,125260,19860,7,0.418034,433,-0.017549,0.254901,771,670,1365,670,1397,1146,2645,1146,74,34,287,34,0,0,0,0
kitti,000021,yaw,deg,3,3,125260,19863,7,0.361385,766,-0.0251665,0.254901,771,675,1266,675,1397,1111,2639,1111,74,11,334,11,0,0,0,0
kitti,000021,yaw,deg,3,-3,125260,19920,7,0.372442,390,-0.0713484,0.254901,771,590,1370,590,1397,955,2697,955,74,16,271,16,0,0,0,0
kitti,000021,tx,cm,2,2,125260,19908,7,0.525209,560,0.146231,0.254901,771,771,1361,771,1397,1396,2663,1396,74,74,288,74,0,0,0,0
kitti,000021,tx,cm,2,-2,125260,19760,7,0.513038,540,0.133404,0.254901,771,771,1350,771,1397,1396,2657,1396,74,74,285,74,0,0,0,0
kitti,000021,tx,cm,5,5,125260,20060,7,0.54245,596,0.158918,0.254901,771,771,1367,771,1397,1397,2668,1397,74,74,290,74,0,0,0,0
kitti,000021,tx,cm,5,-5,125260,19638,7,0.512248,514,0.130242,0.254901,771,771,1340,771,1397,1396,2654,1396,74,74,283,74,0,0,0,0
kitti,000021,tx,cm,10,10,125260,20270,7,0.537408,626,0.15132,0.254901,771,771,1376,771,1397,1397,2675,1397,74,74,294,74,0,0,0,0
kitti,000021,tx,cm,10,-10,125260,19468,7,0.529751,501,0.135305,0.254901,771,771,1327,771,1397,1395,2645,1395,74,74,284,74,0,0,0,0
kitti,000021,tx,cm,20,20,125260,20719,7,0.501796,653,0.120953,0.254901,771,771,1400,771,1397,1397,2691,1397,74,74,299,74,0,0,0,0
kitti,000021,tx,cm,20,-20,125260,19056,7,0.527015,476,0.140556,0.254901,771,771,1313,771,1397,1394,2621,1394,74,74,280,74,0,0,0,0
kitti,000021,ty,cm,2,2,125260,19838,7,0.527428,557,0.148924,0.254901,771,771,1355,771,1397,1396,2653,1396,74,74,290,74,0,0,0,0
kitti,000021,ty,cm,2,-2,125260,19809,7,0.508359,527,0.127377,0.254901,771,771,1354,771,1397,1396,2658,1396,74,74,289,74,0,0,0,0
kitti,000021,ty,cm,5,5,125260,19845,7,0.535599,575,0.159065,0.254901,771,771,1353,771,1397,1397,2654,1397,74,74,295,74,0,0,0,0
kitti,000021,ty,cm,5,-5,125260,19789,7,0.512588,512,0.125206,0.254901,771,771,1356,771,1397,1396,2669,1396,74,74,288,74,0,0,0,0
kitti,000021,ty,cm,10,10,125260,19874,7,0.524609,592,0.153739,0.254901,771,771,1348,771,1397,1397,2650,1397,74,74,292,74,0,0,0,0
kitti,000021,ty,cm,10,-10,125260,19779,7,0.492247,493,0.102326,0.254901,771,770,1356,770,1397,1392,2668,1392,74,73,287,73,0,0,0,0
kitti,000021,ty,cm,20,20,125260,19917,7,0.455717,673,0.0799528,0.254901,771,771,1338,771,1397,1396,2628,1396,74,74,294,74,0,0,0,0
kitti,000021,ty,cm,20,-20,125260,19773,7,0.439961,498,0.0566462,0.254901,771,755,1362,755,1397,1383,2684,1383,74,70,280,70,0,0,0,0
kitti,000021,tz,cm,2,2,125260,20022,7,0.54268,553,0.16963,0.254901,771,771,1363,771,1397,1396,2641,1396,74,74,289,74,0,0,0,0
kitti,000021,tz,cm,2,-2,125260,19702,7,0.498402,528,0.115381,0.254901,771,771,1337,771,1397,1396,2640,1396,74,74,282,74,0,0,0,0
kitti,000021,tz,cm,5,5,125260,20280,7,0.529754,614,0.146669,0.254901,771,771,1367,771,1397,1393,2696,1393,74,74,286,74,0,0,0,0
kitti,000021,tz,cm,5,-5,125260,19448,7,0.50429,483,0.112337,0.254901,771,771,1319,771,1397,1396,2558,1396,74,74,274,74,0,0,0,0
kitti,000021,tz,cm,10,10,125260,20671,7,0.457258,643,0.0691734,0.254901,771,747,1386,747,1397,1373,2778,1373,74,66,290,66,0,0,0,0
kitti,000021,tz,cm,10,-10,125260,19094,7,0.518605,437,0.138344,0.254901,771,771,1305,771,1397,1396,2515,1396,74,74,250,74,0,0,0,0
kitti,000021,tz,cm,20,20,125260,21541,7,0.417328,740,0.0260513,0.254901,771,712,1387,712,1397,1322,2898,1322,74,60,292,60,0,0,0,0
kitti,000021,tz,cm,20,-20,125260,18429,7,0.522789,310,0.149653,0.254901,771,758,1279,758,1397,1389,2376,1389,74,71,240,71,0,0,0,0
kitti,000023,baseline,,0,0,120412,18587,2,0.55967,1358,0.140207,0.230478,0,0,0,0,0,0,0,0,0,0,0,0,94,93,104,93
kitti,000023,roll,deg,0.25,0.25,120412,18588,2,0.520014,1315,0.0921189,0.230478,0,0,0,0,0,0,0,0,0,0,0,0,94,94,109,94
kitti,000023,roll,deg,0.25,-0.25,120412,18584,2,0.576053,1371,0.160123,0.230478,0,0,0,0,0,0,0,0,0,0,0,0,94,93,104,93
kitti,000023,roll,deg,0.5,0.5,120412,18589,2,0.501227,1322,0.0720217,0.230478,0,0,0,0,0,0,0,0,0,0,0,0,94,94,118,94
kitti,000023,roll,deg,0.5,-0.5,120412,18578,2,0.555612,1362,0.141401,0.230478,0,0,0,0,0,0,0,0,0,0,0,0,94,93,106,93
kitti,000023,roll,deg,1,1,120412,18586,2,0.509723,1366,0.0719278,0.230478,0,0,0,0,0,0,0,0,0,0,0,0,94,94,119,94
kitti,000023,roll,deg,1,-1,120412,18587,2,0.489166,1347,0.0683421,0.230478,0,0,0,0,0,0,0,0,0,0,0,0,94,93,100,93
kitti,000023,roll,deg,1.5,1.5,120412,18581,2,0.515066,1331,0.0817466,0.230478,0,0,0,0,0,0,0,0,0,0,0,0,94,94,136,94
kitti,000023,roll,deg,1.5,-1.5,120412,18615,2,0.467338,1352,0.051879,0.230478,0,0,0,0,0,0,0,0,0,0,0,0,94,93,100,93
kitti,000023,roll,deg,2,2,120412,18562,2,0.504192,1332,0.0802737,0.230478,0,0,0,0,0,0,0,0,0,0,0,0,94,94,136,94
kitti,000023,roll,deg,2,-2,120412,18617,2,0.47099,1361,0.0602823,0.230478,0,0,0,0,0,0,0,0,0,0,0,0,94,87,93,87
kitti,000023,roll,deg,3,3,120412,18614,2,0.523544,1350,0.124834,0.230478,0,0,0,0,0,0,0,0,0,0,0,0,94,94,152,94
kitti,000023,roll,deg,3,-3,120412,18612,2,0.472873,1389,0.0745005,0.230478,0,0,0,0,0,0,0,0,0,0,0,0,94,80,84,80
kitti,000023,pitch,deg,0.25,0.25,120412,18398,2,0.555731,1320,0.139313,0.230478,0,0,0,0,0,0,0,0,0,0,0,0,94,88,95,88
kitti,000023,pitch,deg,0.25,-0.25,120412,18846,2,0.517722,1339,0.09449,0.230478,0,0,0,0,0,0,0,0,0,0,0,0,94,90,114,90
kitti,000023,pitch,deg,0.5,0.5,120412,18129,2,0.506922,1297,0.0852583,0.230478,0,0,0,0,0,0,0,0,0,0,0,0,94,89,95,89
kitti,000023,pitch,deg,0.5,-0.5,120412,19112,2,0.505626,1328,0.0847241,0.230478,0,0,0,0,0,0,0,0,0,0,0,0,94,80,120,80
kitti,000023,pitch,deg,1,1,120412,17680,2,0.510807,1299,0.0874635,0.230478,0,0,0,0,0,0,0,0,0,0,0,0,94,55,58,55
kitti,000023,pitch,deg,1,-1,120412,19519,2,0.452183,1353,0.0427098,0.230478,0,0,0,0,0,0,0,0,0,0,0,0,94,60,146,60
kitti,000023,pitch,deg,1.5,1.5,120412,17225,2,0.524005,1288,0.117739,0.230478,0,0,0,0,0,0,0,0,0,0,0,0,94,41,44,41
kitti,000023,pitch,deg,1.5,-1.5,120412,19972,2,0.405416,1379,0.0154939,0.230478,0,0,0,0,0,0,0,0,0,0,0,0,94,26,158,26
kitti,000023,pitch,deg,2,2,120412,16770,2,0.486442,1276,0.0866791,0.230478,0,0,0,0,0,0,0,0,0,0,0,0,94,13,14,13
kitti,000023,pitch,deg,2,-2,120412,20414,2,0.328058,1383,-0.0313716,0.230478,0,0,0,0,0,0,0,0,0,0,0,0,94,13,187,13
kitti,000023,pitch,deg,3,3,120412,15836,2,0.381471,1238,-0.00854194,0.230478,0,0,0,0,0,0,0,0,0,0,0,0,94,0,0,0
kitti,000023,pitch,deg,3,-3,120412,21310,2,0.246368,1413,-0.0897376,0.230478,0,0,0,0,0,0,0,0,0,0,0,0,94,0,219,0
kitti,000023,yaw,deg,0.25,0.25,120412,18584,2,0.553262,1364,0.13243,0.230478,0,0,0,0,0,0,0,0,0,0,0,0,94,84,94,84
kitti,000023,yaw,deg,0.25,-0.25,120412,18590,2,0.567115,1359,0.151207,0.230478,0,0,0,0,0,0,0,0,0,0,0,0,94,89,103,89
kitti,000023,yaw,deg,0.5,0.5,120412,18585,2,0.540455,1365,0.117063,0.230478,0,0,0,0,0,0,0,0,0,0,0,0,94,76,87,76
kitti,000023,yaw,deg,0.5,-0.5,120412,18595,2,0.57666,1350,0.163111,0.230478,0,0,0,0,0,0,0,0,0,0,0,0,94,81,97,81
kitti,000023,yaw,deg,1,1,120412,18583,2,0.523347,1341,0.0931479,0.230478,0,0,0,0,0,0,0,0,0,0,0,0,94,53,66,53
kitti,000023,yaw,deg,1,-1,120412,18584,2,0.573691,1330,0.165113,0.230478,0,0,0,0,0,0,0,0,0,0,0,0,94,63,83,63
kitti,000023,yaw,deg,1.5,1.5,120412,18591,2,0.51968,1341,0.0904182,0.230478,0,0,0,0,0,0,0,0,0,0,0,0,94,27,44,27
kitti,000023,yaw,deg,1.5,-1.5,120412,18589,2,0.56731,1355,0.154859,0.230478,0,0,0,0,0,0,0,0,0,0,0,0,94,40,66,40
kitti,000023,yaw,deg,2,2,120412,18592,2,0.530215,1320,0.0999469,0.230478,0,0,0,0,0,0,0,0,0,0,0,0,94,10,30,10
kitti,000023,yaw,deg,2,-2,120412,18581,2,0.54643,1379,0.145275,0.230478,0,0,0,0,0,0,0,0,0,0,0,0,94,20,53,20
kitti,000023,yaw,deg,3,3,120412,18594,2,0.54475,1312,0.122954,0.230478,0,0,0,0,0,0,0,0,0,0,0,0,94,0,26,0
kitti,000023,yaw,deg,3,-3,120412,18578,2,0.502273,1367,0.0910614,0.230478,0,0,0,0,0,0,0,0,0,0,0,0,94,0,40,0
kitti,000023,tx,cm,2,2,120412,18640,2,0.559301,1384,0.139576,0.230478,0,0,0,0,0,0,0,0,0,0,0,0,94,93,105,93
kitti,000023,tx,cm,2,-2,120412,18538,2,0.564324,1352,0.145338,0.230478,0,0,0,0,0,0,0,0,0,0,0,0,94,93,104,93
kitti,000023,tx,cm,5,5,120412,18774,2,0.555628,1377,0.136012,0.230478,0,0,0,0,0,0,0,0,0,0,0,0,94,93,104,93
kitti,000023,tx,cm,5,-5,120412,18451,2,0.566796,1332,0.14927,0.230478,0,0,0,0,0,0,0,0,0,0,0,0,94,93,104,93
kitti,000023,tx,cm,10,10,120412,18963,2,0.550166,1378,0.131646,0.230478,0,0,0,0,0,0,0,0,0,0,0,0,94,93,104,93
kitti,000023,tx,cm,10,-10,120412,18298,2,0.559956,1333,0.144037,0.230478,0,0,0,0,0,0,0,0,0,0,0,0,94,93,104,93
kitti,000023,tx,cm,20,20,120412,19343,2,0.546572,1407,0.124434,0.230478,0,0,0,0,0,0,0,0,0,0,0,0,94,93,104,93
kitti,000023,tx,cm,20,-20,120412,17919,2,0.563538,1266,0.147708,0.230478,0,0,0,0,0,0,0,0,0,0,0,0,94,93,103,93
kitti,000023,ty,cm,2,2,120412,18592,2,0.555792,1353,0.137447,0.230478,0,0,0,0,0,0,0,0,0,0,0,0,94,92,103,92
kitti,000023,ty,cm,2,-2,120412,18580,2,0.567243,1355,0.149049,0.230478,0,0,0,0,0,0,0,0,0,0,0,0,94,94,105,94
kitti,000023,ty,cm,5,5,120412,18606,2,0.553097,1360,0.132391,0.230478,0,0,0,0,0,0,0,0,0,0,0,0,94,92,103,92
kitti,000023,ty,cm,5,-5,120412,18568,2,0.567544,1364,0.151718,0.230478,0,0,0,0,0,0,0,0,0,0,0,0,94,94,106,94
kitti,000023,ty,cm,10,10,120412,18616,2,0.543169,1362,0.1209,0.230478,0,0,0,0,0,0,0,0,0,0,0,0,94,90,100,90
kitti,000023,ty,cm,10,-10,120412,18552,2,0.571621,1356,0.157229,0.230478,0,0,0,0,0,0,0,0,0,0,0,0,94,94,106,94
kitti,000023,ty,cm,20,20,120412,18662,2,0.523331,1353,0.0956441,0.230478,0,0,0,0,0,0,0,0,0,0,0,0,94,87,96,87
kitti,000023,ty,cm,20,-20,120412,18510,2,0.56718,1357,0.156174,0.230478,0,0,0,0,0,0,0,0,0,0,0,0,94,91,104,91
kitti,000023,tz,cm,2,2,120412,18780,2,0.543276,1445,0.120424,0.230478,0,0,0,0,0,0,0,0,0,0,0,0,94,93,104,93
kitti,000023,tz,cm,2,-2,120412,18466,2,0.557096,1229,0.139371,0.230478,0,0,0,0,0,0,0,0,0,0,0,0,94,93,104,93
kitti,000023,tz,cm,5,5,120412,19044,2,0.520744,1573,0.0999368,0.230478,0,0,0,0,0,0,0,0,0,0,0,0,94,93,108,93
kitti,000023,tz,cm,5,-5,120412,18209,2,0.52601,1037,0.111695,0.230478,0,0,0,0,0,0,0,0,0,0,0,0,94,93,104,93
kitti,000023,tz,cm,10,10,120412,19446,2,0.486926,1819,0.0623249,0.230478,0,0,0,0,0,0,0,0,0,0,0,0,94,90,110,90
kitti,000023,tz,cm,10,-10,120412,17867,2,0.474473,795,0.0667122,0.230478,0,0,0,0,0,0,0,0,0,0,0,0,94,93,104,93
kitti,000023,tz,cm,20,20,120412,20328,2,0.451265,2158,0.0550956,0.230478,0,0,0,0,0,0,0,0,0,0,0,0,94,90,117,90
kitti,000023,tz,cm,20,-20,120412,17201,2,0.420331,516,0.0447305,0.230478,0,0,0,0,0,0,0,0,0,0,0,0,94,91,100,91
kitti,000025,baseline,,0,0,115780,17529,4,0.597595,1282,0.0816594,0.333796,1078,1078,1966,1078,350,346,797,346,55,55,150,55,0,0,0,0
kitti,000025,roll,deg,0.25,0.25,115780,17548,4,0.593475,1304,0.0759894,0.333796,1078,1078,1972,1078,350,346,797,346,55,55,151,55,0,0,0,0
kitti,000025,roll,deg,0.25,-0.25,115780,17506,4,0.591927,1294,0.0788531,0.333796,1078,1078,1964,1078,350,346,823,346,55,55,150,55,0,0,0,0
kitti,000025,roll,deg,0.5,0.5,115780,17557,4,0.593628,1300,0.0726011,0.333796,1078,1078,1972,1078,350,346,803,346,55,55,151,55,0,0,0,0
kitti,000025,roll,deg,0.5,-0.5,115780,17495,4,0.578399,1308,0.0728512,0.333796,1078,1078,1980,1078,350,347,814,347,55,55,148,55,0,0,0,0
kitti,000025,roll,deg,1,1,115780,17598,4,0.585858,1273,0.0588781,0.333796,1078,1078,1955,1078,350,346,817,346,55,55,151,55,0,0,0,0
kitti,000025,roll,deg,1,-1,115780,17444,4,0.564553,1302,0.0575382,0.333796,1078,1078,1972,1078,350,345,799,345,55,55,148,55,0,0,0,0
kitti,000025,roll,deg,1.5,1.5,115780,17621,4,0.603736,1307,0.0730897,0.333796,1078,1078,1955,1078,350,342,815,342,55,55,150,55,0,0,0,0
kitti,000025,roll,deg,1.5,-1.5,115780,17424,4,0.552809,1313,0.055727,0.333796,1078,1078,1958,1078,350,342,775,342,55,55,148,55,0,0,0,0
kitti,000025,roll,deg,2,2,115780,17643,4,0.56834,1307,0.0445037,0.333796,1078,1078,1974,1078,350,342,815,342,55,55,148,55,0,0,0,0
kitti,000025,roll,deg,2,-2,115780,17425,4,0.540992,1299,0.0458255,0.333796,1078,1078,1966,1078,350,342,804,342,55,55,148,55,0,0,0,0
kitti,000025,roll,deg,3,3,115780,17784,4,0.565255,1287,0.0275261,0.333796,1078,1057,1931,1057,350,334,830,334,55,55,155,55,0,0,0,0
kitti,000025,roll,deg,3,-3,115780,17347,4,0.508935,1308,0.0252185,0.333796,1078,1078,1983,1078,350,331,792,331,55,55,147,55,0,0,0,0
kitti,000025,pitch,deg,0.25,0.25,115780,17385,4,0.580592,1305,0.0740709,0.333796,1078,1078,1973,1078,350,346,821,346,55,55,144,55,0,0,0,0
kitti,000025,pitch,deg,0.25,-0.25,115780,17729,4,0.594011,1258,0.0698857,0.333796,1078,1078,1993,1078,350,339,788,339,55,55,152,55,0,0,0,0
kitti,000025,pitch,deg,0.5,0.5,115780,17171,4,0.540657,1323,0.0473466,0.333796,1078,1078,1992,1078,350,346,814,346,55,55,145,55,0,0,0,0
kitti,000025,pitch,deg,0.5,-0.5,115780,17922,4,0.573606,1278,0.0529884,0.333796,1078,1078,1958,1078,350,339,804,339,55,53,164,53,0,0,0,0
kitti,000025,pitch,deg,1,1,115780,16832,4,0.52138,1253,0.0337288,0.333796,1078,1078,2002,1078,350,312,830,312,55,35,171,35,0,0,0,0
kitti,000025,pitch,deg,1,-1,115780,18250,4,0.572831,1307,0.03832,0.333796,1078,1008,1825,1008,350,301,793,301,55,52,181,52,0,0,0,0
kitti,000025,pitch,deg,1.5,1.5,115780,16511,4,0.500101,1283,0.0250509,0.333796,1078,1078,2039,1078,350,245,797,245,55,20,175,20,0,0,0,0
kitti,000025,pitch,deg,1.5,-1.5,115780,18600,4,0.549372,1290,0.00874597,0.333796,1078,963,1784,963,350,280,831,280,55,49,223,49,0,0,0,0
kitti,000025,pitch,deg,2,2,115780,16151,4,0.466244,1301,0.0108693,0.333796,1078,1059,2117,1059,350,205,810,205,55,6,169,6,0,0,0,0
kitti,000025,pitch,deg,2,-2,115780,18946,4,0.557112,1305,0.00923377,0.333796,1078,927,1788,927,350,249,891,249,55,35,253,35,0,0,0,0
kitti,000025,pitch,deg,3,3,115780,15410,4,0.441805,1269,0.0278656,0.333796,1078,906,2097,906,350,113,791,113,55,0,150,0,0,0,0,0
kitti,000025,pitch,deg,3,-3,115780,19633,4,0.542101,1308,-0.0166185,0.333796,1078,845,1802,845,350,182,895,182,55,0,287,0,0,0,0,0
kitti,000025,yaw,deg,0.25,0.25,115780,17528,4,0.602575,1271,0.0941122,0.333796,1078,1078,1968,1078,350,334,801,334,55,55,153,55,0,0,0,0
kitti,000025,yaw,deg,0.25,-0.25,115780,17533,4,0.573789,1283,0.0519832,0.333796,1078,1078,1967,1078,350,350,791,350,55,55,151,55,0,0,0,0
kitti,000025,yaw,deg,0.5,0.5,115780,17534,4,0.59699,1290,0.0969975,0.333796,1078,1076,1967,1076,350,318,805,318,55,49,149,49,0,0,0,0
kitti,000025,yaw,deg,0.5,-0.5,115780,17538,4,0.554818,1280,0.0393964,0.333796,1078,1076,1956,1076,350,347,793,347,55,55,162,55,0,0,0,0
kitti,000025,yaw,deg,1,1,115780,17540,4,0.579055,1318,0.0852284,0.333796,1078,1056,1971,1056,350,290,834,290,55,44,150,44,0,0,0,0
kitti,000025,yaw,deg,1,-1,115780,17543,4,0.54197,1295,0.024362,0.333796,1078,1060,1955,1060,350,327,793,327,55,52,183,52,0,0,0,0
kitti,000025,yaw,deg,1.5,1.5,115780,17534,4,0.546796,1349,0.0529823,0.333796,1078,1018,1976,1018,350,261,853,261,55,35,152,35,0,0,0,0
kitti,000025,yaw,deg,1.5,-1.5,115780,17545,4,0.533038,1288,0.0215822,0.333796,1078,1029,1952,1029,350,295,794,295,55,49,208,49,0,0,0,0
kitti,000025,yaw,deg,2,2,115780,17541,4,0.5438,1360,0.0495516,0.333796,1078,981,1981,981,350,229,860,229,55,23,155,23,0,0,0,0
kitti,000025,yaw,deg,2,-2,115780,17528,4,0.528824,1290,0.00797445,0.333796,1078,1001,1947,1001,350,264,795,264,55,40,225,40,0,0,0,0
kitti,000025,yaw,deg,3,3,115780,17514,4,0.523291,1401,0.0265531,0.333796,1078,897,1977,897,350,161,866,161,55,6,170,6,0,0,0,0
kitti,000025,yaw,deg,3,-3,115780,17549,4,0.550599,1303,0.0291009,0.333796,1078,933,1961,933,350,194,799,194,55,18,254,18,0,0,0,0
kitti,000025,tx,cm,2,2,115780,17582,4,0.599234,1303,0.0806369,0.333796,1078,1078,1971,1078,350,346,805,346,55,55,150,55,0,0,0,0
kitti,000025,tx,cm,2,-2,115780,17473,4,0.596914,1271,0.0815328,0.333796,1078,1078,1960,1078,350,346,795,346,55,55,150,55,0,0,0,0
kitti,000025,tx,cm,5,5,115780,17697,4,0.598734,1305,0.0822513,0.333796,1078,1078,1983,1078,350,346,808,346,55,55,150,55,0,0,0,0
kitti,000025,tx,cm,5,-5,115780,17386,4,0.598371,1265,0.0835544,0.333796,1078,1078,1953,1078,350,347,792,347,55,55,150,55,0,0,0,0
kitti,000025,tx,cm,10,10,115780,17888,4,0.58879,1329,0.0767885,0.333796,1078,1078,2000,1078,350,345,820,345,55,55,150,55,0,0,0,0
kitti,000025,tx,cm,10,-10,115780,17246,4,0.594782,1258,0.0837899,0.333796,1078,1078,1934,1078,350,348,788,348,55,55,149,55,0,0,0,0
kitti,000025,tx,cm,20,20,115780,18231,4,0.571863,1411,0.0624571,0.333796,1078,1078,2039,1078,350,343,839,343,55,55,151,55,0,0,0,0
kitti,000025,tx,cm,20,-20,115780,16872,4,0.57696,1257,0.0632009,0.333796,1078,1078,1898,1078,350,349,771,349,55,55,149,55,0,0,0,0
kitti,000025,ty,cm,2,2,115780,17528,4,0.605456,1281,0.0943498,0.333796,1078,1078,1965,1078,350,344,800,344,55,55,151,55,0,0,0,0
kitti,000025,ty,cm,2,-2,115780,17527,4,0.594962,1292,0.0779968,0.333796,1078,1078,1967,1078,350,348,794,348,55,55,147,55,0,0,0,0
kitti,000025,ty,cm,5,5,115780,17539,4,0.603824,1302,0.0966977,0.333796,1078,1078,1960,1078,350,339,795,339,55,55,150,55,0,0,0,0
kitti,000025,ty,cm,5,-5,115780,17528,4,0.584013,1300,0.0623983,0.333796,1078,1078,1970,1078,350,349,797,349,55,55,148,55,0,0,0,0
kitti,000025,ty,cm,10,10,115780,17545,4,0.577398,1309,0.0799354,0.333796,1078,1075,1951,1075,350,334,804,334,55,55,148,55,0,0,0,0
kitti,000025,ty,cm,10,-10,115780,17532,4,0.56544,1307,0.0451123,0.333796,1078,1078,1974,1078,350,350,794,350,55,55,153,55,0,0,0,0
kitti,000025,ty,cm,20,20,115780,17552,4,0.55976,1364,0.0766528,0.333796,1078,1047,1933,1047,350,313,813,313,55,51,149,51,0,0,0,0
kitti,000025,ty,cm,20,-20,115780,17522,4,0.547469,1353,0.0294678,0.333796,1078,1061,1961,1061,350,344,775,344,55,55,156,55,0,0,0,0
kitti,000025,tz,cm,2,2,115780,17685,4,0.584456,1344,0.0688125,0.333796,1078,1078,1978,1078,350,346,828,346,55,55,150,55,0,0,0,0
kitti,000025,tz,cm,2,-2,115780,17421,4,0.573409,1249,0.0561566,0.333796,1078,1078,1951,1078,350,346,784,346,55,55,150,55,0,0,0,0
kitti,000025,tz,cm,5,5,115780,17883,4,0.591875,1443,0.0721549,0.333796,1078,1078,2007,1078,350,346,819,346,55,55,153,55,0,0,0,0
kitti,000025,tz,cm,5,-5,115780,17154,4,0.577502,1138,0.0617766,0.333796,1078,1078,1947,1078,350,346,796,346,55,55,150,55,0,0,0,0
kitti,000025,tz,cm,10,10,115780,18299,4,0.56988,1584,0.0602621,0.333796,1078,1078,2018,1078,350,339,829,339,55,55,169,55,0,0,0,0
kitti,000025,tz,cm,10,-10,115780,16871,4,0.578851,1038,0.0657065,0.333796,1078,1078,1915,1078,350,346,779,346,55,55,126,55,0,0,0,0
kitti,000025,tz,cm,20,20,115780,19051,4,0.537373,1789,0.0256722,0.333796,1078,997,1981,997,350,325,849,325,55,55,163,55,0,0,0,0
kitti,000025,tz,cm,20,-20,115780,16283,4,0.558346,722,0.0500235,0.333796,1078,1078,1881,1078,350,346,767,346,55,55,123,55,0,0,0,0
kitti,000031,baseline,,0,0,121291,18896,6,0.544007,1353,0.150921,0.339265,2430,2430,4640,2430,519,519,925,519,0,0,0,0,34,33,46,33
kitti,000031,roll,deg,0.25,0.25,121291,18890,6,0.534353,1389,0.144084,0.339265,2430,2430,4635,2430,519,519,929,519,0,0,0,0,34,33,46,33
kitti,000031,roll,deg,0.25,-0.25,121291,18881,6,0.543212,1361,0.147841,0.339265,2430,2430,4672,2430,519,519,934,519,0,0,0,0,34,33,46,33
kitti,000031,roll,deg,0.5,0.5,121291,18897,6,0.520547,1360,0.134399,0.339265,2430,2430,4698,2430,519,519,930,519,0,0,0,0,34,33,46,33
kitti,000031,roll,deg,0.5,-0.5,121291,18871,6,0.542276,1329,0.145184,0.339265,2430,2411,4660,2411,519,519,931,519,0,0,0,0,34,33,46,33
kitti,000031,roll,deg,1,1,121291,18907,6,0.490046,1356,0.115147,0.339265,2430,2429,4640,2429,519,519,943,519,0,0,0,0,34,33,46,33
kitti,000031,roll,deg,1,-1,121291,18854,6,0.506862,1385,0.103798,0.339265,2430,2391,4597,2391,519,518,920,518,0,0,0,0,34,32,46,32
kitti,000031,roll,deg,1.5,1.5,121291,18913,6,0.464488,1358,0.0956978,0.339265,2430,2405,4675,2405,519,519,964,519,0,0,0,0,34,33,46,33
kitti,000031,roll,deg,1.5,-1.5,121291,18877,6,0.460188,1365,0.0694404,0.339265,2430,2354,4551,2354,519,518,902,518,0,0,0,0,34,32,46,32
kitti,000031,roll,deg,2,2,121291,18913,6,0.434724,1360,0.070892,0.339265,2430,2399,4686,2399,519,518,988,518,0,0,0,0,34,33,39,33
kitti,000031,roll,deg,2,-2,121291,18894,6,0.421573,1374,0.0445519,0.339265,2430,2338,4539,2338,519,517,887,517,0,0,0,0,34,32,46,32
kitti,000031,roll,deg,3,3,121291,18966,6,0.390743,1367,0.0267021,0.339265,2430,2362,4699,2362,519,517,997,517,0,0,0,0,34,34,35,34
kitti,000031,roll,deg,3,-3,121291,18874,6,0.38437,1366,0.0132651,0.339265,2430,2308,4412,2308,519,509,870,509,0,0,0,0,34,32,46,32
kitti,000031,pitch,deg,0.25,0.25,121291,18697,6,0.529776,1320,0.144675,0.339265,2430,2430,4704,2430,519,519,903,519,0,0,0,0,34,33,33,33
kitti,000031,pitch,deg,0.25,-0.25,121291,19132,6,0.52765,1365,0.137604,0.339265,2430,2400,4614,2400,519,519,961,519,0,0,0,0,34,32,48,32
kitti,000031,pitch,deg,0.5,0.5,121291,18446,6,0.471831,1343,0.0947781,0.339265,2430,2430,4716,2430,519,497,871,497,0,0,0,0,34,24,26,24
kitti,000031,pitch,deg,0.5,-0.5,121291,19375,6,0.492528,1367,0.106807,0.339265,2430,2340,4498,2340,519,512,988,512,0,0,0,0,34,32,58,32
kitti,000031,pitch,deg,1,1,121291,18014,6,0.399201,1331,0.0558213,0.339265,2430,2430,4823,2430,519,454,817,454,0,0,0,0,34,14,16,14
kitti,000031,pitch,deg,1,-1,121291,19794,6,0.395603,1350,0.0420515,0.339265,2430,2192,4199,2192,519,497,1081,497,0,0,0,0,34,28,81,28
kitti,000031,pitch,deg,1.5,1.5,121291,17579,6,0.377736,1309,0.0369515,0.339265,2430,2385,4911,2385,519,391,755,391,0,0,0,0,34,1,3,1
kitti,000031,pitch,deg,1.5,-1.5,121291,20238,6,0.343575,1388,0.00894195,0.339265,2430,2094,4160,2094,519,446,1116,446,0,0,0,0,34,19,98,19
kitti,000031,pitch,deg,2,2,121291,17132,6,0.372614,1306,0.00343615,0.339265,2430,2275,5012,2275,519,362,705,362,0,0,0,0,34,1,4,1
kitti,000031,pitch,deg,2,-2,121291,20678,6,0.331375,1391,-0.00394899,0.339265,2430,2043,4258,2043,519,347,1110,347,0,0,0,0,34,0,97,0
kitti,000031,pitch,deg,3,3,121291,16202,6,0.407921,1290,-0.0165063,0.339265,2430,1918,5079,1918,519,303,560,303,0,0,0,0,34,0,2,0
kitti,000031,pitch,deg,3,-3,121291,21545,6,0.329129,1430,-0.0637607,0.339265,2430,1824,4305,1824,519,194,1180,194,0,0,0,0,34,0,106,0
kitti,000031,yaw,deg,0.25,0.25,121291,18880,6,0.541871,1345,0.148353,0.339265,2430,2425,4631,2425,519,510,919,510,0,0,0,0,34,34,51,34
kitti,000031,yaw,deg,0.25,-0.25,121291,18905,6,0.517182,1343,0.123642,0.339265,2430,2430,4651,2430,519,506,926,506,0,0,0,0,34,28,43,28
kitti,000031,yaw,deg,0.5,0.5,121291,18877,6,0.524605,1347,0.127114,0.339265,2430,2406,4610,2406,519,491,914,491,0,0,0,0,34,31,51,31
kitti,000031,yaw,deg,0.5,-0.5,121291,18907,6,0.49248,1326,0.0911518,0.339265,2430,2428,4684,2428,519,478,914,478,0,0,0,0,34,24,39,24
kitti,000031,yaw,deg,1,1,121291,18837,6,0.477967,1351,0.0732566,0.339265,2430,2335,4582,2335,519,451,893,451,0,0,0,0,34,22,48,22
kitti,000031,yaw,deg,1,-1,121291,18905,6,0.462021,1338,0.0544447,0.339265,2430,2385,4710,2385,519,437,909,437,0,0,0,0,34,16,28,16
kitti,000031,yaw,deg,1.5,1.5,121291,18753,6,0.443592,1338,0.035014,0.339265,2430,2248,4562,2248,519,404,864,404,0,0,0,0,34,15,55,15
kitti,000031,yaw,deg,1.5,-1.5,121291,18912,6,0.451349,1305,0.0418089,0.339265,2430,2320,4751,2320,519,377,916,377,0,0,0,0,34,9,18,9
kitti,000031,yaw,deg,2,2,121291,18783,6,0.434653,1415,0.0172304,0.339265,2430,2148,4604,2148,519,358,836,358,0,0,0,0,34,6,60,6
kitti,000031,yaw,deg,2,-2,121291,18931,6,0.437395,1319,0.0149063,0.339265,2430,2237,4785,2237,519,322,913,322,0,0,0,0,34,0,6,0
kitti,000031,yaw,deg,3,3,121291,18731,6,0.412396,1450,-0.0208107,0.339265,2430,1951,4670,1951,519,272,771,272,0,0,0,0,34,0,74,0
kitti,000031,yaw,deg,3,-3,121291,18968,6,0.437043,1300,0.0181341,0.339265,2430,2043,4890,2043,519,229,932,229,0,0,0,0,34,0,0,0
kitti,000031,tx,cm,2,2,121291,18953,6,0.546248,1363,0.154223,0.339265,2430,2430,4676,2430,519,519,927,519,0,0,0,0,34,33,46,33
kitti,000031,tx,cm,2,-2,121291,18826,6,0.544777,1336,0.153572,0.339265,2430,2430,4623,2430,519,519,921,519,0,0,0,0,34,33,46,33
kitti,000031,tx,cm,5,5,121291,19067,6,0.548066,1372,0.158362,0.339265,2430,2430,4701,2430,519,518,932,518,0,0,0,0,34,33,46,33
kitti,000031,tx,cm,5,-5,121291,18722,6,0.548646,1319,0.15205,0.339265,2430,2430,4601,2430,519,519,920,519,0,0,0,0,34,33,46,33
kitti,000031,tx,cm,10,10,121291,19259,6,0.546586,1386,0.161045,0.339265,2430,2430,4745,2430,519,518,945,518,0,0,0,0,34,33,46,33
kitti,000031,tx,cm,10,-10,121291,18565,6,0.539819,1297,0.140316,0.339265,2430,2430,4562,2430,519,519,914,519,0,0,0,0,34,33,46,33
kitti,000031,tx,cm,20,20,121291,19620,6,0.527296,1420,0.133731,0.339265,2430,2428,4815,2428,519,518,962,518,0,0,0,0,34,33,46,33
kitti,000031,tx,cm,20,-20,121291,18189,6,0.52201,1282,0.122604,0.339265,2430,2426,4490,2426,519,519,899,519,0,0,0,0,34,32,45,32
kitti,000031,ty,cm,2,2,121291,18897,6,0.553018,1354,0.160269,0.339265,2430,2429,4640,2429,519,518,918,518,0,0,0,0,34,33,46,33
kitti,000031,ty,cm,2,-2,121291,18891,6,0.536709,1358,0.14531,0.339265,2430,2430,4640,2430,519,518,928,518,0,0,0,0,34,32,46,32
kitti,000031,ty,cm,5,5,121291,18893,6,0.555378,1345,0.16354,0.339265,2430,2427,4627,2427,519,518,914,518,0,0,0,0,34,34,47,34
kitti,000031,ty,cm,5,-5,121291,18878,6,0.517882,1345,0.124951,0.339265,2430,2430,4650,2430,519,516,932,516,0,0,0,0,34,32,46,32
kitti,000031,ty,cm,10,10,121291,18894,6,0.542362,1363,0.145417,0.339265,2430,2412,4605,2412,519,511,905,511,0,0,0,0,34,34,48,34
kitti,000031,ty,cm,10,-10,121291,18870,6,0.496906,1328,0.103578,0.339265,2430,2428,4689,2428,519,508,937,508,0,0,0,0,34,31,44,31
kitti,000031,ty,cm,20,20,121291,18894,6,0.502857,1357,0.0923024,0.339265,2430,2351,4558,2351,519,492,892,492,0,0,0,0,34,34,50,34
kitti,000031,ty,cm,20,-20,121291,18833,6,0.462548,1355,0.069948,0.339265,2430,2385,4696,2385,519,483,933,483,0,0,0,0,34,29,43,29
kitti,000031,tz,cm,2,2,121291,19066,6,0.53951,1457,0.150179,0.339265,2430,2430,4692,2430,519,519,955,519,0,0,0,0,34,33,46,33
kitti,000031,tz,cm,2,-2,121291,18757,6,0.552708,1290,0.160328,0.339265,2430,2430,4612,2430,519,519,913,519,0,0,0,0,34,33,46,33
kitti,000031,tz,cm,5,5,121291,19296,6,0.520844,1550,0.132531,0.339265,2430,2391,4694,2391,519,519,965,519,0,0,0,0,34,33,46,33
kitti,000031,tz,cm,5,-5,121291,18488,6,0.539375,1188,0.142312,0.339265,2430,2430,4603,2430,519,519,897,519,0,0,0,0,34,33,44,33
kitti,000031,tz,cm,10,10,121291,19751,6,0.485844,1703,0.0975461,0.339265,2430,2313,4691,2313,519,519,979,519,0,0,0,0,34,33,46,33
kitti,000031,tz,cm,10,-10,121291,18172,6,0.503429,1022,0.119045,0.339265,2430,2430,4522,2430,519,519,889,519,0,0,0,0,34,33,33,33
kitti,000031,tz,cm,20,20,121291,20615,6,0.444367,2021,0.0608587,0.339265,2430,2184,4674,2184,519,512,1033,512,0,0,0,0,34,32,49,32
kitti,000031,tz,cm,20,-20,121291,17512,6,0.463292,764,0.094509,0.339265,2430,2430,4494,2430,519,496,826,496,0,0,0,0,34,33,33,33
kitti,000032,baseline,,0,0,118661,19535,10,0.504063,1483,0.0970808,0.312786,3882,3882,8127,3882,746,746,2325,746,254,254,852,254,0,0,0,0
kitti,000032,roll,deg,0.25,0.25,118661,19534,10,0.519466,1440,0.110501,0.312786,3882,3882,8134,3882,746,746,2369,746,254,254,854,254,0,0,0,0
kitti,000032,roll,deg,0.25,-0.25,118661,19536,10,0.494883,1449,0.0943836,0.312786,3882,3882,8077,3882,746,746,2282,746,254,253,857,253,0,0,0,0
kitti,000032,roll,deg,0.5,0.5,118661,19538,10,0.504154,1470,0.0953965,0.312786,3882,3882,8078,3882,746,746,2381,746,254,254,834,254,0,0,0,0
kitti,000032,roll,deg,0.5,-0.5,118661,19525,10,0.470615,1470,0.0682681,0.312786,3882,3881,8095,3881,746,746,2249,746,254,253,852,253,0,0,0,0
kitti,000032,roll,deg,1,1,118661,19534,10,0.467397,1460,0.0655031,0.312786,3882,3862,8043,3862,746,722,2372,722,254,254,809,254,0,0,0,0
kitti,000032,roll,deg,1,-1,118661,19529,10,0.447444,1457,0.0481015,0.312786,3882,3872,8041,3872,746,746,2193,746,254,253,842,253,0,0,0,0
kitti,000032,roll,deg,1.5,1.5,118661,19523,10,0.443138,1476,0.0476927,0.312786,3882,3823,7984,3823,746,688,2376,688,254,254,791,254,0,0,0,0
kitti,000032,roll,deg,1.5,-1.5,118661,19558,10,0.424903,1476,0.0350314,0.312786,3882,3850,8027,3850,746,735,2145,735,254,237,819,237,0,0,0,0
kitti,000032,roll,deg,2,2,118661,19512,10,0.430431,1469,0.0297938,0.312786,3882,3807,7975,3807,746,652,2379,652,254,254,773,254,0,0,0,0
kitti,000032,roll,deg,2,-2,118661,19571,10,0.427643,1467,0.0381939,0.312786,3882,3799,7937,3799,746,731,2062,731,254,225,809,225,0,0,0,0
kitti,000032,roll,deg,3,3,118661,19561,10,0.390604,1468,-0.00622669,0.312786,3882,3735,7901,3735,746,581,2416,581,254,254,688,254,0,0,0,0
kitti,000032,roll,deg,3,-3,118661,19561,10,0.413069,1455,0.0225633,0.312786,3882,3730,7847,3730,746,717,1954,717,254,200,786,200,0,0,0,0
kitti,000032,pitch,deg,0.25,0.25,118661,19337,10,0.482941,1451,0.0806718,0.312786,3882,3882,8034,3882,746,746,2245,746,254,250,816,250,0,0,0,0
kitti,000032,pitch,deg,0.25,-0.25,118661,19804,10,0.492819,1472,0.0776918,0.312786,3882,3855,8064,3855,746,746,2384,746,254,254,863,254,0,0,0,0
kitti,000032,pitch,deg,0.5,0.5,118661,19069,10,0.455915,1449,0.0544653,0.312786,3882,3882,8012,3882,746,746,2196,746,254,232,797,232,0,0,0,0
kitti,000032,pitch,deg,0.5,-0.5,118661,20069,10,0.455997,1459,0.0525037,0.312786,3882,3789,7968,3789,746,684,2359,684,254,223,843,223,0,0,0,0
kitti,000032,pitch,deg,1,1,118661,18626,10,0.388651,1460,0.0112703,0.312786,3882,3882,7997,3882,746,746,2123,746,254,189,677,189,0,0,0,0
kitti,000032,pitch,deg,1,-1,118661,20471,10,0.430378,1467,0.0226744,0.312786,3882,3574,7637,3574,746,569,2361,569,254,198,842,198,0,0,0,0
kitti,000032,pitch,deg,1.5,1.5,118661,18169,10,0.333315,1415,-0.0212109,0.312786,3882,3841,8012,3841,746,742,2003,742,254,172,615,172,0,0,0,0
kitti,000032,pitch,deg,1.5,-1.5,118661,20914,10,0.427806,1490,0.0237116,0.312786,3882,3317,7426,3317,746,497,2407,497,254,104,791,104,0,0,0,0
kitti,000032,pitch,deg,2,2,118661,17704,10,0.313826,1391,-0.0309141,0.312786,3882,3760,7989,3760,746,732,1870,732,254,144,531,144,0,0,0,0
kitti,000032,pitch,deg,2,-2,118661,21358,10,0.438042,1495,0.0186549,0.312786,3882,3185,7382,3185,746,360,2389,360,254,54,795,54,0,0,0,0
kitti,000032,pitch,deg,3,3,118661,16765,10,0.324412,1394,-0.0407169,0.312786,3882,3377,7899,3377,746,606,1410,606,254,52,305,52,0,0,0,0
kitti,000032,pitch,deg,3,-3,118661,22259,10,0.463137,1505,-0.00418639,0.312786,3882,2800,7356,2800,746,207,2478,207,254,0,683,0,0,0,0,0
kitti,000032,yaw,deg,0.25,0.25,118661,19537,10,0.512341,1458,0.110055,0.312786,3882,3882,8140,3882,746,744,2312,744,254,253,857,253,0,0,0,0
kitti,000032,yaw,deg,0.25,-0.25,118661,19536,10,0.485861,1470,0.0787506,0.312786,3882,3879,8122,3879,746,743,2344,743,254,248,854,248,0,0,0,0
kitti,000032,yaw,deg,0.5,0.5,118661,19547,10,0.504378,1462,0.106942,0.312786,3882,3882,8142,3882,746,737,2309,737,254,244,870,244,0,0,0,0
kitti,000032,yaw,deg,0.5,-0.5,118661,19536,10,0.450929,1478,0.0459908,0.312786,3882,3864,8121,3864,746,740,2345,740,254,236,854,236,0,0,0,0
kitti,000032,yaw,deg,1,1,118661,19546,10,0.479013,1455,0.0754233,0.312786,3882,3852,8165,3852,746,724,2315,724,254,203,871,203,0,0,0,0
kitti,000032,yaw,deg,1,-1,118661,19539,10,0.434314,1481,0.0290735,0.312786,3882,3789,8113,3789,746,729,2333,729,254,216,860,216,0,0,0,0
kitti,000032,yaw,deg,1.5,1.5,118661,19551,10,0.451222,1442,0.0377522,0.312786,3882,3798,8169,3798,746,700,2299,700,254,163,864,163,0,0,0,0
kitti,000032,yaw,deg,1.5,-1.5,118661,19533,10,0.408502,1512,0.00194877,0.312786,3882,3680,8142,3680,746,697,2338,697,254,194,865,194,0,0,0,0
kitti,000032,yaw,deg,2,2,118661,19548,10,0.438854,1448,0.0155119,0.312786,3882,3727,8191,3727,746,679,2295,679,254,135,877,135,0,0,0,0
kitti,000032,yaw,deg,2,-2,118661,19540,10,0.40116,1511,-0.0101232,0.312786,3882,3559,8131,3559,746,657,2367,657,254,169,872,169,0,0,0,0
kitti,000032,yaw,deg,3,3,118661,19552,10,0.430397,1420,-0.00882548,0.312786,3882,3536,8251,3536,746,655,2279,655,254,82,864,82,0,0,0,0
kitti,000032,yaw,deg,3,-3,118661,19537,10,0.381651,1515,-0.0183185,0.312786,3882,3257,8152,3257,746,554,2372,554,254,147,852,147,0,0,0,0
kitti,000032,tx,cm,2,2,118661,19595,10,0.506918,1465,0.0985135,0.312786,3882,3882,8157,3882,746,746,2336,746,254,253,853,253,0,0,0,0
kitti,000032,tx,cm,2,-2,118661,19475,10,0.504065,1468,0.0998238,0.312786,3882,3882,8094,3882,746,746,2321,746,254,254,847,254,0,0,0,0
kitti,000032,tx,cm,5,5,118661,19739,10,0.501627,1482,0.0953619,0.312786,3882,3882,8191,3882,746,746,2346,746,254,253,855,253,0,0,0,0
kitti,000032,tx,cm,5,-5,118661,19389,10,0.5064,1462,0.100196,0.312786,3882,3882,8044,3882,746,746,2312,746,254,254,844,254,0,0,0,0
kitti,000032,tx,cm,10,10,118661,19921,10,0.508739,1473,0.0990583,0.312786,3882,3882,8287,3882,746,745,2361,745,254,253,857,253,0,0,0,0
kitti,000032,tx,cm,10,-10,118661,19237,10,0.499758,1443,0.0956211,0.312786,3882,3881,7952,3881,746,746,2303,746,254,254,838,254,0,0,0,0
kitti,000032,tx,cm,20,20,118661,20304,10,0.49107,1491,0.0888336,0.312786,3882,3882,8452,3882,746,744,2390,744,254,253,884,253,0,0,0,0
kitti,000032,tx,cm,20,-20,118661,18871,10,0.491403,1443,0.0873432,0.312786,3882,3877,7761,3877,746,746,2272,746,254,254,825,254,0,0,0,0
kitti,000032,ty,cm,2,2,118661,19534,10,0.505887,1457,0.101302,0.312786,3882,3882,8129,3882,746,745,2330,745,254,254,853,254,0,0,0,0
kitti,000032,ty,cm,2,-2,118661,19538,10,0.501428,1483,0.0930462,0.312786,3882,3882,8120,3882,746,746,2323,746,254,253,846,253,0,0,0,0
kitti,000032,ty,cm,5,5,118661,19529,10,0.5101,1439,0.104694,0.312786,3882,3882,8126,3882,746,745,2336,745,254,254,854,254,0,0,0,0
kitti,000032,ty,cm,5,-5,118661,19550,10,0.490069,1500,0.0819127,0.312786,3882,3882,8115,3882,746,746,2328,746,254,253,846,253,0,0,0,0
kitti,000032,ty,cm,10,10,118661,19531,10,0.497447,1427,0.100313,0.312786,3882,3882,8117,3882,746,744,2345,744,254,254,861,254,0,0,0,0
kitti,000032,ty,cm,10,-10,118661,19550,10,0.470646,1512,0.0564004,0.312786,3882,3873,8114,3873,746,744,2310,744,254,252,844,252,0,0,0,0
kitti,000032,ty,cm,20,20,118661,19527,10,0.470472,1427,0.0790218,0.312786,3882,3860,8106,3860,746,735,2357,735,254,252,872,252,0,0,0,0
kitti,000032,ty,cm,20,-20,118661,19551,10,0.435509,1533,0.0217405,0.312786,3882,3805,8093,3805,746,741,2280,741,254,247,840,247,0,0,0,0
kitti,000032,tz,cm,2,2,118661,19723,10,0.503086,1517,0.0964278,0.312786,3882,3882,8202,3882,746,746,2369,746,254,254,871,254,0,0,0,0
kitti,000032,tz,cm,2,-2,118661,19412,10,0.52122,1394,0.114182,0.312786,3882,3882,8041,3882,746,746,2292,746,254,254,850,254,0,0,0,0
kitti,000032,tz,cm,5,5,118661,19982,10,0.497009,1592,0.0874693,0.312786,3882,3858,8214,3858,746,746,2408,746,254,254,880,254,0,0,0,0
kitti,000032,tz,cm,5,-5,118661,19163,10,0.505183,1310,0.0932266,0.312786,3882,3882,7936,3882,746,746,2220,746,254,254,814,254,0,0,0,0
kitti,000032,tz,cm,10,10,118661,20379,10,0.477288,1686,0.0549743,0.312786,3882,3735,8203,3735,746,746,2468,746,254,254,893,254,0,0,0,0
kitti,000032,tz,cm,10,-10,118661,18823,10,0.478955,1138,0.0611083,0.312786,3882,3882,7777,3882,746,746,2141,746,254,254,778,254,0,0,0,0
kitti,000032,tz,cm,20,20,118661,21250,10,0.464736,1793,0.0486294,0.312786,3882,3475,8070,3475,746,669,2585,669,254,254,891,254,0,0,0,0
kitti,000032,tz,cm,20,-20,118661,18170,10,0.459945,784,0.0413183,0.312786,3882,3882,7513,3882,746,746,2007,746,254,243,708,243,0,0,0,0
kitti,000043,baseline,,0,0,122591,19655,4,0.561307,881,0.068372,0.354226,346,309,620,309,165,163,360,163,0,0,0,0,0,0,0,0
kitti,000043,roll,deg,0.25,0.25,122591,19658,4,0.569202,901,0.075442,0.354226,346,310,636,310,165,163,368,163,0,0,0,0,0,0,0,0
kitti,000043,roll,deg,0.25,-0.25,122591,19647,4,0.553774,888,0.0592824,0.354226,346,309,615,309,165,163,359,163,0,0,0,0,0,0,0,0
kitti,000043,roll,deg,0.5,0.5,122591,19663,4,0.554194,877,0.0583814,0.354226,346,310,638,310,165,163,359,163,0,0,0,0,0,0,0,0
kitti,000043,roll,deg,0.5,-0.5,122591,19648,4,0.552749,894,0.0583316,0.354226,346,309,619,309,165,163,362,163,0,0,0,0,0,0,0,0
kitti,000043,roll,deg,1,1,122591,19653,4,0.570371,904,0.072167,0.354226,346,305,620,305,165,163,349,163,0,0,0,0,0,0,0,0
kitti,000043,roll,deg,1,-1,122591,19658,4,0.539573,907,0.0391693,0.354226,346,309,628,309,165,162,357,162,0,0,0,0,0,0,0,0
kitti,000043,roll,deg,1.5,1.5,122591,19643,4,0.561251,888,0.0693128,0.354226,346,305,623,305,165,163,351,163,0,0,0,0,0,0,0,0
kitti,000043,roll,deg,1.5,-1.5,122591,19687,4,0.54094,901,0.0360758,0.354226,346,308,629,308,165,162,363,162,0,0,0,0,0,0,0,0
kitti,000043,roll,deg,2,2,122591,19627,4,0.566016,910,0.0772436,0.354226,346,305,624,305,165,164,349,164,0,0,0,0,0,0,0,0
kitti,000043,roll,deg,2,-2,122591,19695,4,0.540313,908,0.034887,0.354226,346,308,625,308,165,162,370,162,0,0,0,0,0,0,0,0
kitti,000043,roll,deg,3,3,122591,19671,4,0.549866,925,0.0621883,0.354226,346,298,627,298,165,164,349,164,0,0,0,0,0,0,0,0
kitti,000043,roll,deg,3,-3,122591,19685,4,0.530697,905,0.0208552,0.354226,346,307,626,307,165,162,371,162,0,0,0,0,0,0,0,0
kitti,000043,pitch,deg,0.25,0.25,122591,19465,4,0.560449,897,0.0700758,0.354226,346,309,628,309,165,163,352,163,0,0,0,0,0,0,0,0
kitti,000043,pitch,deg,0.25,-0.25,122591,19926,4,0.55277,907,0.0535221,0.354226,346,305,604,305,165,162,371,162,0,0,0,0,0,0,0,0
kitti,000043,pitch,deg,0.5,0.5,122591,19200,4,0.548535,897,0.0552929,0.354226,346,309,632,309,165,162,349,162,0,0,0,0,0,0,0,0
kitti,000043,pitch,deg,0.5,-0.5,122591,20183,4,0.551903,876,0.0493479,0.354226,346,300,619,300,165,160,371,160,0,0,0,0,0,0,0,0
kitti,000043,pitch,deg,1,1,122591,18768,4,0.542198,896,0.0468792,0.354226,346,306,608,306,165,155,337,155,0,0,0,0,0,0,0,0
kitti,000043,pitch,deg,1,-1,122591,20578,4,0.535652,889,0.0272992,0.354226,346,276,613,276,165,153,374,153,0,0,0,0,0,0,0,0
kitti,000043,pitch,deg,1.5,1.5,122591,18310,4,0.509941,893,0.0410115,0.354226,346,288,615,288,165,137,305,137,0,0,0,0,0,0,0,0
kitti,000043,pitch,deg,1.5,-1.5,122591,21022,4,0.516985,901,0.00258058,0.354226,346,255,575,255,165,129,382,129,0,0,0,0,0,0,0,0
kitti,000043,pitch,deg,2,2,122591,17846,4,0.48292,864,0.0287266,0.354226,346,276,601,276,165,126,278,126,0,0,0,0,0,0,0,0
kitti,000043,pitch,deg,2,-2,122591,21470,4,0.52997,898,0.0114504,0.354226,346,211,549,211,165,104,366,104,0,0,0,0,0,0,0,0
kitti,000043,pitch,deg,3,3,122591,16922,4,0.427289,858,0.0100266,0.354226,346,236,522,236,165,79,209,79,0,0,0,0,0,0,0,0
kitti,000043,pitch,deg,3,-3,122591,22348,4,0.53954,901,0.0100409,0.354226,346,147,556,147,165,53,393,53,0,0,0,0,0,0,0,0
kitti,000043,yaw,deg,0.25,0.25,122591,19669,4,0.565033,882,0.0666641,0.354226,346,307,624,307,165,152,370,152,0,0,0,0,0,0,0,0
kitti,000043,yaw,deg,0.25,-0.25,122591,19640,4,0.520841,891,0.0334728,0.354226,346,306,623,306,165,163,365,163,0,0,0,0,0,0,0,0
kitti,000043,yaw,deg,0.5,0.5,122591,19689,4,0.544082,865,0.044131,0.354226,346,277,616,277,165,127,370,127,0,0,0,0,0,0,0,0
kitti,000043,yaw,deg,0.5,-0.5,122591,19619,4,0.504537,892,0.0262738,0.354226,346,303,620,303,165,155,354,155,0,0,0,0,0,0,0,0
kitti,000043,yaw,deg,1,1,122591,19713,4,0.503937,855,0.00665772,0.354226,346,187,624,187,165,58,370,58,0,0,0,0,0,0,0,0
kitti,000043,yaw,deg,1,-1,122591,19623,4,0.493033,898,0.024207,0.354226,346,229,619,229,165,106,347,106,0,0,0,0,0,0,0,0
kitti,000043,yaw,deg,1.5,1.5,122591,19736,4,0.495499,875,0.00704995,0.354226,346,93,620,93,165,11,374,11,0,0,0,0,0,0,0,0
kitti,000043,yaw,deg,1.5,-1.5,122591,19617,4,0.499631,923,0.0182883,0.354226,346,130,612,130,165,40,345,40,0,0,0,0,0,0,0,0
kitti,000043,yaw,deg,2,2,122591,19769,4,0.498813,855,0.0159002,0.354226,346,25,621,25,165,1,384,1,0,0,0,0,0,0,0,0
kitti,000043,yaw,deg,2,-2,122591,19572,4,0.514668,914,0.0340517,0.354226,346,51,619,51,165,1,347,1,0,0,0,0,0,0,0,0
kitti,000043,yaw,deg,3,3,122591,19811,4,0.509741,859,0.0113648,0.354226,346,0,627,0,165,0,382,0,0,0,0,0,0,0,0,0
kitti,000043,yaw,deg,3,-3,122591,19565,4,0.510599,891,0.0219432,0.354226,346,0,616,0,165,0,307,0,0,0,0,0,0,0,0,0
kitti,000043,tx,cm,2,2,122591,19717,4,0.567164,881,0.0710438,0.354226,346,309,622,309,165,163,360,163,0,0,0,0,0,0,0,0
kitti,000043,tx,cm,2,-2,122591,19593,4,0.560337,881,0.0675169,0.354226,346,309,625,309,165,163,359,163,0,0,0,0,0,0,0,0
kitti,000043,tx,cm,5,5,122591,19868,4,0.571223,874,0.0720866,0.354226,346,310,630,310,165,163,358,163,0,0,0,0,0,0,0,0
kitti,000043,tx,cm,5,-5,122591,19491,4,0.54861,879,0.0570529,0.354226,346,309,618,309,165,163,360,163,0,0,0,0,0,0,0,0
kitti,000043,tx,cm,10,10,122591,20075,4,0.576325,887,0.0718006,0.354226,346,309,636,309,165,164,362,164,0,0,0,0,0,0,0,0
kitti,000043,tx,cm,10,-10,122591,19339,4,0.543047,878,0.0543614,0.354226,346,309,612,309,165,164,360,164,0,0,0,0,0,0,0,0
kitti,000043,tx,cm,20,20,122591,20492,4,0.565536,884,0.0665734,0.354226,346,308,649,308,165,163,363,163,0,0,0,0,0,0,0,0
kitti,000043,tx,cm,20,-20,122591,18919,4,0.529832,870,0.0478098,0.354226,346,307,602,307,165,164,356,164,0,0,0,0,0,0,0,0
kitti,000043,ty,cm,2,2,122591,19653,4,0.574312,867,0.0776572,0.354226,346,311,625,311,165,164,361,164,0,0,0,0,0,0,0,0
kitti,000043,ty,cm,2,-2,122591,19650,4,0.545568,885,0.0538893,0.354226,346,309,621,309,165,164,362,164,0,0,0,0,0,0,0,0
kitti,000043,ty,cm,5,5,122591,19659,4,0.574868,857,0.0795457,0.354226,346,306,623,306,165,161,364,161,0,0,0,0,0,0,0,0
kitti,000043,ty,cm,5,-5,122591,19648,4,0.531387,896,0.0440571,0.354226,346,308,625,308,165,164,363,164,0,0,0,0,0,0,0,0
kitti,000043,ty,cm,10,10,122591,19671,4,0.54237,868,0.0534461,0.354226,346,290,614,290,165,152,356,152,0,0,0,0,0,0,0,0
kitti,000043,ty,cm,10,-10,122591,19647,4,0.505325,929,0.0280666,0.354226,346,304,627,304,165,162,368,162,0,0,0,0,0,0,0,0
kitti,000043,ty,cm,20,20,122591,19685,4,0.498974,905,0.026335,0.354226,346,213,592,213,165,119,350,119,0,0,0,0,0,0,0,0
kitti,000043,ty,cm,20,-20,122591,19631,4,0.499135,1013,0.0119698,0.354226,346,252,610,252,165,154,356,154,0,0,0,0,0,0,0,0
kitti,000043,tz,cm,2,2,122591,19858,4,0.561179,908,0.0653914,0.354226,346,309,635,309,165,163,360,163,0,0,0,0,0,0,0,0
kitti,000043,tz,cm,2,-2,122591,19527,4,0.562683,848,0.0733146,0.354226,346,309,611,309,165,163,368,163,0,0,0,0,0,0,0,0
kitti,000043,tz,cm,5,5,122591,20126,4,0.553771,947,0.050379,0.354226,346,305,631,305,165,162,359,162,0,0,0,0,0,0,0,0
kitti,000043,tz,cm,5,-5,122591,19267,4,0.561165,842,0.0736108,0.354226,346,309,622,309,165,163,347,163,0,0,0,0,0,0,0,0
kitti,000043,tz,cm,10,10,122591,20538,4,0.562044,981,0.0478423,0.354226,346,305,644,305,165,162,379,162,0,0,0,0,0,0,0,0
kitti,000043,tz,cm,10,-10,122591,18917,4,0.548719,790,0.0706454,0.354226,346,309,600,309,165,163,348,163,0,0,0,0,0,0,0,0
kitti,000043,tz,cm,20,20,122591,21447,4,0.572425,1143,0.0480656,0.354226,346,278,660,278,165,158,382,158,0,0,0,0,0,0,0,0
kitti,000043,tz,cm,20,-20,122591,18235,4,0.514527,692,0.0474071,0.354226,346,309,588,309,165,162,332,162,0,0,0,0,0,0,0,0
kitti,000048,baseline,,0,0,122675,19820,4,0.662144,2772,0.0721524,0.444988,0,0,0,0,392,323,694,323,39,39,73,39,0,0,0,0
kitti,000048,roll,deg,0.25,0.25,122675,19834,4,0.660506,2782,0.0717563,0.444988,0,0,0,0,392,323,701,323,39,39,73,39,0,0,0,0
kitti,000048,roll,deg,0.25,-0.25,122675,19834,4,0.657986,2779,0.0700094,0.444988,0,0,0,0,392,324,695,324,39,39,73,39,0,0,0,0
kitti,000048,roll,deg,0.5,0.5,122675,19844,4,0.663999,2798,0.0758231,0.444988,0,0,0,0,392,322,708,322,39,39,73,39,0,0,0,0
kitti,000048,roll,deg,0.5,-0.5,122675,19848,4,0.654664,2777,0.0650996,0.444988,0,0,0,0,392,324,692,324,39,39,73,39,0,0,0,0
kitti,000048,roll,deg,1,1,122675,19852,4,0.66701,2795,0.0728782,0.444988,0,0,0,0,392,322,693,322,39,39,73,39,0,0,0,0
kitti,000048,roll,deg,1,-1,122675,19864,4,0.638628,2772,0.0536452,0.444988,0,0,0,0,392,325,697,325,39,39,73,39,0,0,0,0
kitti,000048,roll,deg,1.5,1.5,122675,19883,4,0.667929,2794,0.0726816,0.444988,0,0,0,0,392,324,699,324,39,39,73,39,0,0,0,0
kitti,000048,roll,deg,1.5,-1.5,122675,19850,4,0.627279,2781,0.0414932,0.444988,0,0,0,0,392,327,689,327,39,39,73,39,0,0,0,0
kitti,000048,roll,deg,2,2,122675,19918,4,0.658364,2794,0.0584549,0.444988,0,0,0,0,392,324,699,324,39,39,72,39,0,0,0,0
kitti,000048,roll,deg,2,-2,122675,19853,4,0.622783,2793,0.0382834,0.444988,0,0,0,0,392,327,702,327,39,39,72,39,0,0,0,0
kitti,000048,roll,deg,3,3,122675,19940,4,0.643239,2811,0.0407452,0.444988,0,0,0,0,392,322,684,322,39,39,72,39,0,0,0,0
kitti,000048,roll,deg,3,-3,122675,19876,4,0.607687,2805,0.036408,0.444988,0,0,0,0,392,329,709,329,39,39,72,39,0,0,0,0
kitti,000048,pitch,deg,0.25,0.25,122675,19656,4,0.660413,2770,0.0698964,0.444988,0,0,0,0,392,322,688,322,39,39,62,39,0,0,0,0
kitti,000048,pitch,deg,0.25,-0.25,122675,20097,4,0.652318,2782,0.0672593,0.444988,0,0,0,0,392,324,719,324,39,39,83,39,0,0,0,0
kitti,000048,pitch,deg,0.5,0.5,122675,19376,4,0.655159,2785,0.0590977,0.444988,0,0,0,0,392,323,673,323,39,34,52,34,0,0,0,0
kitti,000048,pitch,deg,0.5,-0.5,122675,20370,4,0.632718,2777,0.0502021,0.444988,0,0,0,0,392,324,726,324,39,39,89,39,0,0,0,0
kitti,000048,pitch,deg,1,1,122675,18960,4,0.650794,2740,0.0429387,0.444988,0,0,0,0,392,308,644,308,39,28,38,28,0,0,0,0
kitti,000048,pitch,deg,1,-1,122675,20776,4,0.610751,2821,0.0313646,0.444988,0,0,0,0,392,305,727,305,39,31,92,31,0,0,0,0
kitti,000048,pitch,deg,1.5,1.5,122675,18550,4,0.654505,2742,0.0416716,0.444988,0,0,0,0,392,285,574,285,39,19,29,19,0,0,0,0
kitti,000048,pitch,deg,1.5,-1.5,122675,21189,4,0.582925,2828,0.0129076,0.444988,0,0,0,0,392,291,751,291,39,25,104,25,0,0,0,0
kitti,000048,pitch,deg,2,2,122675,18133,4,0.643269,2690,0.0338855,0.444988,0,0,0,0,392,265,526,265,39,14,20,14,0,0,0,0
kitti,000048,pitch,deg,2,-2,122675,21617,4,0.565014,2844,0.0106034,0.444988,0,0,0,0,392,233,721,233,39,20,115,20,0,0,0,0
kitti,000048,pitch,deg,3,3,122675,17164,4,0.614609,2623,0.00434083,0.444988,0,0,0,0,392,186,426,186,39,0,0,0,0,0,0,0
kitti,000048,pitch,deg,3,-3,122675,22481,4,0.515204,2868,-0.0101954,0.444988,0,0,0,0,392,150,763,150,39,5,123,5,0,0,0,0
kitti,000048,yaw,deg,0.25,0.25,122675,19831,4,0.663732,2779,0.0687035,0.444988,0,0,0,0,392,311,702,311,39,39,66,39,0,0,0,0
kitti,000048,yaw,deg,0.25,-0.25,122675,19813,4,0.655841,2774,0.0659778,0.444988,0,0,0,0,392,329,681,329,39,38,72,38,0,0,0,0
kitti,000048,yaw,deg,0.5,0.5,122675,19841,4,0.645506,2785,0.0504608,0.444988,0,0,0,0,392,259,700,259,39,36,62,36,0,0,0,0
kitti,000048,yaw,deg,0.5,-0.5,122675,19824,4,0.649092,2797,0.0550385,0.444988,0,0,0,0,392,339,678,339,39,29,65,29,0,0,0,0
kitti,000048,yaw,deg,1,1,122675,19852,4,0.641478,2766,0.0406408,0.444988,0,0,0,0,392,143,696,143,39,18,52,18,0,0,0,0
kitti,000048,yaw,deg,1,-1,122675,19870,4,0.638744,2848,0.0499984,0.444988,0,0,0,0,392,307,673,307,39,9,50,9,0,0,0,0
kitti,000048,yaw,deg,1.5,1.5,122675,19873,4,0.643023,2764,0.0383276,0.444988,0,0,0,0,392,63,713,63,39,1,43,1,0,0,0,0
kitti,000048,yaw,deg,1.5,-1.5,122675,19855,4,0.616878,2833,0.025882,0.444988,0,0,0,0,392,200,662,200,39,0,50,0,0,0,0,0
kitti,000048,yaw,deg,2,2,122675,19883,4,0.636008,2729,0.0260467,0.444988,0,0,0,0,392,26,740,26,39,0,52,0,0,0,0,0
kitti,000048,yaw,deg,2,-2,122675,19848,4,0.603494,2847,0.0156125,0.444988,0,0,0,0,392,83,631,83,39,0,57,0,0,0,0,0
kitti,000048,yaw,deg,3,3,122675,19897,4,0.619595,2733,0.00473666,0.444988,0,0,0,0,392,0,752,0,39,0,63,0,0,0,0,0
kitti,000048,yaw,deg,3,-3,122675,19795,4,0.588197,2831,0.00225425,0.444988,0,0,0,0,392,12,619,12,39,0,93,0,0,0,0,0
kitti,000048,tx,cm,2,2,122675,19945,4,0.663271,2788,0.0719496,0.444988,0,0,0,0,392,326,697,326,39,39,73,39,0,0,0,0
kitti,000048,tx,cm,2,-2,122675,19738,4,0.658706,2774,0.0697016,0.444988,0,0,0,0,392,322,695,322,39,39,73,39,0,0,0,0
kitti,000048,tx,cm,5,5,122675,20108,4,0.662476,2810,0.0721371,0.444988,0,0,0,0,392,328,700,328,39,39,73,39,0,0,0,0
kitti,000048,tx,cm,5,-5,122675,19634,4,0.662009,2763,0.0715479,0.444988,0,0,0,0,392,321,695,321,39,39,73,39,0,0,0,0
kitti,000048,tx,cm,10,10,122675,20362,4,0.662823,2804,0.0743953,0.444988,0,0,0,0,392,331,704,331,39,39,73,39,0,0,0,0
kitti,000048,tx,cm,10,-10,122675,19437,4,0.660571,2755,0.0696315,0.444988,0,0,0,0,392,320,693,320,39,39,73,39,0,0,0,0
kitti,000048,tx,cm,20,20,122675,20880,4,0.658618,2850,0.0665045,0.444988,0,0,0,0,392,331,714,331,39,39,73,39,0,0,0,0
kitti,000048,tx,cm,20,-20,122675,19053,4,0.658494,2728,0.0662876,0.444988,0,0,0,0,392,319,687,319,39,39,73,39,0,0,0,0
kitti,000048,ty,cm,2,2,122675,19827,4,0.662221,2772,0.0717303,0.444988,0,0,0,0,392,320,693,320,39,39,72,39,0,0,0,0
kitti,000048,ty,cm,2,-2,122675,19809,4,0.655437,2792,0.0660467,0.444988,0,0,0,0,392,327,699,327,39,39,73,39,0,0,0,0
kitti,000048,ty,cm,5,5,122675,19858,4,0.665182,2806,0.0733485,0.444988,0,0,0,0,392,315,689,315,39,39,71,39,0,0,0,0
kitti,000048,ty,cm,5,-5,122675,19803,4,0.655237,2788,0.0652355,0.444988,0,0,0,0,392,325,689,325,39,39,72,39,0,0,0,0
kitti,000048,ty,cm,10,10,122675,19898,4,0.662902,2814,0.0668446,0.444988,0,0,0,0,392,294,686,294,39,39,70,39,0,0,0,0
kitti,000048,ty,cm,10,-10,122675,19788,4,0.649851,2762,0.0569422,0.444988,0,0,0,0,392,329,683,329,39,39,72,39,0,0,0,0
kitti,000048,ty,cm,20,20,122675,19930,4,0.657409,2831,0.0644176,0.444988,0,0,0,0,392,221,658,221,39,38,67,38,0,0,0,0
kitti,000048,ty,cm,20,-20,122675,19824,4,0.6365,2775,0.0471261,0.444988,0,0,0,0,392,342,695,342,39,36,70,36,0,0,0,0
kitti,000048,tz,cm,2,2,122675,20051,4,0.663727,2866,0.0749958,0.444988,0,0,0,0,392,323,705,323,39,39,73,39,0,0,0,0
kitti,000048,tz,cm,2,-2,122675,19697,4,0.660106,2664,0.0699686,0.444988,0,0,0,0,392,323,694,323,39,39,73,39,0,0,0,0
kitti,000048,tz,cm,5,5,122675,20365,4,0.655201,2962,0.0654214,0.444988,0,0,0,0,392,323,716,323,39,39,73,39,0,0,0,0
kitti,000048,tz,cm,5,-5,122675,19453,4,0.660493,2551,0.0687727,0.444988,0,0,0,0,392,322,670,322,39,39,70,39,0,0,0,0
kitti,000048,tz,cm,10,10,122675,20788,4,0.636704,3183,0.0527325,0.444988,0,0,0,0,392,324,733,324,39,39,83,39,0,0,0,0
kitti,000048,tz,cm,10,-10,122675,19060,4,0.656099,2335,0.0599426,0.444988,0,0,0,0,392,323,662,323,39,39,62,39,0,0,0,0
kitti,000048,tz,cm,20,20,122675,21704,4,0.6062,3568,0.0288389,0.444988,0,0,0,0,392,318,760,318,39,39,83,39,0,0,0,0
kitti,000048,tz,cm,20,-20,122675,18262,4,0.642764,1940,0.0458667,0.444988,0,0,0,0,392,321,637,321,39,39,62,39,0,0,0,0
kitti,000049,baseline,,0,0,113691,18093,12,0.57024,1487,0.130036,0.354676,1913,1901,4169,1901,980,937,2855,937,135,131,597,131,0,0,0,0
kitti,000049,roll,deg,0.25,0.25,113691,18076,12,0.565133,1497,0.119988,0.354676,1913,1901,4173,1901,980,960,2875,960,135,131,585,131,0,0,0,0
kitti,000049,roll,deg,0.25,-0.25,113691,18085,12,0.5805,1500,0.13954,0.354676,1913,1901,4135,1901,980,954,2826,954,135,131,601,131,0,0,0,0
kitti,000049,roll,deg,0.5,0.5,113691,18072,12,0.537164,1510,0.0957469,0.354676,1913,1901,4261,1901,980,945,2870,945,135,131,556,131,0,0,0,0
kitti,000049,roll,deg,0.5,-0.5,113691,18069,12,0.569221,1483,0.127009,0.354676,1913,1903,4111,1903,980,952,2802,952,135,128,590,128,0,0,0,0
kitti,000049,roll,deg,1,1,113691,18070,12,0.491999,1483,0.0629366,0.354676,1913,1896,4291,1896,980,893,2838,893,135,130,592,130,0,0,0,0
kitti,000049,roll,deg,1,-1,113691,18077,12,0.542297,1494,0.102059,0.354676,1913,1860,4067,1860,980,952,2831,952,135,117,556,117,0,0,0,0
kitti,000049,roll,deg,1.5,1.5,113691,18057,12,0.479809,1515,0.0462306,0.354676,1913,1862,4245,1862,980,886,2878,886,135,129,574,129,0,0,0,0
kitti,000049,roll,deg,1.5,-1.5,113691,18111,12,0.533678,1500,0.0854961,0.354676,1913,1849,4007,1849,980,942,2826,942,135,118,565,118,0,0,0,0
kitti,000049,roll,deg,2,2,113691,18049,12,0.459542,1496,0.0295074,0.354676,1913,1862,4307,1862,980,874,2906,874,135,129,567,129,0,0,0,0
kitti,000049,roll,deg,2,-2,113691,18110,12,0.514849,1495,0.06582,0.354676,1913,1805,3941,1805,980,923,2803,923,135,116,551,116,0,0,0,0
kitti,000049,roll,deg,3,3,113691,18103,12,0.441723,1523,0.00227872,0.354676,1913,1822,4310,1822,980,844,2974,844,135,120,560,120,0,0,0,0
kitti,000049,roll,deg,3,-3,113691,18106,12,0.478617,1498,0.0337515,0.354676,1913,1756,3849,1756,980,889,2781,889,135,115,577,115,0,0,0,0
kitti,000049,pitch,deg,0.25,0.25,113691,17897,12,0.556762,1491,0.127396,0.354676,1913,1913,4170,1913,980,979,2792,979,135,131,562,131,0,0,0,0
kitti,000049,pitch,deg,0.25,-0.25,113691,18322,12,0.558235,1540,0.107403,0.354676,1913,1870,4137,1870,980,896,2900,896,135,115,569,115,0,0,0,0
kitti,000049,pitch,deg,0.5,0.5,113691,17658,12,0.522825,1493,0.098363,0.354676,1913,1913,4174,1913,980,974,2758,974,135,125,543,125,0,0,0,0
kitti,000049,pitch,deg,0.5,-0.5,113691,18558,12,0.515877,1521,0.0633863,0.354676,1913,1799,4085,1799,980,825,2884,825,135,110,612,110,0,0,0,0
kitti,000049,pitch,deg,1,1,113691,17240,12,0.466203,1461,0.0520075,0.354676,1913,1881,4166,1881,980,900,2610,900,135,111,469,111,0,0,0,0
kitti,000049,pitch,deg,1,-1,113691,18944,12,0.489307,1518,0.0288992,0.354676,1913,1643,4007,1643,980,758,3047,758,135,100,692,100,0,0,0,0
kitti,000049,pitch,deg,1.5,1.5,113691,16795,12,0.424328,1434,0.024976,0.354676,1913,1807,4168,1807,980,805,2567,805,135,79,400,79,0,0,0,0
kitti,000049,pitch,deg,1.5,-1.5,113691,19373,12,0.470498,1528,-0.00226387,0.354676,1913,1540,4022,1540,980,638,3173,638,135,58,713,58,0,0,0,0
kitti,000049,pitch,deg,2,2,113691,16356,12,0.403147,1443,0.0148392,0.354676,1913,1654,4078,1654,980,649,2343,649,135,31,337,31,0,0,0,0
kitti,000049,pitch,deg,2,-2,113691,19810,12,0.449249,1525,-0.0387586,0.354676,1913,1356,3931,1356,980,497,3242,497,135,12,658,12,0,0,0,0
kitti,000049,pitch,deg,3,3,113691,15480,12,0.339642,1400,-0.031288,0.354676,1913,1312,3874,1312,980,402,1778,402,135,14,225,14,0,0,0,0
kitti,000049,pitch,deg,3,-3,113691,20674,12,0.479635,1562,-0.0311122,0.354676,1913,1049,3899,1049,980,186,3351,186,135,0,674,0,0,0,0,0
kitti,000049,yaw,deg,0.25,0.25,113691,18117,12,0.576015,1482,0.130807,0.354676,1913,1900,4167,1900,980,931,2847,931,135,127,597,127,0,0,0,0
kitti,000049,yaw,deg,0.25,-0.25,113691,18065,12,0.548919,1467,0.109651,0.354676,1913,1901,4171,1901,980,933,2874,933,135,131,602,131,0,0,0,0
kitti,000049,yaw,deg,0.5,0.5,113691,18134,12,0.56385,1480,0.113844,0.354676,1913,1882,4166,1882,980,917,2835,917,135,119,606,119,0,0,0,0
kitti,000049,yaw,deg,0.5,-0.5,113691,18033,12,0.535958,1487,0.0962975,0.354676,1913,1901,4164,1901,980,917,2896,917,135,120,604,120,0,0,0,0
kitti,000049,yaw,deg,1,1,113691,18174,12,0.517418,1492,0.0582557,0.354676,1913,1825,4184,1825,980,870,2803,870,135,97,612,97,0,0,0,0
kitti,000049,yaw,deg,1,-1,113691,17986,12,0.504199,1491,0.0600922,0.354676,1913,1892,4168,1892,980,848,2940,848,135,96,597,96,0,0,0,0
kitti,000049,yaw,deg,1.5,1.5,113691,18213,12,0.504261,1506,0.0364451,0.354676,1913,1753,4197,1753,980,821,2789,821,135,95,625,95,0,0,0,0
kitti,000049,yaw,deg,1.5,-1.5,113691,17936,12,0.490834,1483,0.0380803,0.354676,1913,1856,4157,1856,980,772,2990,772,135,67,581,67,0,0,0,0
kitti,000049,yaw,deg,2,2,113691,18229,12,0.500616,1510,0.0300222,0.354676,1913,1687,4178,1687,980,771,2773,771,135,94,630,94,0,0,0,0
kitti,000049,yaw,deg,2,-2,113691,17890,12,0.470945,1465,0.0147779,0.354676,1913,1811,4173,1811,980,698,3037,698,135,56,599,56,0,0,0,0
kitti,000049,yaw,deg,3,3,113691,18231,12,0.504348,1519,0.0316555,0.354676,1913,1534,4194,1534,980,644,2787,644,135,82,619,82,0,0,0,0
kitti,000049,yaw,deg,3,-3,113691,17790,12,0.459273,1458,0.00251606,0.354676,1913,1692,4172,1692,980,542,3086,542,135,35,635,35,0,0,0,0
kitti,000049,tx,cm,2,2,113691,18140,12,0.573137,1489,0.133171,0.354676,1913,1901,4186,1901,980,937,2879,937,135,131,597,131,0,0,0,0
kitti,000049,tx,cm,2,-2,113691,18040,12,0.569793,1477,0.132472,0.354676,1913,1901,4145,1901,980,937,2827,937,135,131,597,131,0,0,0,0
kitti,000049,tx,cm,5,5,113691,18260,12,0.581326,1499,0.138569,0.354676,1913,1901,4205,1901,980,937,2898,937,135,131,600,131,0,0,0,0
kitti,000049,tx,cm,5,-5,113691,17943,12,0.565547,1454,0.126449,0.354676,1913,1901,4107,1901,980,937,2814,937,135,131,598,131,0,0,0,0
kitti,000049,tx,cm,10,10,113691,18425,12,0.566951,1521,0.120613,0.354676,1913,1901,4257,1901,980,937,2941,937,135,131,604,131,0,0,0,0
kitti,000049,tx,cm,10,-10,113691,17795,12,0.555677,1480,0.110984,0.354676,1913,1901,4053,1901,980,937,2799,937,135,133,596,133,0,0,0,0
kitti,000049,tx,cm,20,20,113691,18772,12,0.548029,1556,0.103248,0.354676,1913,1901,4345,1901,980,939,2996,939,135,130,607,130,0,0,0,0
kitti,000049,tx,cm,20,-20,113691,17476,12,0.544395,1470,0.096063,0.354676,1913,1898,3945,1898,980,936,2747,936,135,134,592,134,0,0,0,0
kitti,000049,ty,cm,2,2,113691,18094,12,0.575616,1479,0.137104,0.354676,1913,1901,4165,1901,980,937,2853,937,135,130,596,130,0,0,0,0
kitti,000049,ty,cm,2,-2,113691,18086,12,0.562669,1495,0.124113,0.354676,1913,1901,4164,1901,980,938,2868,938,135,134,604,134,0,0,0,0
kitti,000049,ty,cm,5,5,113691,18103,12,0.570295,1463,0.128088,0.354676,1913,1901,4167,1901,980,935,2836,935,135,130,595,130,0,0,0,0
kitti,000049,ty,cm,5,-5,113691,18077,12,0.55601,1499,0.115541,0.354676,1913,1901,4153,1901,980,938,2882,938,135,134,605,134,0,0,0,0
kitti,000049,ty,cm,10,10,113691,18114,12,0.55394,1449,0.10733,0.354676,1913,1895,4174,1895,980,928,2810,928,135,129,589,129,0,0,0,0
kitti,000049,ty,cm,10,-10,113691,18071,12,0.53706,1534,0.0960615,0.354676,1913,1901,4138,1901,980,932,2900,932,135,134,608,134,0,0,0,0
kitti,000049,ty,cm,20,20,113691,18136,12,0.527785,1456,0.0679371,0.354676,1913,1852,4159,1852,980,915,2763,915,135,122,580,122,0,0,0,0
kitti,000049,ty,cm,20,-20,113691,18059,12,0.521389,1662,0.0781729,0.354676,1913,1899,4085,1899,980,914,2919,914,135,125,624,125,0,0,0,0
kitti,000049,tz,cm,2,2,113691,18262,12,0.572708,1567,0.127278,0.354676,1913,1901,4220,1901,980,933,2892,933,135,131,602,131,0,0,0,0
kitti,000049,tz,cm,2,-2,113691,17951,12,0.571442,1432,0.129055,0.354676,1913,1906,4113,1906,980,979,2848,979,135,131,582,131,0,0,0,0
kitti,000049,tz,cm,5,5,113691,18475,12,0.560016,1646,0.109166,0.354676,1913,1891,4253,1891,980,916,2891,916,135,129,609,129,0,0,0,0
kitti,000049,tz,cm,5,-5,113691,17691,12,0.562802,1264,0.119801,0.354676,1913,1913,4098,1913,980,979,2784,979,135,131,556,131,0,0,0,0
kitti,000049,tz,cm,10,10,113691,18923,12,0.529542,1848,0.0684755,0.354676,1913,1798,4204,1798,980,858,2951,858,135,115,635,115,0,0,0,0
kitti,000049,tz,cm,10,-10,113691,17354,12,0.544311,1104,0.102649,0.354676,1913,1913,4027,1913,980,979,2706,979,135,131,510,131,0,0,0,0
kitti,000049,tz,cm,20,20,113691,19792,12,0.490534,2100,0.024463,0.354676,1913,1666,4314,1666,980,816,3073,816,135,115,663,115,0,0,0,0
kitti,000049,tz,cm,20,-20,113691,16672,12,0.489939,838,0.0477472,0.354676,1913,1902,3862,1902,980,972,2460,972,135,126,490,126,0,0,0,0
kitti,000061,baseline,,0,0,125247,19791,1,0.3712,276,0.0509421,0.257975,0,0,0,0,134,134,321,134,0,0,0,0,0,0,0,0
kitti,000061,roll,deg,0.25,0.25,125247,19792,1,0.37096,279,0.0477184,0.257975,0,0,0,0,134,134,327,134,0,0,0,0,0,0,0,0
kitti,000061,roll,deg,0.25,-0.25,125247,19786,1,0.35957,278,0.0316148,0.257975,0,0,0,0,134,134,318,134,0,0,0,0,0,0,0,0
kitti,000061,roll,deg,0.5,0.5,125247,19795,1,0.37513,278,0.0506462,0.257975,0,0,0,0,134,134,341,134,0,0,0,0,0,0,0,0
kitti,000061,roll,deg,0.5,-0.5,125247,19782,1,0.347563,279,0.015479,0.257975,0,0,0,0,134,134,308,134,0,0,0,0,0,0,0,0
kitti,000061,roll,deg,1,1,125247,19790,1,0.358867,271,0.0458504,0.257975,0,0,0,0,134,121,345,121,0,0,0,0,0,0,0,0
kitti,000061,roll,deg,1,-1,125247,19768,1,0.347404,276,0.0170735,0.257975,0,0,0,0,134,133,299,133,0,0,0,0,0,0,0,0
kitti,000061,roll,deg,1.5,1.5,125247,19782,1,0.340603,274,0.0282403,0.257975,0,0,0,0,134,113,341,113,0,0,0,0,0,0,0,0
kitti,000061,roll,deg,1.5,-1.5,125247,19810,1,0.327565,284,-0.000700355,0.257975,0,0,0,0,134,133,304,133,0,0,0,0,0,0,0,0
kitti,000061,roll,deg,2,2,125247,19774,1,0.312776,279,-0.000489205,0.257975,0,0,0,0,134,111,339,111,0,0,0,0,0,0,0,0
kitti,000061,roll,deg,2,-2,125247,19813,1,0.306757,282,-0.0182322,0.257975,0,0,0,0,134,120,304,120,0,0,0,0,0,0,0,0
kitti,000061,roll,deg,3,3,125247,19799,1,0.338956,282,0.0122413,0.257975,0,0,0,0,134,86,347,86,0,0,0,0,0,0,0,0
kitti,000061,roll,deg,3,-3,125247,19798,1,0.273026,279,-0.0631622,0.257975,0,0,0,0,134,100,297,100,0,0,0,0,0,0,0,0
kitti,000061,pitch,deg,0.25,0.25,125247,19589,1,0.342672,280,0.00835577,0.257975,0,0,0,0,134,134,313,134,0,0,0,0,0,0,0,0
kitti,000061,pitch,deg,0.25,-0.25,125247,20047,1,0.377574,274,0.0568884,0.257975,0,0,0,0,134,134,329,134,0,0,0,0,0,0,0,0
kitti,000061,pitch,deg,0.5,0.5,125247,19329,1,0.345387,282,0.00877503,0.257975,0,0,0,0,134,134,316,134,0,0,0,0,0,0,0,0
kitti,000061,pitch,deg,0.5,-0.5,125247,20301,1,0.373209,286,0.0426597,0.257975,0,0,0,0,134,134,344,134,0,0,0,0,0,0,0,0
kitti,000061,pitch,deg,1,1,125247,18877,1,0.317784,268,-0.00472656,0.257975,0,0,0,0,134,134,307,134,0,0,0,0,0,0,0,0
kitti,000061,pitch,deg,1,-1,125247,20727,1,0.400022,281,0.0701117,0.257975,0,0,0,0,134,118,331,118,0,0,0,0,0,0,0,0
kitti,000061,pitch,deg,1.5,1.5,125247,18417,1,0.317591,266,-0.00238258,0.257975,0,0,0,0,134,121,299,121,0,0,0,0,0,0,0,0
kitti,000061,pitch,deg,1.5,-1.5,125247,21183,1,0.39283,278,0.0755455,0.257975,0,0,0,0,134,111,341,111,0,0,0,0,0,0,0,0
kitti,000061,pitch,deg,2,2,125247,17947,1,0.303785,267,0.00565758,0.257975,0,0,0,0,134,109,299,109,0,0,0,0,0,0,0,0
kitti,000061,pitch,deg,2,-2,125247,21627,1,0.426211,291,0.0881937,0.257975,0,0,0,0,134,86,327,86,0,0,0,0,0,0,0,0
kitti,000061,pitch,deg,3,3,125247,16996,1,0.339768,255,0.0438773,0.257975,0,0,0,0,134,83,290,83,0,0,0,0,0,0,0,0
kitti,000061,pitch,deg,3,-3,125247,22530,1,0.408759,290,0.0446997,0.257975,0,0,0,0,134,59,332,59,0,0,0,0,0,0,0,0
kitti,000061,yaw,deg,0.25,0.25,125247,19799,1,0.375424,270,0.059776,0.257975,0,0,0,0,134,134,318,134,0,0,0,0,0,0,0,0
kitti,000061,yaw,deg,0.25,-0.25,125247,19776,1,0.394753,259,0.0584589,0.257975,0,0,0,0,134,132,323,132,0,0,0,0,0,0,0,0
kitti,000061,yaw,deg,0.5,0.5,125247,19813,1,0.333315,276,0.0127344,0.257975,0,0,0,0,134,134,320,134,0,0,0,0,0,0,0,0
kitti,000061,yaw,deg,0.5,-0.5,125247,19765,1,0.374573,266,0.0388031,0.257975,0,0,0,0,134,131,332,131,0,0,0,0,0,0,0,0
kitti,000061,yaw,deg,1,1,125247,19825,1,0.31149,262,-0.0139337,0.257975,0,0,0,0,134,133,319,133,0,0,0,0,0,0,0,0
kitti,000061,yaw,deg,1,-1,125247,19733,1,0.330869,272,0.013826,0.257975,0,0,0,0,134,106,331,106,0,0,0,0,0,0,0,0
kitti,000061,yaw,deg,1.5,1.5,125247,19848,1,0.30168,255,-0.0418418,0.257975,0,0,0,0,134,125,319,125,0,0,0,0,0,0,0,0
kitti,000061,yaw,deg,1.5,-1.5,125247,19707,1,0.291469,281,-0.0281445,0.257975,0,0,0,0,134,78,322,78,0,0,0,0,0,0,0,0
kitti,000061,yaw,deg,2,2,125247,19866,1,0.276997,258,-0.0903281,0.257975,0,0,0,0,134,111,318,111,0,0,0,0,0,0,0,0
kitti,000061,yaw,deg,2,-2,125247,19690,1,0.283175,291,-0.0595119,0.257975,0,0,0,0,134,50,307,50,0,0,0,0,0,0,0,0
kitti,000061,yaw,deg,3,3,125247,19899,1,0.308283,235,-0.0430692,0.257975,0,0,0,0,134,61,302,61,0,0,0,0,0,0,0,0
kitti,000061,yaw,deg,3,-3,125247,19657,1,0.29176,314,-0.049804,0.257975,0,0,0,0,134,10,299,10,0,0,0,0,0,0,0,0
kitti,000061,tx,cm,2,2,125247,19841,1,0.367484,274,0.0472854,0.257975,0,0,0,0,134,134,325,134,0,0,0,0,0,0,0,0
kitti,000061,tx,cm,2,-2,125247,19742,1,0.36576,271,0.0467234,0.257975,0,0,0,0,134,134,321,134,0,0,0,0,0,0,0,0
kitti,000061,tx,cm,5,5,125247,19957,1,0.381195,270,0.0576444,0.257975,0,0,0,0,134,133,326,133,0,0,0,0,0,0,0,0
kitti,000061,tx,cm,5,-5,125247,19657,1,0.362708,267,0.0384603,0.257975,0,0,0,0,134,134,318,134,0,0,0,0,0,0,0,0
kitti,000061,tx,cm,10,10,125247,20125,1,0.389742,275,0.0601394,0.257975,0,0,0,0,134,132,329,132,0,0,0,0,0,0,0,0
kitti,000061,tx,cm,10,-10,125247,19520,1,0.34966,262,0.0260349,0.257975,0,0,0,0,134,134,310,134,0,0,0,0,0,0,0,0
kitti,000061,tx,cm,20,20,125247,20437,1,0.383676,281,0.0545461,0.257975,0,0,0,0,134,132,341,132,0,0,0,0,0,0,0,0
kitti,000061,tx,cm,20,-20,125247,19189,1,0.328608,265,0.000408769,0.257975,0,0,0,0,134,134,299,134,0,0,0,0,0,0,0,0
kitti,000061,ty,cm,2,2,125247,19792,1,0.366877,277,0.0455598,0.257975,0,0,0,0,134,134,322,134,0,0,0,0,0,0,0,0
kitti,000061,ty,cm,2,-2,125247,19788,1,0.377775,270,0.0533406,0.257975,0,0,0,0,134,134,324,134,0,0,0,0,0,0,0,0
kitti,000061,ty,cm,5,5,125247,19797,1,0.371065,272,0.0461107,0.257975,0,0,0,0,134,134,318,134,0,0,0,0,0,0,0,0
kitti,000061,ty,cm,5,-5,125247,19783,1,0.372656,265,0.0466725,0.257975,0,0,0,0,134,133,324,133,0,0,0,0,0,0,0,0
kitti,000061,ty,cm,10,10,125247,19803,1,0.376688,271,0.0501886,0.257975,0,0,0,0,134,134,314,134,0,0,0,0,0,0,0,0
kitti,000061,ty,cm,10,-10,125247,19769,1,0.365735,259,0.0403615,0.257975,0,0,0,0,134,132,332,132,0,0,0,0,0,0,0,0
kitti,000061,ty,cm,20,20,125247,19823,1,0.351991,276,0.0222004,0.257975,0,0,0,0,134,134,311,134,0,0,0,0,0,0,0,0
kitti,000061,ty,cm,20,-20,125247,19744,1,0.354001,265,0.0460815,0.257975,0,0,0,0,134,131,336,131,0,0,0,0,0,0,0,0
kitti,000061,tz,cm,2,2,125247,19968,1,0.365947,293,0.0472305,0.257975,0,0,0,0,134,134,322,134,0,0,0,0,0,0,0,0
kitti,000061,tz,cm,2,-2,125247,19667,1,0.355452,269,0.0348319,0.257975,0,0,0,0,134,134,319,134,0,0,0,0,0,0,0,0
kitti,000061,tz,cm,5,5,125247,20184,1,0.371457,298,0.0501135,0.257975,0,0,0,0,134,134,328,134,0,0,0,0,0,0,0,0
kitti,000061,tz,cm,5,-5,125247,19405,1,0.348063,254,0.0300639,0.257975,0,0,0,0,134,134,312,134,0,0,0,0,0,0,0,0
kitti,000061,tz,cm,10,10,125247,20621,1,0.371173,318,0.0465052,0.257975,0,0,0,0,134,134,345,134,0,0,0,0,0,0,0,0
kitti,000061,tz,cm,10,-10,125247,19096,1,0.333427,241,5.95748e-05,0.257975,0,0,0,0,134,134,310,134,0,0,0,0,0,0,0,0
kitti,000061,tz,cm,20,20,125247,21480,1,0.374665,387,0.0401283,0.257975,0,0,0,0,134,126,361,126,0,0,0,0,0,0,0,0
kitti,000061,tz,cm,20,-20,125247,18466,1,0.338814,207,0.00189427,0.257975,0,0,0,0,134,134,281,134,0,0,0,0,0,0,0,0
nuscenes,scene-0103_000,baseline,,0,0,34752,2984,0,0.384341,137,0.130794,0.177269,0,0,0,0,0,0,0,0,0,0,0,0,0,0,0,0
nuscenes,scene-0103_000,roll,deg,0.25,0.25,34752,3006,0,0.341317,136,0.0876513,0.177269,0,0,0,0,0,0,0,0,0,0,0,0,0,0,0,0
nuscenes,scene-0103_000,roll,deg,0.25,-0.25,34752,2961,0,0.38139,136,0.129635,0.177269,0,0,0,0,0,0,0,0,0,0,0,0,0,0,0,0
nuscenes,scene-0103_000,roll,deg,0.5,0.5,34752,3025,0,0.335587,137,0.0777271,0.177269,0,0,0,0,0,0,0,0,0,0,0,0,0,0,0,0
nuscenes,scene-0103_000,roll,deg,0.5,-0.5,34752,2930,0,0.333771,136,0.0800851,0.177269,0,0,0,0,0,0,0,0,0,0,0,0,0,0,0,0
nuscenes,scene-0103_000,roll,deg,1,1,34752,3123,0,0.301102,137,0.052192,0.177269,0,0,0,0,0,0,0,0,0,0,0,0,0,0,0,0
nuscenes,scene-0103_000,roll,deg,1,-1,34752,2842,0,0.284897,136,0.0277136,0.177269,0,0,0,0,0,0,0,0,0,0,0,0,0,0,0,0
nuscenes,scene-0103_000,roll,deg,1.5,1.5,34752,3170,0,0.251851,139,0.0141255,0.177269,0,0,0,0,0,0,0,0,0,0,0,0,0,0,0,0
nuscenes,scene-0103_000,roll,deg,1.5,-1.5,34752,2798,0,0.274803,132,0.0189303,0.177269,0,0,0,0,0,0,0,0,0,0,0,0,0,0,0,0
nuscenes,scene-0103_000,roll,deg,2,2,34752,3231,0,0.265404,136,0.0392047,0.177269,0,0,0,0,0,0,0,0,0,0,0,0,0,0,0,0
nuscenes,scene-0103_000,roll,deg,2,-2,34752,2724,0,0.241111,131,-0.0139033,0.177269,0,0,0,0,0,0,0,0,0,0,0,0,0,0,0,0
nuscenes,scene-0103_000,roll,deg,3,3,34752,3354,0,0.200958,139,-0.0334777,0.177269,0,0,0,0,0,0,0,0,0,0,0,0,0,0,0,0
nuscenes,scene-0103_000,roll,deg,3,-3,34752,2607,0,0.217817,132,-0.0381626,0.177269,0,0,0,0,0,0,0,0,0,0,0,0,0,0,0,0
nuscenes,scene-0103_000,pitch,deg,0.25,0.25,34752,2988,0,0.374457,134,0.118397,0.177269,0,0,0,0,0,0,0,0,0,0,0,0,0,0,0,0
nuscenes,scene-0103_000,pitch,deg,0.25,-0.25,34752,2984,0,0.380728,140,0.131988,0.177269,0,0,0,0,0,0,0,0,0,0,0,0,0,0,0,0
nuscenes,scene-0103_000,pitch,deg,0.5,0.5,34752,2992,0,0.353796,138,0.0874781,0.177269,0,0,0,0,0,0,0,0,0,0,0,0,0,0,0,0
nuscenes,scene-0103_000,pitch,deg,0.5,-0.5,34752,2982,0,0.371946,138,0.120933,0.177269,0,0,0,0,0,0,0,0,0,0,0,0,0,0,0,0
nuscenes,scene-0103_000,pitch,deg,1,1,34752,2995,0,0.334191,138,0.0626749,0.177269,0,0,0,0,0,0,0,0,0,0,0,0,0,0,0,0
nuscenes,scene-0103_000,pitch,deg,1,-1,34752,2980,0,0.346119,137,0.0973048,0.177269,0,0,0,0,0,0,0,0,0,0,0,0,0,0,0,0
nuscenes,scene-0103_000,pitch,deg,1.5,1.5,34752,2991,0,0.319899,134,0.063844,0.177269,0,0,0,0,0,0,0,0,0,0,0,0,0,0,0,0
nuscenes,scene-0103_000,pitch,deg,1.5,-1.5,34752,2981,0,0.332161,133,0.0636142,0.177269,0,0,0,0,0,0,0,0,0,0,0,0,0,0,0,0
nuscenes,scene-0103_000,pitch,deg,2,2,34752,2994,0,0.304945,136,0.0531566,0.177269,0,0,0,0,0,0,0,0,0,0,0,0,0,0,0,0
nuscenes,scene-0103_000,pitch,deg,2,-2,34752,2969,0,0.314345,134,0.0427308,0.177269,0,0,0,0,0,0,0,0,0,0,0,0,0,0,0,0
nuscenes,scene-0103_000,pitch,deg,3,3,34752,2997,0,0.29675,138,0.0474632,0.177269,0,0,0,0,0,0,0,0,0,0,0,0,0,0,0,0
nuscenes,scene-0103_000,pitch,deg,3,-3,34752,2947,0,0.296414,137,0.0413037,0.177269,0,0,0,0,0,0,0,0,0,0,0,0,0,0,0,0
nuscenes,scene-0103_000,yaw,deg,0.25,0.25,34752,2982,0,0.350955,137,0.0996871,0.177269,0,0,0,0,0,0,0,0,0,0,0,0,0,0,0,0
nuscenes,scene-0103_000,yaw,deg,0.25,-0.25,34752,2994,0,0.37373,138,0.111457,0.177269,0,0,0,0,0,0,0,0,0,0,0,0,0,0,0,0
nuscenes,scene-0103_000,yaw,deg,0.5,0.5,34752,2972,0,0.348171,135,0.105589,0.177269,0,0,0,0,0,0,0,0,0,0,0,0,0,0,0,0
nuscenes,scene-0103_000,yaw,deg,0.5,-0.5,34752,3000,0,0.369947,138,0.102839,0.177269,0,0,0,0,0,0,0,0,0,0,0,0,0,0,0,0
nuscenes,scene-0103_000,yaw,deg,1,1,34752,2959,0,0.297284,130,0.0461436,0.177269,0,0,0,0,0,0,0,0,0,0,0,0,0,0,0,0
nuscenes,scene-0103_000,yaw,deg,1,-1,34752,3009,0,0.364719,140,0.0858693,0.177269,0,0,0,0,0,0,0,0,0,0,0,0,0,0,0,0
nuscenes,scene-0103_000,yaw,deg,1.5,1.5,34752,2946,0,0.320051,132,0.0520477,0.177269,0,0,0,0,0,0,0,0,0,0,0,0,0,0,0,0
nuscenes,scene-0103_000,yaw,deg,1.5,-1.5,34752,3022,0,0.344127,141,0.0842964,0.177269,0,0,0,0,0,0,0,0,0,0,0,0,0,0,0,0
nuscenes,scene-0103_000,yaw,deg,2,2,34752,2934,0,0.310027,135,0.0388476,0.177269,0,0,0,0,0,0,0,0,0,0,0,0,0,0,0,0
nuscenes,scene-0103_000,yaw,deg,2,-2,34752,3035,0,0.307278,146,0.0496886,0.177269,0,0,0,0,0,0,0,0,0,0,0,0,0,0,0,0
nuscenes,scene-0103_000,yaw,deg,3,3,34752,2914,0,0.254113,136,-0.0172439,0.177269,0,0,0,0,0,0,0,0,0,0,0,0,0,0,0,0
nuscenes,scene-0103_000,yaw,deg,3,-3,34752,3054,0,0.28896,148,0.0106455,0.177269,0,0,0,0,0,0,0,0,0,0,0,0,0,0,0,0
nuscenes,scene-0103_000,tx,cm,2,2,34752,2986,0,0.375385,139,0.120111,0.177269,0,0,0,0,0,0,0,0,0,0,0,0,0,0,0,0
nuscenes,scene-0103_000,tx,cm,2,-2,34752,2986,0,0.374194,136,0.119133,0.177269,0,0,0,0,0,0,0,0,0,0,0,0,0,0,0,0
nuscenes,scene-0103_000,tx,cm,5,5,34752,2986,0,0.378165,138,0.128216,0.177269,0,0,0,0,0,0,0,0,0,0,0,0,0,0,0,0
nuscenes,scene-0103_000,tx,cm,5,-5,34752,2988,0,0.371659,136,0.11584,0.177269,0,0,0,0,0,0,0,0,0,0,0,0,0,0,0,0
nuscenes,scene-0103_000,tx,cm,10,10,34752,2990,0,0.373729,136,0.122687,0.177269,0,0,0,0,0,0,0,0,0,0,0,0,0,0,0,0
nuscenes,scene-0103_000,tx,cm,10,-10,34752,2989,0,0.369341,144,0.117244,0.177269,0,0,0,0,0,0,0,0,0,0,0,0,0,0,0,0
nuscenes,scene-0103_000,tx,cm,20,20,34752,2990,0,0.368174,135,0.115839,0.177269,0,0,0,0,0,0,0,0,0,0,0,0,0,0,0,0
nuscenes,scene-0103_000,tx,cm,20,-20,34752,2985,0,0.352091,141,0.0870098,0.177269,0,0,0,0,0,0,0,0,0,0,0,0,0,0,0,0
nuscenes,scene-0103_000,ty,cm,2,2,34752,2997,0,0.383168,135,0.132288,0.177269,0,0,0,0,0,0,0,0,0,0,0,0,0,0,0,0
nuscenes,scene-0103_000,ty,cm,2,-2,34752,2976,0,0.372293,135,0.1195,0.177269,0,0,0,0,0,0,0,0,0,0,0,0,0,0,0,0
nuscenes,scene-0103_000,ty,cm,5,5,34752,3011,0,0.384925,138,0.130212,0.177269,0,0,0,0,0,0,0,0,0,0,0,0,0,0,0,0
nuscenes,scene-0103_000,ty,cm,5,-5,34752,2961,0,0.373968,135,0.120385,0.177269,0,0,0,0,0,0,0,0,0,0,0,0,0,0,0,0
nuscenes,scene-0103_000,ty,cm,10,10,34752,3032,0,0.390498,139,0.141611,0.177269,0,0,0,0,0,0,0,0,0,0,0,0,0,0,0,0
nuscenes,scene-0103_000,ty,cm,10,-10,34752,2936,0,0.360177,136,0.105295,0.177269,0,0,0,0,0,0,0,0,0,0,0,0,0,0,0,0
nuscenes,scene-0103_000,ty,cm,20,20,34752,3152,0,0.352939,172,0.119924,0.177269,0,0,0,0,0,0,0,0,0,0,0,0,0,0,0,0
nuscenes,scene-0103_000,ty,cm,20,-20,34752,2877,0,0.344991,131,0.0872584,0.177269,0,0,0,0,0,0,0,0,0,0,0,0,0,0,0,0
nuscenes,scene-0103_000,tz,cm,2,2,34752,3002,0,0.385326,137,0.130753,0.177269,0,0,0,0,0,0,0,0,0,0,0,0,0,0,0,0
nuscenes,scene-0103_000,tz,cm,2,-2,34752,2966,0,0.377351,132,0.119037,0.177269,0,0,0,0,0,0,0,0,0,0,0,0,0,0,0,0
nuscenes,scene-0103_000,tz,cm,5,5,34752,3023,0,0.371098,132,0.11801,0.177269,0,0,0,0,0,0,0,0,0,0,0,0,0,0,0,0
nuscenes,scene-0103_000,tz,cm,5,-5,34752,2930,0,0.380886,135,0.124443,0.177269,0,0,0,0,0,0,0,0,0,0,0,0,0,0,0,0
nuscenes,scene-0103_000,tz,cm,10,10,34752,3126,0,0.362291,129,0.106989,0.177269,0,0,0,0,0,0,0,0,0,0,0,0,0,0,0,0
nuscenes,scene-0103_000,tz,cm,10,-10,34752,2846,0,0.38005,135,0.122271,0.177269,0,0,0,0,0,0,0,0,0,0,0,0,0,0,0,0
nuscenes,scene-0103_000,tz,cm,20,20,34752,3354,0,0.221714,240,0.0400852,0.177269,0,0,0,0,0,0,0,0,0,0,0,0,0,0,0,0
nuscenes,scene-0103_000,tz,cm,20,-20,34752,2756,0,0.363664,133,0.106704,0.177269,0,0,0,0,0,0,0,0,0,0,0,0,0,0,0,0
nuscenes,scene-0103_001,baseline,,0,0,34688,3047,1,0.29593,138,0.0163872,0.178334,14,14,47,14,0,0,0,0,0,0,0,0,0,0,0,0
nuscenes,scene-0103_001,roll,deg,0.25,0.25,34688,3066,1,0.309217,139,0.0243298,0.178334,14,14,40,14,0,0,0,0,0,0,0,0,0,0,0,0
nuscenes,scene-0103_001,roll,deg,0.25,-0.25,34688,3019,1,0.314367,139,0.0435714,0.178334,14,14,45,14,0,0,0,0,0,0,0,0,0,0,0,0
nuscenes,scene-0103_001,roll,deg,0.5,0.5,34688,3086,1,0.322593,138,0.0493185,0.178334,14,14,38,14,0,0,0,0,0,0,0,0,0,0,0,0
nuscenes,scene-0103_001,roll,deg,0.5,-0.5,34688,2986,1,0.345786,138,0.0755615,0.178334,14,14,39,14,0,0,0,0,0,0,0,0,0,0,0,0
nuscenes,scene-0103_001,roll,deg,1,1,34688,3182,1,0.292782,139,0.0294456,0.178334,14,13,44,13,0,0,0,0,0,0,0,0,0,0,0,0
nuscenes,scene-0103_001,roll,deg,1,-1,34688,2902,1,0.307184,138,0.0176156,0.178334,14,14,37,14,0,0,0,0,0,0,0,0,0,0,0,0
nuscenes,scene-0103_001,roll,deg,1.5,1.5,34688,3232,1,0.273219,138,0.0116928,0.178334,14,12,45,12,0,0,0,0,0,0,0,0,0,0,0,0
nuscenes,scene-0103_001,roll,deg,1.5,-1.5,34688,2861,1,0.335963,140,0.0590172,0.178334,14,14,35,14,0,0,0,0,0,0,0,0,0,0,0,0
nuscenes,scene-0103_001,roll,deg,2,2,34688,3295,1,0.262608,136,0.0264762,0.178334,14,12,43,13,0,0,0,0,0,0,0,0,0,0,0,0
nuscenes,scene-0103_001,roll,deg,2,-2,34688,2784,1,0.347155,139,0.0563282,0.178334,14,12,33,12,0,0,0,0,0,0,0,0,0,0,0,0
nuscenes,scene-0103_001,roll,deg,3,3,34688,3409,1,0.229044,139,0.0272278,0.178334,14,8,48,8,0,0,0,0,0,0,0,0,0,0,0,0
nuscenes,scene-0103_001,roll,deg,3,-3,34688,2665,1,0.288162,140,0.0381846,0.178334,14,12,25,12,0,0,0,0,0,0,0,0,0,0,0,0
nuscenes,scene-0103_001,pitch,deg,0.25,0.25,34688,3047,1,0.28198,139,0.00302523,0.178334,14,14,47,14,0,0,0,0,0,0,0,0,0,0,0,0
nuscenes,scene-0103_001,pitch,deg,0.25,-0.25,34688,3041,1,0.302107,137,0.0201432,0.178334,14,14,42,14,0,0,0,0,0,0,0,0,0,0,0,0
nuscenes,scene-0103_001,pitch,deg,0.5,0.5,34688,3052,1,0.294931,138,0.0120412,0.178334,14,14,42,14,0,0,0,0,0,0,0,0,0,0,0,0
nuscenes,scene-0103_001,pitch,deg,0.5,-0.5,34688,3042,1,0.319316,140,0.0396591,0.178334,14,14,40,14,0,0,0,0,0,0,0,0,0,0,0,0
nuscenes,scene-0103_001,pitch,deg,1,1,34688,3053,1,0.306069,139,0.0226661,0.178334,14,14,37,14,0,0,0,0,0,0,0,0,0,0,0,0
nuscenes,scene-0103_001,pitch,deg,1,-1,34688,3042,1,0.35162,139,0.0783218,0.178334,14,14,40,14,0,0,0,0,0,0,0,0,0,0,0,0
nuscenes,scene-0103_001,pitch,deg,1.5,1.5,34688,3054,1,0.323922,139,0.0383067,0.178334,14,14,36,14,0,0,0,0,0,0,0,0,0,0,0,0
nuscenes,scene-0103_001,pitch,deg,1.5,-1.5,34688,3040,1,0.343358,140,0.0705712,0.178334,14,14,40,14,0,0,0,0,0,0,0,0,0,0,0,0
nuscenes,scene-0103_001,pitch,deg,2,2,34688,3055,1,0.322519,140,0.0321531,0.178334,14,14,37,14,0,0,0,0,0,0,0,0,0,0,0,0
nuscenes,scene-0103_001,pitch,deg,2,-2,34688,3031,1,0.320178,141,0.0498896,0.178334,14,12,47,13,0,0,0,0,0,0,0,0,0,0,0,0
nuscenes,scene-0103_001,pitch,deg,3,3,34688,3054,1,0.288524,137,0.0176263,0.178334,14,14,34,14,0,0,0,0,0,0,0,0,0,0,0,0
nuscenes,scene-0103_001,pitch,deg,3,-3,34688,3008,1,0.344272,141,0.0724849,0.178334,14,12,46,13,0,0,0,0,0,0,0,0,0,0,0,0
nuscenes,scene-0103_001,yaw,deg,0.25,0.25,34688,3042,1,0.325905,139,0.0466522,0.178334,14,14,43,15,0,0,0,0,0,0,0,0,0,0,0,0
nuscenes,scene-0103_001,yaw,deg,0.25,-0.25,34688,3052,1,0.31138,141,0.0295145,0.178334,14,14,49,14,0,0,0,0,0,0,0,0,0,0,0,0
nuscenes,scene-0103_001,yaw,deg,0.5,0.5,34688,3036,1,0.307689,136,0.0449407,0.178334,14,14,41,15,0,0,0,0,0,0,0,0,0,0,0,0
nuscenes,scene-0103_001,yaw,deg,0.5,-0.5,34688,3051,1,0.292515,139,0.0078499,0.178334,14,12,49,12,0,0,0,0,0,0,0,0,0,0,0,0
nuscenes,scene-0103_001,yaw,deg,1,1,34688,3023,1,0.259128,133,-5.68628e-05,0.178334,14,14,39,15,0,0,0,0,0,0,0,0,0,0,0,0
nuscenes,scene-0103_001,yaw,deg,1,-1,34688,3057,1,0.336696,141,0.0613917,0.178334,14,4,45,4,0,0,0,0,0,0,0,0,0,0,0,0
nuscenes,scene-0103_001,yaw,deg,1.5,1.5,34688,3011,1,0.290793,134,0.0354843,0.178334,14,14,38,15,0,0,0,0,0,0,0,0,0,0,0,0
nuscenes,scene-0103_001,yaw,deg,1.5,-1.5,34688,3067,1,0.330351,142,0.0441433,0.178334,14,0,47,0,0,0,0,0,0,0,0,0,0,0,0,0
nuscenes,scene-0103_001,yaw,deg,2,2,34688,3005,1,0.267488,136,0.0322987,0.178334,14,10,38,11,0,0,0,0,0,0,0,0,0,0,0,0
nuscenes,scene-0103_001,yaw,deg,2,-2,34688,3083,1,0.317954,143,0.0488273,0.178334,14,0,51,0,0,0,0,0,0,0,0,0,0,0,0,0
nuscenes,scene-0103_001,yaw,deg,3,3,34688,2994,1,0.26837,132,0.0284903,0.178334,14,0,38,1,0,0,0,0,0,0,0,0,0,0,0,0
nuscenes,scene-0103_001,yaw,deg,3,-3,34688,3102,1,0.29495,154,0.0302275,0.178334,14,0,52,0,0,0,0,0,0,0,0,0,0,0,0,0
nuscenes,scene-0103_001,tx,cm,2,2,34688,3048,1,0.301049,141,0.0238243,0.178334,14,14,47,14,0,0,0,0,0,0,0,0,0,0,0,0
nuscenes,scene-0103_001,tx,cm,2,-2,34688,3047,1,0.287911,137,0.00880876,0.178334,14,14,46,15,0,0,0,0,0,0,0,0,0,0,0,0
nuscenes,scene-0103_001,tx,cm,5,5,34688,3048,1,0.302154,139,0.0261249,0.178334,14,14,47,14,0,0,0,0,0,0,0,0,0,0,0,0
nuscenes,scene-0103_001,tx,cm,5,-5,34688,3049,1,0.294612,137,0.0134529,0.178334,14,14,48,15,0,0,0,0,0,0,0,0,0,0,0,0
nuscenes,scene-0103_001,tx,cm,10,10,34688,3045,1,0.30488,134,0.0316846,0.178334,14,12,49,12,0,0,0,0,0,0,0,0,0,0,0,0
nuscenes,scene-0103_001,tx,cm,10,-10,34688,3049,1,0.309856,135,0.0237253,0.178334,14,14,42,15,0,0,0,0,0,0,0,0,0,0,0,0
nuscenes,scene-0103_001,tx,cm,20,20,34688,3043,1,0.313966,126,0.0358077,0.178334,14,9,46,9,0,0,0,0,0,0,0,0,0,0,0,0
nuscenes,scene-0103_001,tx,cm,20,-20,34688,3043,1,0.333986,145,0.0558597,0.178334,14,14,42,15,0,0,0,0,0,0,0,0,0,0,0,0
nuscenes,scene-0103_001,ty,cm,2,2,34688,3058,1,0.30031,137,0.01854,0.178334,14,14,45,14,0,0,0,0,0,0,0,0,0,0,0,0
nuscenes,scene-0103_001,ty,cm,2,-2,34688,3034,1,0.287289,138,0.00468388,0.178334,14,14,47,14,0,0,0,0,0,0,0,0,0,0,0,0
nuscenes,scene-0103_001,ty,cm,5,5,34688,3071,1,0.297786,137,0.0166857,0.178334,14,14,47,15,0,0,0,0,0,0,0,0,0,0,0,0
nuscenes,scene-0103_001,ty,cm,5,-5,34688,3025,1,0.296001,142,0.0162146,0.178334,14,14,46,14,0,0,0,0,0,0,0,0,0,0,0,0
nuscenes,scene-0103_001,ty,cm,10,10,34688,3090,1,0.308089,139,0.0271784,0.178334,14,14,48,15,0,0,0,0,0,0,0,0,0,0,0,0
nuscenes,scene-0103_001,ty,cm,10,-10,34688,2997,1,0.288724,141,0.00453475,0.178334,14,14,46,14,0,0,0,0,0,0,0,0,0,0,0,0
nuscenes,scene-0103_001,ty,cm,20,20,34688,3205,1,0.255424,173,0.0236633,0.178334,14,14,42,15,0,0,0,0,0,0,0,0,0,0,0,0
nuscenes,scene-0103_001,ty,cm,20,-20,34688,2938,1,0.286507,138,0.00613061,0.178334,14,12,48,12,0,0,0,0,0,0,0,0,0,0,0,0
nuscenes,scene-0103_001,tz,cm,2,2,34688,3064,1,0.290818,137,0.00850415,0.178334,14,14,45,14,0,0,0,0,0,0,0,0,0,0,0,0
nuscenes,scene-0103_001,tz,cm,2,-2,34688,3027,1,0.307265,142,0.0338848,0.178334,14,14,47,14,0,0,0,0,0,0,0,0,0,0,0,0
nuscenes,scene-0103_001,tz,cm,5,5,34688,3084,1,0.288865,138,0.00474557,0.178334,14,14,42,14,0,0,0,0,0,0,0,0,0,0,0,0
nuscenes,scene-0103_001,tz,cm,5,-5,34688,2990,1,0.310224,144,0.0404993,0.178334,14,14,47,14,0,0,0,0,0,0,0,0,0,0,0,0
nuscenes,scene-0103_001,tz,cm,10,10,34688,3189,1,0.274635,148,0.00865352,0.178334,14,14,40,14,0,0,0,0,0,0,0,0,0,0,0,0
nuscenes,scene-0103_001,tz,cm,10,-10,34688,2907,1,0.310479,151,0.0467443,0.178334,14,14,37,14,0,0,0,0,0,0,0,0,0,0,0,0
nuscenes,scene-0103_001,tz,cm,20,20,34688,3411,1,0.213437,247,0.0211697,0.178334,14,14,46,14,0,0,0,0,0,0,0,0,0,0,0,0
nuscenes,scene-0103_001,tz,cm,20,-20,34688,2812,1,0.309565,154,0.0507688,0.178334,14,14,37,14,0,0,0,0,0,0,0,0,0,0,0,0
nuscenes,scene-0103_002,baseline,,0,0,34752,3084,1,0.385006,126,0.0897849,0.212626,0,0,0,0,11,11,26,11,0,0,0,0,0,0,0,0
nuscenes,scene-0103_002,roll,deg,0.25,0.25,34752,3106,1,0.406579,125,0.10847,0.212626,0,0,0,0,11,11,26,11,0,0,0,0,0,0,0,0
nuscenes,scene-0103_002,roll,deg,0.25,-0.25,34752,3060,1,0.352978,126,0.055178,0.212626,0,0,0,0,11,11,25,11,0,0,0,0,0,0,0,0
nuscenes,scene-0103_002,roll,deg,0.5,0.5,34752,3123,1,0.407282,126,0.109497,0.212626,0,0,0,0,11,11,26,11,0,0,0,0,0,0,0,0
nuscenes,scene-0103_002,roll,deg,0.5,-0.5,34752,3029,1,0.349608,129,0.0618331,0.212626,0,0,0,0,11,11,32,11,0,0,0,0,0,0,0,0
nuscenes,scene-0103_002,roll,deg,1,1,34752,3224,1,0.39336,125,0.116864,0.212626,0,0,0,0,11,11,33,11,0,0,0,0,0,0,0,0
nuscenes,scene-0103_002,roll,deg,1,-1,34752,2941,1,0.356344,124,0.0723192,0.212626,0,0,0,0,11,9,24,9,0,0,0,0,0,0,0,0
nuscenes,scene-0103_002,roll,deg,1.5,1.5,34752,3269,1,0.396072,124,0.0846585,0.212626,0,0,0,0,11,11,29,11,0,0,0,0,0,0,0,0
nuscenes,scene-0103_002,roll,deg,1.5,-1.5,34752,2896,1,0.30795,128,0.0111805,0.212626,0,0,0,0,11,9,24,9,0,0,0,0,0,0,0,0
nuscenes,scene-0103_002,roll,deg,2,2,34752,3333,1,0.36889,124,0.0752985,0.212626,0,0,0,0,11,11,37,11,0,0,0,0,0,0,0,0
nuscenes,scene-0103_002,roll,deg,2,-2,34752,2815,1,0.271761,126,-0.0119994,0.212626,0,0,0,0,11,9,28,9,0,0,0,0,0,0,0,0
nuscenes,scene-0103_002,roll,deg,3,3,34752,3455,1,0.29011,124,0.00372067,0.212626,0,0,0,0,11,7,30,7,0,0,0,0,0,0,0,0
nuscenes,scene-0103_002,roll,deg,3,-3,34752,2699,1,0.253897,126,-0.0240611,0.212626,0,0,0,0,11,4,23,4,0,0,0,0,0,0,0,0
nuscenes,scene-0103_002,pitch,deg,0.25,0.25,34752,3088,1,0.393193,127,0.0939281,0.212626,0,0,0,0,11,11,26,11,0,0,0,0,0,0,0,0
nuscenes,scene-0103_002,pitch,deg,0.25,-0.25,34752,3081,1,0.384234,125,0.0860077,0.212626,0,0,0,0,11,11,26,11,0,0,0,0,0,0,0,0
nuscenes,scene-0103_002,pitch,deg,0.5,0.5,34752,3095,1,0.376904,129,0.0753257,0.212626,0,0,0,0,11,11,26,11,0,0,0,0,0,0,0,0
nuscenes,scene-0103_002,pitch,deg,0.5,-0.5,34752,3081,1,0.381548,127,0.0868589,0.212626,0,0,0,0,11,11,26,11,0,0,0,0,0,0,0,0
nuscenes,scene-0103_002,pitch,deg,1,1,34752,3097,1,0.370169,126,0.0848636,0.212626,0,0,0,0,11,11,32,11,0,0,0,0,0,0,0,0
nuscenes,scene-0103_002,pitch,deg,1,-1,34752,3076,1,0.36751,123,0.0745127,0.212626,0,0,0,0,11,11,26,11,0,0,0,0,0,0,0,0
nuscenes,scene-0103_002,pitch,deg,1.5,1.5,34752,3094,1,0.389346,128,0.109364,0.212626,0,0,0,0,11,11,27,11,0,0,0,0,0,0,0,0
nuscenes,scene-0103_002,pitch,deg,1.5,-1.5,34752,3074,1,0.378697,126,0.0890707,0.212626,0,0,0,0,11,11,25,11,0,0,0,0,0,0,0,0
nuscenes,scene-0103_002,pitch,deg,2,2,34752,3093,1,0.391377,126,0.105013,0.212626,0,0,0,0,11,9,25,9,0,0,0,0,0,0,0,0
nuscenes,scene-0103_002,pitch,deg,2,-2,34752,3066,1,0.380626,126,0.0922067,0.212626,0,0,0,0,11,11,36,11,0,0,0,0,0,0,0,0
nuscenes,scene-0103_002,pitch,deg,3,3,34752,3097,1,0.394041,127,0.1139,0.212626,0,0,0,0,11,9,25,9,0,0,0,0,0,0,0,0
nuscenes,scene-0103_002,pitch,deg,3,-3,34752,3047,1,0.386865,127,0.0811771,0.212626,0,0,0,0,11,11,29,11,0,0,0,0,0,0,0,0
nuscenes,scene-0103_002,yaw,deg,0.25,0.25,34752,3084,1,0.395479,126,0.0922382,0.212626,0,0,0,0,11,11,26,11,0,0,0,0,0,0,0,0
nuscenes,scene-0103_002,yaw,deg,0.25,-0.25,34752,3085,1,0.395222,126,0.0988115,0.212626,0,0,0,0,11,11,27,11,0,0,0,0,0,0,0,0
nuscenes,scene-0103_002,yaw,deg,0.5,0.5,34752,3078,1,0.355318,122,0.050539,0.212626,0,0,0,0,11,8,25,8,0,0,0,0,0,0,0,0
nuscenes,scene-0103_002,yaw,deg,0.5,-0.5,34752,3092,1,0.347912,131,0.0534851,0.212626,0,0,0,0,11,11,26,11,0,0,0,0,0,0,0,0
nuscenes,scene-0103_002,yaw,deg,1,1,34752,3071,1,0.345186,124,0.0194646,0.212626,0,0,0,0,11,7,27,7,0,0,0,0,0,0,0,0
nuscenes,scene-0103_002,yaw,deg,1,-1,34752,3088,1,0.33144,131,0.0416598,0.212626,0,0,0,0,11,9,29,9,0,0,0,0,0,0,0,0
nuscenes,scene-0103_002,yaw,deg,1.5,1.5,34752,3059,1,0.396177,122,0.0593636,0.212626,0,0,0,0,11,3,31,3,0,0,0,0,0,0,0,0
nuscenes,scene-0103_002,yaw,deg,1.5,-1.5,34752,3082,1,0.334599,123,0.0381545,0.212626,0,0,0,0,11,6,30,6,0,0,0,0,0,0,0,0
nuscenes,scene-0103_002,yaw,deg,2,2,34752,3050,1,0.40915,120,0.0687615,0.212626,0,0,0,0,11,1,31,1,0,0,0,0,0,0,0,0
nuscenes,scene-0103_002,yaw,deg,2,-2,34752,3080,1,0.3131,124,0.0274611,0.212626,0,0,0,0,11,3,29,3,0,0,0,0,0,0,0,0
nuscenes,scene-0103_002,yaw,deg,3,3,34752,3033,1,0.378292,119,0.0338355,0.212626,0,0,0,0,11,0,31,0,0,0,0,0,0,0,0,0
nuscenes,scene-0103_002,yaw,deg,3,-3,34752,3093,1,0.316006,130,0.030001,0.212626,0,0,0,0,11,0,30,0,0,0,0,0,0,0,0,0
nuscenes,scene-0103_002,tx,cm,2,2,34752,3086,1,0.381772,125,0.0886201,0.212626,0,0,0,0,11,11,24,11,0,0,0,0,0,0,0,0
nuscenes,scene-0103_002,tx,cm,2,-2,34752,3088,1,0.392563,129,0.0909186,0.212626,0,0,0,0,11,11,27,11,0,0,0,0,0,0,0,0
nuscenes,scene-0103_002,tx,cm,5,5,34752,3082,1,0.377392,128,0.0892755,0.212626,0,0,0,0,11,11,25,11,0,0,0,0,0,0,0,0
nuscenes,scene-0103_002,tx,cm,5,-5,34752,3087,1,0.404255,130,0.095672,0.212626,0,0,0,0,11,11,27,11,0,0,0,0,0,0,0,0
nuscenes,scene-0103_002,tx,cm,10,10,34752,3081,1,0.37104,131,0.0936747,0.212626,0,0,0,0,11,11,26,11,0,0,0,0,0,0,0,0
nuscenes,scene-0103_002,tx,cm,10,-10,34752,3085,1,0.401431,128,0.0924265,0.212626,0,0,0,0,11,11,27,11,0,0,0,0,0,0,0,0
nuscenes,scene-0103_002,tx,cm,20,20,34752,3081,1,0.327293,139,0.0542263,0.212626,0,0,0,0,11,11,24,11,0,0,0,0,0,0,0,0
nuscenes,scene-0103_002,tx,cm,20,-20,34752,3084,1,0.404268,121,0.0724644,0.212626,0,0,0,0,11,9,26,9,0,0,0,0,0,0,0,0
nuscenes,scene-0103_002,ty,cm,2,2,34752,3094,1,0.392473,128,0.0927547,0.212626,0,0,0,0,11,11,26,11,0,0,0,0,0,0,0,0
nuscenes,scene-0103_002,ty,cm,2,-2,34752,3078,1,0.397564,126,0.0942751,0.212626,0,0,0,0,11,11,25,11,0,0,0,0,0,0,0,0
nuscenes,scene-0103_002,ty,cm,5,5,34752,3106,1,0.381804,128,0.0879869,0.212626,0,0,0,0,11,11,27,11,0,0,0,0,0,0,0,0
nuscenes,scene-0103_002,ty,cm,5,-5,34752,3064,1,0.398561,122,0.0948666,0.212626,0,0,0,0,11,11,24,11,0,0,0,0,0,0,0,0
nuscenes,scene-0103_002,ty,cm,10,10,34752,3128,1,0.385445,129,0.0929153,0.212626,0,0,0,0,11,11,26,11,0,0,0,0,0,0,0,0
nuscenes,scene-0103_002,ty,cm,10,-10,34752,3034,1,0.390638,125,0.0830987,0.212626,0,0,0,0,11,11,25,11,0,0,0,0,0,0,0,0
nuscenes,scene-0103_002,ty,cm,20,20,34752,3251,1,0.311123,199,0.0803478,0.212626,0,0,0,0,11,11,29,11,0,0,0,0,0,0,0,0
nuscenes,scene-0103_002,ty,cm,20,-20,34752,2980,1,0.395927,124,0.0887483,0.212626,0,0,0,0,11,11,26,11,0,0,0,0,0,0,0,0
nuscenes,scene-0103_002,tz,cm,2,2,34752,3101,1,0.392511,125,0.0948067,0.212626,0,0,0,0,11,11,26,11,0,0,0,0,0,0,0,0
nuscenes,scene-0103_002,tz,cm,2,-2,34752,3066,1,0.380743,127,0.0871284,0.212626,0,0,0,0,11,11,26,11,0,0,0,0,0,0,0,0
nuscenes,scene-0103_002,tz,cm,5,5,34752,3123,1,0.401948,124,0.100281,0.212626,0,0,0,0,11,11,26,11,0,0,0,0,0,0,0,0
nuscenes,scene-0103_002,tz,cm,5,-5,34752,3030,1,0.37233,126,0.0789057,0.212626,0,0,0,0,11,11,26,11,0,0,0,0,0,0,0,0
nuscenes,scene-0103_002,tz,cm,10,10,34752,3225,1,0.43332,114,0.118513,0.212626,0,0,0,0,11,11,26,11,0,0,0,0,0,0,0,0
nuscenes,scene-0103_002,tz,cm,10,-10,34752,2947,1,0.359041,125,0.0613703,0.212626,0,0,0,0,11,11,26,11,0,0,0,0,0,0,0,0
nuscenes,scene-0103_002,tz,cm,20,20,34752,3444,1,0.270149,212,0.0709153,0.212626,0,0,0,0,11,11,26,11,0,0,0,0,0,0,0,0
nuscenes,scene-0103_002,tz,cm,20,-20,34752,2863,1,0.333665,126,0.0479672,0.212626,0,0,0,0,11,11,26,11,0,0,0,0,0,0,0,0
nuscenes,scene-0103_003,baseline,,0,0,34720,3100,2,0.428305,86,0.109045,0.251533,13,13,48,13,14,14,42,14,0,0,0,0,0,0,0,0
nuscenes,scene-0103_003,roll,deg,0.25,0.25,34720,3122,2,0.426445,87,0.133604,0.251533,13,13,48,13,14,14,49,14,0,0,0,0,0,0,0,0
nuscenes,scene-0103_003,roll,deg,0.25,-0.25,34720,3075,2,0.435896,92,0.108497,0.251533,13,13,43,13,14,14,41,14,0,0,0,0,0,0,0,0
nuscenes,scene-0103_003,roll,deg,0.5,0.5,34720,3137,2,0.400116,82,0.101193,0.251533,13,13,45,13,14,14,49,14,0,0,0,0,0,0,0,0
nuscenes,scene-0103_003,roll,deg,0.5,-0.5,34720,3041,2,0.422114,87,0.0957679,0.251533,13,13,39,13,14,14,41,14,0,0,0,0,0,0,0,0
nuscenes,scene-0103_003,roll,deg,1,1,34720,3230,2,0.395926,84,0.0912671,0.251533,13,13,45,13,14,12,47,12,0,0,0,0,0,0,0,0
nuscenes,scene-0103_003,roll,deg,1,-1,34720,2955,2,0.427442,89,0.111789,0.251533,13,13,43,13,14,14,41,14,0,0,0,0,0,0,0,0
nuscenes,scene-0103_003,roll,deg,1.5,1.5,34720,3278,2,0.392281,87,0.0720602,0.251533,13,12,55,12,14,12,61,12,0,0,0,0,0,0,0,0
nuscenes,scene-0103_003,roll,deg,1.5,-1.5,34720,2908,2,0.489865,92,0.151583,0.251533,13,13,46,13,14,4,45,4,0,0,0,0,0,0,0,0
nuscenes,scene-0103_003,roll,deg,2,2,34720,3342,2,0.310305,83,0.0114955,0.251533,13,12,49,12,14,12,61,12,0,0,0,0,0,0,0,0
nuscenes,scene-0103_003,roll,deg,2,-2,34720,2830,2,0.389025,89,0.0696451,0.251533,13,11,39,11,14,4,45,4,0,0,0,0,0,0,0,0
nuscenes,scene-0103_003,roll,deg,3,3,34720,3466,2,0.290025,83,-0.0155245,0.251533,13,8,54,8,14,10,76,10,0,0,0,0,0,0,0,0
nuscenes,scene-0103_003,roll,deg,3,-3,34720,2715,2,0.41334,92,0.0719527,0.251533,13,11,47,11,14,2,59,2,0,0,0,0,0,0,0,0
nuscenes,scene-0103_003,pitch,deg,0.25,0.25,34720,3103,2,0.426479,87,0.101326,0.251533,13,13,48,13,14,14,43,14,0,0,0,0,0,0,0,0
nuscenes,scene-0103_003,pitch,deg,0.25,-0.25,34720,3098,2,0.419641,89,0.109556,0.251533,13,13,48,13,14,14,41,14,0,0,0,0,0,0,0,0
nuscenes,scene-0103_003,pitch,deg,0.5,0.5,34720,3106,2,0.418627,87,0.105806,0.251533,13,13,44,13,14,14,47,14,0,0,0,0,0,0,0,0
nuscenes,scene-0103_003,pitch,deg,0.5,-0.5,34720,3093,2,0.433959,87,0.123077,0.251533,13,13,49,13,14,14,41,14,0,0,0,0,0,0,0,0
nuscenes,scene-0103_003,pitch,deg,1,1,34720,3106,2,0.409243,89,0.109041,0.251533,13,13,40,13,14,14,59,14,0,0,0,0,0,0,0,0
nuscenes,scene-0103_003,pitch,deg,1,-1,34720,3091,2,0.426711,89,0.11713,0.251533,13,13,44,13,14,14,41,14,0,0,0,0,0,0,0,0
nuscenes,scene-0103_003,pitch,deg,1.5,1.5,34720,3103,2,0.416853,90,0.106289,0.251533,13,13,41,13,14,14,53,14,0,0,0,0,0,0,0,0
nuscenes,scene-0103_003,pitch,deg,1.5,-1.5,34720,3093,2,0.416368,93,0.0969746,0.251533,13,13,45,13,14,14,41,14,0,0,0,0,0,0,0,0
nuscenes,scene-0103_003,pitch,deg,2,2,34720,3100,2,0.393033,90,0.0910407,0.251533,13,13,43,13,14,14,51,14,0,0,0,0,0,0,0,0
nuscenes,scene-0103_003,pitch,deg,2,-2,34720,3087,2,0.410435,86,0.0970918,0.251533,13,13,45,13,14,14,41,14,0,0,0,0,0,0,0,0
nuscenes,scene-0103_003,pitch,deg,3,3,34720,3101,2,0.413242,88,0.114794,0.251533,13,13,44,13,14,14,50,14,0,0,0,0,0,0,0,0
nuscenes,scene-0103_003,pitch,deg,3,-3,34720,3064,2,0.375608,88,0.0436395,0.251533,13,12,54,12,14,14,41,14,0,0,0,0,0,0,0,0
nuscenes,scene-0103_003,yaw,deg,0.25,0.25,34720,3097,2,0.435713,91,0.0885976,0.251533,13,13,53,13,14,14,43,14,0,0,0,0,0,0,0,0
nuscenes,scene-0103_003,yaw,deg,0.25,-0.25,34720,3100,2,0.422233,86,0.104835,0.251533,13,13,50,13,14,13,44,13,0,0,0,0,0,0,0,0
nuscenes,scene-0103_003,yaw,deg,0.5,0.5,34720,3100,2,0.404864,93,0.0610789,0.251533,13,13,55,13,14,14,39,14,0,0,0,0,0,0,0,0
nuscenes,scene-0103_003,yaw,deg,0.5,-0.5,34720,3091,2,0.431178,88,0.102803,0.251533,13,13,50,13,14,13,46,13,0,0,0,0,0,0,0,0
nuscenes,scene-0103_003,yaw,deg,1,1,34720,3104,2,0.319061,91,0.00900221,0.251533,13,10,55,10,14,14,36,14,0,0,0,0,0,0,0,0
nuscenes,scene-0103_003,yaw,deg,1,-1,34720,3097,2,0.340726,87,-0.0101471,0.251533,13,13,49,13,14,12,48,12,0,0,0,0,0,0,0,0
nuscenes,scene-0103_003,yaw,deg,1.5,1.5,34720,3097,2,0.336724,92,0.011367,0.251533,13,8,61,8,14,14,34,14,0,0,0,0,0,0,0,0
nuscenes,scene-0103_003,yaw,deg,1.5,-1.5,34720,3089,2,0.346755,89,0.0200399,0.251533,13,10,49,10,14,12,54,12,0,0,0,0,0,0,0,0
nuscenes,scene-0103_003,yaw,deg,2,2,34720,3102,2,0.347533,88,0.0247456,0.251533,13,3,59,3,14,13,35,13,0,0,0,0,0,0,0,0
nuscenes,scene-0103_003,yaw,deg,2,-2,34720,3092,2,0.377962,88,0.00348133,0.251533,13,8,50,8,14,10,53,10,0,0,0,0,0,0,0,0
nuscenes,scene-0103_003,yaw,deg,3,3,34720,3089,2,0.297598,87,-0.0576732,0.251533,13,0,61,0,14,8,29,8,0,0,0,0,0,0,0,0
nuscenes,scene-0103_003,yaw,deg,3,-3,34720,3097,2,0.283186,85,-0.0500141,0.251533,13,0,49,0,14,10,59,10,0,0,0,0,0,0,0,0
nuscenes,scene-0103_003,tx,cm,2,2,34720,3096,2,0.423104,86,0.111269,0.251533,13,13,50,13,14,14,43,14,0,0,0,0,0,0,0,0
nuscenes,scene-0103_003,tx,cm,2,-2,34720,3099,2,0.436074,92,0.105492,0.251533,13,13,50,13,14,14,42,14,0,0,0,0,0,0,0,0
nuscenes,scene-0103_003,tx,cm,5,5,34720,3094,2,0.396052,88,0.0831326,0.251533,13,13,52,13,14,14,45,14,0,0,0,0,0,0,0,0
nuscenes,scene-0103_003,tx,cm,5,-5,34720,3098,2,0.44551,91,0.100647,0.251533,13,13,52,13,14,14,42,14,0,0,0,0,0,0,0,0
nuscenes,scene-0103_003,tx,cm,10,10,34720,3096,2,0.385262,90,0.0719001,0.251533,13,13,51,13,14,13,45,13,0,0,0,0,0,0,0,0
nuscenes,scene-0103_003,tx,cm,10,-10,34720,3103,2,0.438324,93,0.0941624,0.251533,13,13,52,13,14,14,43,14,0,0,0,0,0,0,0,0
nuscenes,scene-0103_003,tx,cm,20,20,34720,3093,2,0.383169,95,0.0614003,0.251533,13,13,50,13,14,13,44,13,0,0,0,0,0,0,0,0
nuscenes,scene-0103_003,tx,cm,20,-20,34720,3103,2,0.42484,97,0.0712405,0.251533,13,13,51,13,14,14,43,14,0,0,0,0,0,0,0,0
nuscenes,scene-0103_003,ty,cm,2,2,34720,3108,2,0.418913,85,0.102601,0.251533,13,13,49,13,14,14,43,14,0,0,0,0,0,0,0,0
nuscenes,scene-0103_003,ty,cm,2,-2,34720,3090,2,0.431379,89,0.119306,0.251533,13,13,49,13,14,14,42,14,0,0,0,0,0,0,0,0
nuscenes,scene-0103_003,ty,cm,5,5,34720,3118,2,0.423074,89,0.109337,0.251533,13,13,51,13,14,14,43,14,0,0,0,0,0,0,0,0
nuscenes,scene-0103_003,ty,cm,5,-5,34720,3073,2,0.440799,95,0.115067,0.251533,13,13,51,13,14,14,42,14,0,0,0,0,0,0,0,0
nuscenes,scene-0103_003,ty,cm,10,10,34720,3141,2,0.430114,88,0.118872,0.251533,13,13,52,13,14,14,45,14,0,0,0,0,0,0,0,0
nuscenes,scene-0103_003,ty,cm,10,-10,34720,3047,2,0.438183,91,0.113726,0.251533,13,13,52,13,14,14,41,14,0,0,0,0,0,0,0,0
nuscenes,scene-0103_003,ty,cm,20,20,34720,3252,2,0.294695,158,0.0276128,0.251533,13,13,56,13,14,14,46,14,0,0,0,0,0,0,0,0
nuscenes,scene-0103_003,ty,cm,20,-20,34720,2989,2,0.412337,94,0.0904612,0.251533,13,13,50,13,14,14,41,14,0,0,0,0,0,0,0,0
nuscenes,scene-0103_003,tz,cm,2,2,34720,3117,2,0.444471,86,0.124126,0.251533,13,13,48,13,14,14,48,14,0,0,0,0,0,0,0,0
nuscenes,scene-0103_003,tz,cm,2,-2,34720,3081,2,0.433872,92,0.115336,0.251533,13,13,48,13,14,14,41,14,0,0,0,0,0,0,0,0
nuscenes,scene-0103_003,tz,cm,5,5,34720,3139,2,0.454928,83,0.138957,0.251533,13,13,48,13,14,14,59,14,0,0,0,0,0,0,0,0
nuscenes,scene-0103_003,tz,cm,5,-5,34720,3044,2,0.421396,98,0.104253,0.251533,13,13,48,13,14,14,41,14,0,0,0,0,0,0,0,0
nuscenes,scene-0103_003,tz,cm,10,10,34720,3239,2,0.438545,87,0.141465,0.251533,13,13,48,13,14,14,58,14,0,0,0,0,0,0,0,0
nuscenes,scene-0103_003,tz,cm,10,-10,34720,2962,2,0.410647,107,0.0967288,0.251533,13,13,38,13,14,14,41,14,0,0,0,0,0,0,0,0
nuscenes,scene-0103_003,tz,cm,20,20,34720,3459,2,0.277211,205,0.0977623,0.251533,13,13,47,13,14,14,52,14,0,0,0,0,0,0,0,0
nuscenes,scene-0103_003,tz,cm,20,-20,34720,2882,2,0.412111,102,0.0846825,0.251533,13,13,39,13,14,14,41,14,0,0,0,0,0,0,0,0
nuscenes,scene-0103_004,baseline,,0,0,34784,3062,2,0.386247,113,0.0402626,0.246741,69,69,233,69,0,0,0,0,0,0,0,0,0,0,0,0
nuscenes,scene-0103_004,roll,deg,0.25,0.25,34784,3083,2,0.384668,116,0.056075,0.246741,69,69,237,69,0,0,0,0,0,0,0,0,0,0,0,0
nuscenes,scene-0103_004,roll,deg,0.25,-0.25,34784,3034,2,0.400902,116,0.0415726,0.246741,69,69,216,69,0,0,0,0,0,0,0,0,0,0,0,0
nuscenes,scene-0103_004,roll,deg,0.5,0.5,34784,3098,2,0.382577,117,0.0471381,0.246741,69,69,237,69,0,0,0,0,0,0,0,0,0,0,0,0
nuscenes,scene-0103_004,roll,deg,0.5,-0.5,34784,3003,2,0.428872,113,0.0738499,0.246741,69,69,219,69,0,0,0,0,0,0,0,0,0,0,0,0
nuscenes,scene-0103_004,roll,deg,1,1,34784,3194,2,0.404856,117,0.0600346,0.246741,69,69,230,69,0,0,0,0,0,0,0,0,0,0,0,0
nuscenes,scene-0103_004,roll,deg,1,-1,34784,2911,2,0.364433,113,0.034509,0.246741,69,69,230,69,0,0,0,0,0,0,0,0,0,0,0,0
nuscenes,scene-0103_004,roll,deg,1.5,1.5,34784,3242,2,0.37121,120,0.0721784,0.246741,69,67,244,67,0,0,0,0,0,0,0,0,0,0,0,0
nuscenes,scene-0103_004,roll,deg,1.5,-1.5,34784,2869,2,0.317477,121,0.00205576,0.246741,69,68,229,68,0,0,0,0,0,0,0,0,0,0,0,0
nuscenes,scene-0103_004,roll,deg,2,2,34784,3302,2,0.369697,112,0.0662431,0.246741,69,63,241,63,0,0,0,0,0,0,0,0,0,0,0,0
nuscenes,scene-0103_004,roll,deg,2,-2,34784,2792,2,0.332272,117,0.0153036,0.246741,69,51,222,51,0,0,0,0,0,0,0,0,0,0,0,0
nuscenes,scene-0103_004,roll,deg,3,3,34784,3420,2,0.367472,115,0.0686757,0.246741,69,59,259,59,0,0,0,0,0,0,0,0,0,0,0,0
nuscenes,scene-0103_004,roll,deg,3,-3,34784,2681,2,0.325119,119,0.0430586,0.246741,69,45,231,45,0,0,0,0,0,0,0,0,0,0,0,0
nuscenes,scene-0103_004,pitch,deg,0.25,0.25,34784,3064,2,0.416985,115,0.0590416,0.246741,69,69,237,69,0,0,0,0,0,0,0,0,0,0,0,0
nuscenes,scene-0103_004,pitch,deg,0.25,-0.25,34784,3058,2,0.379045,113,0.048591,0.246741,69,69,221,69,0,0,0,0,0,0,0,0,0,0,0,0
nuscenes,scene-0103_004,pitch,deg,0.5,0.5,34784,3066,2,0.424763,116,0.0672108,0.246741,69,69,238,69,0,0,0,0,0,0,0,0,0,0,0,0
nuscenes,scene-0103_004,pitch,deg,0.5,-0.5,34784,3056,2,0.375616,111,0.0398263,0.246741,69,69,215,69,0,0,0,0,0,0,0,0,0,0,0,0
nuscenes,scene-0103_004,pitch,deg,1,1,34784,3065,2,0.429991,117,0.0636686,0.246741,69,69,234,69,0,0,0,0,0,0,0,0,0,0,0,0
nuscenes,scene-0103_004,pitch,deg,1,-1,34784,3054,2,0.368248,114,0.0438559,0.246741,69,69,212,69,0,0,0,0,0,0,0,0,0,0,0,0
nuscenes,scene-0103_004,pitch,deg,1.5,1.5,34784,3062,2,0.372356,112,0.0308758,0.246741,69,69,234,69,0,0,0,0,0,0,0,0,0,0,0,0
nuscenes,scene-0103_004,pitch,deg,1.5,-1.5,34784,3051,2,0.382626,114,0.0463807,0.246741,69,69,234,69,0,0,0,0,0,0,0,0,0,0,0,0
nuscenes,scene-0103_004,pitch,deg,2,2,34784,3061,2,0.376147,115,0.0591168,0.246741,69,69,232,69,0,0,0,0,0,0,0,0,0,0,0,0
nuscenes,scene-0103_004,pitch,deg,2,-2,34784,3045,2,0.389329,117,0.0613938,0.246741,69,69,236,69,0,0,0,0,0,0,0,0,0,0,0,0
nuscenes,scene-0103_004,pitch,deg,3,3,34784,3069,2,0.344625,118,0.0351676,0.246741,69,67,227,67,0,0,0,0,0,0,0,0,0,0,0,0
nuscenes,scene-0103_004,pitch,deg,3,-3,34784,3028,2,0.340479,115,0.048434,0.246741,69,69,226,69,0,0,0,0,0,0,0,0,0,0,0,0
nuscenes,scene-0103_004,yaw,deg,0.25,0.25,34784,3057,2,0.39037,109,0.0647141,0.246741,69,69,231,69,0,0,0,0,0,0,0,0,0,0,0,0
nuscenes,scene-0103_004,yaw,deg,0.25,-0.25,34784,3059,2,0.385862,118,0.0599581,0.246741,69,69,234,69,0,0,0,0,0,0,0,0,0,0,0,0
nuscenes,scene-0103_004,yaw,deg,0.5,0.5,34784,3052,2,0.35519,113,0.0544677,0.246741,69,69,234,69,0,0,0,0,0,0,0,0,0,0,0,0
nuscenes,scene-0103_004,yaw,deg,0.5,-0.5,34784,3061,2,0.379372,113,0.0614489,0.246741,69,69,236,69,0,0,0,0,0,0,0,0,0,0,0,0
nuscenes,scene-0103_004,yaw,deg,1,1,34784,3056,2,0.284559,114,-0.00959879,0.246741,69,68,232,68,0,0,0,0,0,0,0,0,0,0,0,0
nuscenes,scene-0103_004,yaw,deg,1,-1,34784,3063,2,0.357466,104,0.0488656,0.246741,69,63,244,63,0,0,0,0,0,0,0,0,0,0,0,0
nuscenes,scene-0103_004,yaw,deg,1.5,1.5,34784,3054,2,0.309746,118,0.0306697,0.246741,69,65,227,65,0,0,0,0,0,0,0,0,0,0,0,0
nuscenes,scene-0103_004,yaw,deg,1.5,-1.5,34784,3057,2,0.328503,102,0.0209624,0.246741,69,58,250,58,0,0,0,0,0,0,0,0,0,0,0,0
nuscenes,scene-0103_004,yaw,deg,2,2,34784,3065,2,0.347098,119,0.044302,0.246741,69,58,223,58,0,0,0,0,0,0,0,0,0,0,0,0
nuscenes,scene-0103_004,yaw,deg,2,-2,34784,3075,2,0.341744,104,0.021847,0.246741,69,49,253,49,0,0,0,0,0,0,0,0,0,0,0,0
nuscenes,scene-0103_004,yaw,deg,3,3,34784,3073,2,0.287766,118,-0.00714529,0.246741,69,47,228,47,0,0,0,0,0,0,0,0,0,0,0,0
nuscenes,scene-0103_004,yaw,deg,3,-3,34784,3062,2,0.311072,97,-0.0133489,0.246741,69,46,262,46,0,0,0,0,0,0,0,0,0,0,0,0
nuscenes,scene-0103_004,tx,cm,2,2,34784,3059,2,0.386723,113,0.0360185,0.246741,69,69,232,69,0,0,0,0,0,0,0,0,0,0,0,0
nuscenes,scene-0103_004,tx,cm,2,-2,34784,3058,2,0.395853,113,0.0540534,0.246741,69,69,234,69,0,0,0,0,0,0,0,0,0,0,0,0
nuscenes,scene-0103_004,tx,cm,5,5,34784,3056,2,0.37586,105,0.0310852,0.246741,69,69,233,69,0,0,0,0,0,0,0,0,0,0,0,0
nuscenes,scene-0103_004,tx,cm,5,-5,34784,3058,2,0.400781,108,0.0573217,0.246741,69,69,232,69,0,0,0,0,0,0,0,0,0,0,0,0
nuscenes,scene-0103_004,tx,cm,10,10,34784,3055,2,0.38027,97,0.042679,0.246741,69,69,232,69,0,0,0,0,0,0,0,0,0,0,0,0
nuscenes,scene-0103_004,tx,cm,10,-10,34784,3062,2,0.385885,103,0.054977,0.246741,69,69,234,69,0,0,0,0,0,0,0,0,0,0,0,0
nuscenes,scene-0103_004,tx,cm,20,20,34784,3051,2,0.38338,93,0.0547979,0.246741,69,68,230,68,0,0,0,0,0,0,0,0,0,0,0,0
nuscenes,scene-0103_004,tx,cm,20,-20,34784,3063,2,0.378291,95,0.0580031,0.246741,69,69,235,69,0,0,0,0,0,0,0,0,0,0,0,0
nuscenes,scene-0103_004,ty,cm,2,2,34784,3069,2,0.388386,109,0.0310628,0.246741,69,69,232,69,0,0,0,0,0,0,0,0,0,0,0,0
nuscenes,scene-0103_004,ty,cm,2,-2,34784,3050,2,0.392552,115,0.0493291,0.246741,69,69,235,69,0,0,0,0,0,0,0,0,0,0,0,0
nuscenes,scene-0103_004,ty,cm,5,5,34784,3080,2,0.381216,111,0.0281532,0.246741,69,69,233,69,0,0,0,0,0,0,0,0,0,0,0,0
nuscenes,scene-0103_004,ty,cm,5,-5,34784,3034,2,0.392512,114,0.0568248,0.246741,69,69,232,69,0,0,0,0,0,0,0,0,0,0,0,0
nuscenes,scene-0103_004,ty,cm,10,10,34784,3108,2,0.383431,113,0.0278653,0.246741,69,69,235,69,0,0,0,0,0,0,0,0,0,0,0,0
nuscenes,scene-0103_004,ty,cm,10,-10,34784,3005,2,0.390854,110,0.0526177,0.246741,69,69,230,69,0,0,0,0,0,0,0,0,0,0,0,0
nuscenes,scene-0103_004,ty,cm,20,20,34784,3228,2,0.297587,195,0.0202816,0.246741,69,69,244,69,0,0,0,0,0,0,0,0,0,0,0,0
nuscenes,scene-0103_004,ty,cm,20,-20,34784,2944,2,0.353387,104,0.0254381,0.246741,69,69,224,69,0,0,0,0,0,0,0,0,0,0,0,0
nuscenes,scene-0103_004,tz,cm,2,2,34784,3078,2,0.402134,114,0.0550677,0.246741,69,69,237,69,0,0,0,0,0,0,0,0,0,0,0,0
nuscenes,scene-0103_004,tz,cm,2,-2,34784,3042,2,0.380953,118,0.0401216,0.246741,69,69,226,69,0,0,0,0,0,0,0,0,0,0,0,0
nuscenes,scene-0103_004,tz,cm,5,5,34784,3099,2,0.405946,121,0.0610169,0.246741,69,69,237,69,0,0,0,0,0,0,0,0,0,0,0,0
nuscenes,scene-0103_004,tz,cm,5,-5,34784,3006,2,0.383139,121,0.0381231,0.246741,69,69,213,69,0,0,0,0,0,0,0,0,0,0,0,0
nuscenes,scene-0103_004,tz,cm,10,10,34784,3200,2,0.424588,128,0.0923475,0.246741,69,69,237,69,0,0,0,0,0,0,0,0,0,0,0,0
nuscenes,scene-0103_004,tz,cm,10,-10,34784,2923,2,0.388049,122,0.0340584,0.246741,69,69,193,69,0,0,0,0,0,0,0,0,0,0,0,0
nuscenes,scene-0103_004,tz,cm,20,20,34784,3417,2,0.276507,247,0.0546327,0.246741,69,69,253,69,0,0,0,0,0,0,0,0,0,0,0,0
nuscenes,scene-0103_004,tz,cm,20,-20,34784,2837,2,0.377957,119,0.0274951,0.246741,69,69,202,69,0,0,0,0,0,0,0,0,0,0,0,0
nuscenes,scene-0103_005,baseline,,0,0,34720,3083,1,0.34775,88,0.0591919,0.238665,13,13,25,13,0,0,0,0,0,0,0,0,0,0,0,0
nuscenes,scene-0103_005,roll,deg,0.25,0.25,34720,3102,1,0.381738,83,0.0943932,0.238665,13,13,25,13,0,0,0,0,0,0,0,0,0,0,0,0
nuscenes,scene-0103_005,roll,deg,0.25,-0.25,34720,3061,1,0.315264,90,0.0414473,0.238665,13,13,25,13,0,0,0,0,0,0,0,0,0,0,0,0
nuscenes,scene-0103_005,roll,deg,0.5,0.5,34720,3114,1,0.370662,83,0.0852233,0.238665,13,13,31,13,0,0,0,0,0,0,0,0,0,0,0,0
nuscenes,scene-0103_005,roll,deg,0.5,-0.5,34720,3033,1,0.284629,87,0.018562,0.238665,13,13,33,13,0,0,0,0,0,0,0,0,0,0,0,0
nuscenes,scene-0103_005,roll,deg,1,1,34720,3217,1,0.403318,84,0.152122,0.238665,13,11,29,11,0,0,0,0,0,0,0,0,0,0,0,0
nuscenes,scene-0103_005,roll,deg,1,-1,34720,2944,1,0.358261,85,0.0734572,0.238665,13,13,29,13,0,0,0,0,0,0,0,0,0,0,0,0
nuscenes,scene-0103_005,roll,deg,1.5,1.5,34720,3263,1,0.353469,81,0.101435,0.238665,13,11,24,11,0,0,0,0,0,0,0,0,0,0,0,0
nuscenes,scene-0103_005,roll,deg,1.5,-1.5,34720,2903,1,0.326598,90,0.0422944,0.238665,13,11,28,11,0,0,0,0,0,0,0,0,0,0,0,0
nuscenes,scene-0103_005,roll,deg,2,2,34720,3334,1,0.336326,83,0.0752029,0.238665,13,11,32,11,0,0,0,0,0,0,0,0,0,0,0,0
nuscenes,scene-0103_005,roll,deg,2,-2,34720,2836,1,0.291367,87,-0.00681031,0.238665,13,11,34,11,0,0,0,0,0,0,0,0,0,0,0,0
nuscenes,scene-0103_005,roll,deg,3,3,34720,3440,1,0.300426,76,0.05339,0.238665,13,6,26,6,0,0,0,0,0,0,0,0,0,0,0,0
nuscenes,scene-0103_005,roll,deg,3,-3,34720,2718,1,0.341594,94,0.0617775,0.238665,13,7,29,7,0,0,0,0,0,0,0,0,0,0,0,0
nuscenes,scene-0103_005,pitch,deg,0.25,0.25,34720,3085,1,0.341461,82,0.0543685,0.238665,13,13,25,13,0,0,0,0,0,0,0,0,0,0,0,0
nuscenes,scene-0103_005,pitch,deg,0.25,-0.25,34720,3083,1,0.338852,85,0.0549987,0.238665,13,13,25,13,0,0,0,0,0,0,0,0,0,0,0,0
nuscenes,scene-0103_005,pitch,deg,0.5,0.5,34720,3088,1,0.340654,85,0.0443043,0.238665,13,13,25,13,0,0,0,0,0,0,0,0,0,0,0,0
nuscenes,scene-0103_005,pitch,deg,0.5,-0.5,34720,3081,1,0.334691,84,0.0585622,0.238665,13,13,25,13,0,0,0,0,0,0,0,0,0,0,0,0
nuscenes,scene-0103_005,pitch,deg,1,1,34720,3091,1,0.382712,82,0.0932609,0.238665,13,13,32,13,0,0,0,0,0,0,0,0,0,0,0,0
nuscenes,scene-0103_005,pitch,deg,1,-1,34720,3074,1,0.32823,83,0.0544736,0.238665,13,13,32,13,0,0,0,0,0,0,0,0,0,0,0,0
nuscenes,scene-0103_005,pitch,deg,1.5,1.5,34720,3092,1,0.413888,86,0.132168,0.238665,13,13,34,13,0,0,0,0,0,0,0,0,0,0,0,0
nuscenes,scene-0103_005,pitch,deg,1.5,-1.5,34720,3074,1,0.306982,86,0.0202723,0.238665,13,11,30,11,0,0,0,0,0,0,0,0,0,0,0,0
nuscenes,scene-0103_005,pitch,deg,2,2,34720,3091,1,0.403915,86,0.115691,0.238665,13,13,31,13,0,0,0,0,0,0,0,0,0,0,0,0
nuscenes,scene-0103_005,pitch,deg,2,-2,34720,3064,1,0.267145,86,-0.0262115,0.238665,13,11,29,11,0,0,0,0,0,0,0,0,0,0,0,0
nuscenes,scene-0103_005,pitch,deg,3,3,34720,3093,1,0.348677,86,0.075452,0.238665,13,11,29,11,0,0,0,0,0,0,0,0,0,0,0,0
nuscenes,scene-0103_005,pitch,deg,3,-3,34720,3037,1,0.260403,85,-0.0103328,0.238665,13,11,25,11,0,0,0,0,0,0,0,0,0,0,0,0
nuscenes,scene-0103_005,yaw,deg,0.25,0.25,34720,3089,1,0.303832,86,0.00998145,0.238665,13,13,27,13,0,0,0,0,0,0,0,0,0,0,0,0
nuscenes,scene-0103_005,yaw,deg,0.25,-0.25,34720,3082,1,0.377157,86,0.0873335,0.238665,13,13,29,13,0,0,0,0,0,0,0,0,0,0,0,0
nuscenes,scene-0103_005,yaw,deg,0.5,0.5,34720,3089,1,0.275988,89,-0.0138855,0.238665,13,13,24,13,0,0,0,0,0,0,0,0,0,0,0,0
nuscenes,scene-0103_005,yaw,deg,0.5,-0.5,34720,3077,1,0.40182,86,0.100331,0.238665,13,11,25,11,0,0,0,0,0,0,0,0,0,0,0,0
nuscenes,scene-0103_005,yaw,deg,1,1,34720,3087,1,0.235652,86,-0.045089,0.238665,13,12,25,12,0,0,0,0,0,0,0,0,0,0,0,0
nuscenes,scene-0103_005,yaw,deg,1,-1,34720,3074,1,0.385432,85,0.104511,0.238665,13,7,27,7,0,0,0,0,0,0,0,0,0,0,0,0
nuscenes,scene-0103_005,yaw,deg,1.5,1.5,34720,3098,1,0.236984,95,-0.0345221,0.238665,13,9,29,9,0,0,0,0,0,0,0,0,0,0,0,0
nuscenes,scene-0103_005,yaw,deg,1.5,-1.5,34720,3069,1,0.378861,84,0.110153,0.238665,13,1,24,1,0,0,0,0,0,0,0,0,0,0,0,0
nuscenes,scene-0103_005,yaw,deg,2,2,34720,3109,1,0.268469,97,0.00239614,0.238665,13,2,26,2,0,0,0,0,0,0,0,0,0,0,0,0
nuscenes,scene-0103_005,yaw,deg,2,-2,34720,3064,1,0.339109,83,0.0590983,0.238665,13,0,27,0,0,0,0,0,0,0,0,0,0,0,0,0
nuscenes,scene-0103_005,yaw,deg,3,3,34720,3122,1,0.20699,104,-0.0325892,0.238665,13,0,25,0,0,0,0,0,0,0,0,0,0,0,0,0
nuscenes,scene-0103_005,yaw,deg,3,-3,34720,3055,1,0.291139,84,-0.00784066,0.238665,13,0,29,0,0,0,0,0,0,0,0,0,0,0,0,0
nuscenes,scene-0103_005,tx,cm,2,2,34720,3083,1,0.363703,84,0.0771132,0.238665,13,13,27,13,0,0,0,0,0,0,0,0,0,0,0,0
nuscenes,scene-0103_005,tx,cm,2,-2,34720,3086,1,0.31532,86,0.0294737,0.238665,13,13,25,13,0,0,0,0,0,0,0,0,0,0,0,0
nuscenes,scene-0103_005,tx,cm,5,5,34720,3079,1,0.356544,81,0.0697055,0.238665,13,13,28,13,0,0,0,0,0,0,0,0,0,0,0,0
nuscenes,scene-0103_005,tx,cm,5,-5,34720,3087,1,0.30941,84,0.0277047,0.238665,13,13,24,13,0,0,0,0,0,0,0,0,0,0,0,0
nuscenes,scene-0103_005,tx,cm,10,10,34720,3081,1,0.376665,80,0.0900118,0.238665,13,13,29,13,0,0,0,0,0,0,0,0,0,0,0,0
nuscenes,scene-0103_005,tx,cm,10,-10,34720,3088,1,0.315547,82,0.0332011,0.238665,13,13,27,13,0,0,0,0,0,0,0,0,0,0,0,0
nuscenes,scene-0103_005,tx,cm,20,20,34720,3072,1,0.386043,82,0.0855631,0.238665,13,11,26,11,0,0,0,0,0,0,0,0,0,0,0,0
nuscenes,scene-0103_005,tx,cm,20,-20,34720,3093,1,0.297931,79,0.0236942,0.238665,13,13,26,13,0,0,0,0,0,0,0,0,0,0,0,0
nuscenes,scene-0103_005,ty,cm,2,2,34720,3092,1,0.352407,86,0.0640454,0.238665,13,13,25,13,0,0,0,0,0,0,0,0,0,0,0,0
nuscenes,scene-0103_005,ty,cm,2,-2,34720,3077,1,0.344344,84,0.0573228,0.238665,13,13,26,13,0,0,0,0,0,0,0,0,0,0,0,0
nuscenes,scene-0103_005,ty,cm,5,5,34720,3106,1,0.332321,90,0.0509565,0.238665,13,13,25,13,0,0,0,0,0,0,0,0,0,0,0,0
nuscenes,scene-0103_005,ty,cm,5,-5,34720,3059,1,0.34073,80,0.0590765,0.238665,13,13,27,13,0,0,0,0,0,0,0,0,0,0,0,0
nuscenes,scene-0103_005,ty,cm,10,10,34720,3131,1,0.331083,92,0.0513074,0.238665,13,13,26,13,0,0,0,0,0,0,0,0,0,0,0,0
nuscenes,scene-0103_005,ty,cm,10,-10,34720,3036,1,0.351148,79,0.0575968,0.238665,13,13,28,13,0,0,0,0,0,0,0,0,0,0,0,0
nuscenes,scene-0103_005,ty,cm,20,20,34720,3291,1,0.188288,196,-0.0259627,0.238665,13,13,29,13,0,0,0,0,0,0,0,0,0,0,0,0
nuscenes,scene-0103_005,ty,cm,20,-20,34720,2975,1,0.35648,79,0.0701666,0.238665,13,13,28,13,0,0,0,0,0,0,0,0,0,0,0,0
nuscenes,scene-0103_005,tz,cm,2,2,34720,3100,1,0.35972,84,0.0618301,0.238665,13,13,25,13,0,0,0,0,0,0,0,0,0,0,0,0
nuscenes,scene-0103_005,tz,cm,2,-2,34720,3064,1,0.324253,92,0.0543155,0.238665,13,13,25,13,0,0,0,0,0,0,0,0,0,0,0,0
nuscenes,scene-0103_005,tz,cm,5,5,34720,3140,1,0.340926,86,0.0658452,0.238665,13,13,25,13,0,0,0,0,0,0,0,0,0,0,0,0
nuscenes,scene-0103_005,tz,cm,5,-5,34720,3028,1,0.30335,92,0.03453,0.238665,13,13,25,13,0,0,0,0,0,0,0,0,0,0,0,0
nuscenes,scene-0103_005,tz,cm,10,10,34720,3228,1,0.332718,102,0.0692014,0.238665,13,13,25,13,0,0,0,0,0,0,0,0,0,0,0,0
nuscenes,scene-0103_005,tz,cm,10,-10,34720,2940,1,0.291934,92,0.0319185,0.238665,13,13,25,13,0,0,0,0,0,0,0,0,0,0,0,0
nuscenes,scene-0103_005,tz,cm,20,20,34720,3456,1,0.250752,187,0.0408341,0.238665,13,11,29,11,0,0,0,0,0,0,0,0,0,0,0,0
nuscenes,scene-0103_005,tz,cm,20,-20,34720,2847,1,0.334398,76,0.0418028,0.238665,13,13,33,13,0,0,0,0,0,0,0,0,0,0,0,0
nuscenes,scene-0103_006,baseline,,0,0,34688,3180,2,0.41949,65,0.10069,0.207631,0,0,0,0,32,32,59,32,0,0,0,0,0,0,0,0
nuscenes,scene-0103_006,roll,deg,0.25,0.25,34688,3202,2,0.42873,64,0.111726,0.207631,0,0,0,0,32,32,79,32,0,0,0,0,0,0,0,0
nuscenes,scene-0103_006,roll,deg,0.25,-0.25,34688,3155,2,0.418956,64,0.0835854,0.207631,0,0,0,0,32,32,59,32,0,0,0,0,0,0,0,0
nuscenes,scene-0103_006,roll,deg,0.5,0.5,34688,3216,2,0.431371,66,0.123545,0.207631,0,0,0,0,32,32,79,32,0,0,0,0,0,0,0,0
nuscenes,scene-0103_006,roll,deg,0.5,-0.5,34688,3128,2,0.462114,65,0.130004,0.207631,0,0,0,0,32,32,63,32,0,0,0,0,0,0,0,0
nuscenes,scene-0103_006,roll,deg,1,1,34688,3314,2,0.423821,64,0.134438,0.207631,0,0,0,0,32,32,92,32,0,0,0,0,0,0,0,0
nuscenes,scene-0103_006,roll,deg,1,-1,34688,3041,2,0.463495,65,0.126053,0.207631,0,0,0,0,32,20,63,20,0,0,0,0,0,0,0,0
nuscenes,scene-0103_006,roll,deg,1.5,1.5,34688,3353,2,0.42767,64,0.135122,0.207631,0,0,0,0,32,32,107,32,0,0,0,0,0,0,0,0
nuscenes,scene-0103_006,roll,deg,1.5,-1.5,34688,3001,2,0.444645,65,0.123373,0.207631,0,0,0,0,32,3,46,3,0,0,0,0,0,0,0,0
nuscenes,scene-0103_006,roll,deg,2,2,34688,3429,2,0.404905,66,0.116395,0.207631,0,0,0,0,32,29,124,29,0,0,0,0,0,0,0,0
nuscenes,scene-0103_006,roll,deg,2,-2,34688,2938,2,0.430421,66,0.0833998,0.207631,0,0,0,0,32,2,55,2,0,0,0,0,0,0,0,0
nuscenes,scene-0103_006,roll,deg,3,3,34688,3536,2,0.34952,64,0.0772463,0.207631,0,0,0,0,32,29,134,29,0,0,0,0,0,0,0,0
nuscenes,scene-0103_006,roll,deg,3,-3,34688,2814,2,0.418139,65,0.0904684,0.207631,0,0,0,0,32,0,53,0,0,0,0,0,0,0,0,0
nuscenes,scene-0103_006,pitch,deg,0.25,0.25,34688,3183,2,0.419461,65,0.100992,0.207631,0,0,0,0,32,32,59,32,0,0,0,0,0,0,0,0
nuscenes,scene-0103_006,pitch,deg,0.25,-0.25,34688,3177,2,0.413587,64,0.0867067,0.207631,0,0,0,0,32,32,59,32,0,0,0,0,0,0,0,0
nuscenes,scene-0103_006,pitch,deg,0.5,0.5,34688,3187,2,0.424204,65,0.105294,0.207631,0,0,0,0,32,32,59,32,0,0,0,0,0,0,0,0
nuscenes,scene-0103_006,pitch,deg,0.5,-0.5,34688,3176,2,0.392564,63,0.0670752,0.207631,0,0,0,0,32,32,59,32,0,0,0,0,0,0,0,0
nuscenes,scene-0103_006,pitch,deg,1,1,34688,3187,2,0.414897,65,0.100315,0.207631,0,0,0,0,32,32,79,32,0,0,0,0,0,0,0,0
nuscenes,scene-0103_006,pitch,deg,1,-1,34688,3173,2,0.428596,66,0.0912772,0.207631,0,0,0,0,32,32,59,32,0,0,0,0,0,0,0,0
nuscenes,scene-0103_006,pitch,deg,1.5,1.5,34688,3190,2,0.384007,65,0.0783639,0.207631,0,0,0,0,32,32,80,32,0,0,0,0,0,0,0,0
nuscenes,scene-0103_006,pitch,deg,1.5,-1.5,34688,3173,2,0.438643,66,0.101092,0.207631,0,0,0,0,32,32,58,32,0,0,0,0,0,0,0,0
nuscenes,scene-0103_006,pitch,deg,2,2,34688,3182,2,0.37759,64,0.0853131,0.207631,0,0,0,0,32,32,80,32,0,0,0,0,0,0,0,0
nuscenes,scene-0103_006,pitch,deg,2,-2,34688,3164,2,0.409593,64,0.0867075,0.207631,0,0,0,0,32,31,63,31,0,0,0,0,0,0,0,0
nuscenes,scene-0103_006,pitch,deg,3,3,34688,3183,2,0.391442,65,0.102226,0.207631,0,0,0,0,32,32,91,32,0,0,0,0,0,0,0,0
nuscenes,scene-0103_006,pitch,deg,3,-3,34688,3153,2,0.40978,65,0.0981094,0.207631,0,0,0,0,32,20,63,20,0,0,0,0,0,0,0,0
nuscenes,scene-0103_006,yaw,deg,0.25,0.25,34688,3181,2,0.391941,67,0.0732719,0.207631,0,0,0,0,32,32,60,32,0,0,0,0,0,0,0,0
nuscenes,scene-0103_006,yaw,deg,0.25,-0.25,34688,3181,2,0.365378,66,0.0664188,0.207631,0,0,0,0,32,32,61,32,0,0,0,0,0,0,0,0
nuscenes,scene-0103_006,yaw,deg,0.5,0.5,34688,3183,2,0.317521,68,0.0322852,0.207631,0,0,0,0,32,31,57,31,0,0,0,0,0,0,0,0
nuscenes,scene-0103_006,yaw,deg,0.5,-0.5,34688,3176,2,0.365833,64,0.0894684,0.207631,0,0,0,0,32,32,61,32,0,0,0,0,0,0,0,0
nuscenes,scene-0103_006,yaw,deg,1,1,34688,3183,2,0.244092,69,-0.00529072,0.207631,0,0,0,0,32,30,56,30,0,0,0,0,0,0,0,0
nuscenes,scene-0103_006,yaw,deg,1,-1,34688,3177,2,0.31896,68,0.035543,0.207631,0,0,0,0,32,31,64,31,0,0,0,0,0,0,0,0
nuscenes,scene-0103_006,yaw,deg,1.5,1.5,34688,3187,2,0.260394,71,0.0246461,0.207631,0,0,0,0,32,27,56,27,0,0,0,0,0,0,0,0
nuscenes,scene-0103_006,yaw,deg,1.5,-1.5,34688,3174,2,0.35112,69,0.0868069,0.207631,0,0,0,0,32,29,68,29,0,0,0,0,0,0,0,0
nuscenes,scene-0103_006,yaw,deg,2,2,34688,3183,2,0.235887,73,0.00303909,0.207631,0,0,0,0,32,24,54,24,0,0,0,0,0,0,0,0
nuscenes,scene-0103_006,yaw,deg,2,-2,34688,3175,2,0.294165,70,0.0247168,0.207631,0,0,0,0,32,28,72,28,0,0,0,0,0,0,0,0
nuscenes,scene-0103_006,yaw,deg,3,3,34688,3183,2,0.214036,75,0.00255316,0.207631,0,0,0,0,32,18,54,18,0,0,0,0,0,0,0,0
nuscenes,scene-0103_006,yaw,deg,3,-3,34688,3175,2,0.205765,68,-0.0561701,0.207631,0,0,0,0,32,20,72,20,0,0,0,0,0,0,0,0
nuscenes,scene-0103_006,tx,cm,2,2,34688,3179,2,0.416735,65,0.0982846,0.207631,0,0,0,0,32,32,60,32,0,0,0,0,0,0,0,0
nuscenes,scene-0103_006,tx,cm,2,-2,34688,3183,2,0.409981,66,0.0918147,0.207631,0,0,0,0,32,32,60,32,0,0,0,0,0,0,0,0
nuscenes,scene-0103_006,tx,cm,5,5,34688,3177,2,0.396303,63,0.0901066,0.207631,0,0,0,0,32,32,61,32,0,0,0,0,0,0,0,0
nuscenes,scene-0103_006,tx,cm,5,-5,34688,3185,2,0.389969,65,0.0722438,0.207631,0,0,0,0,32,32,60,32,0,0,0,0,0,0,0,0
nuscenes,scene-0103_006,tx,cm,10,10,34688,3170,2,0.337933,55,0.0573769,0.207631,0,0,0,0,32,32,62,32,0,0,0,0,0,0,0,0
nuscenes,scene-0103_006,tx,cm,10,-10,34688,3188,2,0.340453,68,0.0398331,0.207631,0,0,0,0,32,32,60,32,0,0,0,0,0,0,0,0
nuscenes,scene-0103_006,tx,cm,20,20,34688,3170,2,0.297711,57,0.0312094,0.207631,0,0,0,0,32,32,60,32,0,0,0,0,0,0,0,0
nuscenes,scene-0103_006,tx,cm,20,-20,34688,3197,2,0.350485,67,0.0502656,0.207631,0,0,0,0,32,31,58,31,0,0,0,0,0,0,0,0
nuscenes,scene-0103_006,ty,cm,2,2,34688,3192,2,0.39597,63,0.0688491,0.207631,0,0,0,0,32,32,59,32,0,0,0,0,0,0,0,0
nuscenes,scene-0103_006,ty,cm,2,-2,34688,3170,2,0.412489,65,0.0949005,0.207631,0,0,0,0,32,32,59,32,0,0,0,0,0,0,0,0
nuscenes,scene-0103_006,ty,cm,5,5,34688,3203,2,0.399224,64,0.0740208,0.207631,0,0,0,0,32,32,59,32,0,0,0,0,0,0,0,0
nuscenes,scene-0103_006,ty,cm,5,-5,34688,3156,2,0.408142,65,0.0918384,0.207631,0,0,0,0,32,32,60,32,0,0,0,0,0,0,0,0
nuscenes,scene-0103_006,ty,cm,10,10,34688,3231,2,0.399855,64,0.0812149,0.207631,0,0,0,0,32,32,60,32,0,0,0,0,0,0,0,0
nuscenes,scene-0103_006,ty,cm,10,-10,34688,3127,2,0.384555,65,0.0686691,0.207631,0,0,0,0,32,32,60,32,0,0,0,0,0,0,0,0
nuscenes,scene-0103_006,ty,cm,20,20,34688,3428,2,0.210618,182,0.0187633,0.207631,0,0,0,0,32,32,60,32,0,0,0,0,0,0,0,0
nuscenes,scene-0103_006,ty,cm,20,-20,34688,3068,2,0.396613,62,0.0747496,0.207631,0,0,0,0,32,32,60,32,0,0,0,0,0,0,0,0
nuscenes,scene-0103_006,tz,cm,2,2,34688,3197,2,0.419497,63,0.0988316,0.207631,0,0,0,0,32,32,63,32,0,0,0,0,0,0,0,0
nuscenes,scene-0103_006,tz,cm,2,-2,34688,3161,2,0.417668,65,0.0962924,0.207631,0,0,0,0,32,32,59,32,0,0,0,0,0,0,0,0
nuscenes,scene-0103_006,tz,cm,5,5,34688,3239,2,0.447271,60,0.12234,0.207631,0,0,0,0,32,32,77,32,0,0,0,0,0,0,0,0
nuscenes,scene-0103_006,tz,cm,5,-5,34688,3130,2,0.424824,65,0.0979689,0.207631,0,0,0,0,32,32,59,32,0,0,0,0,0,0,0,0
nuscenes,scene-0103_006,tz,cm,10,10,34688,3319,2,0.447504,61,0.119877,0.207631,0,0,0,0,32,32,79,32,0,0,0,0,0,0,0,0
nuscenes,scene-0103_006,tz,cm,10,-10,34688,3042,2,0.414586,65,0.0898018,0.207631,0,0,0,0,32,32,59,32,0,0,0,0,0,0,0,0
nuscenes,scene-0103_006,tz,cm,20,20,34688,3542,2,0.246754,163,0.0377819,0.207631,0,0,0,0,32,32,79,32,0,0,0,0,0,0,0,0
nuscenes,scene-0103_006,tz,cm,20,-20,34688,2957,2,0.42196,66,0.0898172,0.207631,0,0,0,0,32,32,59,32,0,0,0,0,0,0,0,0
nuscenes,scene-0103_007,baseline,,0,0,34688,3143,2,0.423012,68,0.0654454,0.182256,90,90,203,90,11,11,74,11,0,0,0,0,0,0,0,0
nuscenes,scene-0103_007,roll,deg,0.25,0.25,34688,3165,2,0.417734,66,0.057448,0.182256,90,90,196,90,11,11,59,11,0,0,0,0,0,0,0,0
nuscenes,scene-0103_007,roll,deg,0.25,-0.25,34688,3121,2,0.408479,67,0.0725715,0.182256,90,90,203,90,11,11,74,11,0,0,0,0,0,0,0,0
nuscenes,scene-0103_007,roll,deg,0.5,0.5,34688,3189,2,0.376575,66,0.0154666,0.182256,90,90,189,90,11,11,63,11,0,0,0,0,0,0,0,0
nuscenes,scene-0103_007,roll,deg,0.5,-0.5,34688,3093,2,0.363809,69,0.0429018,0.182256,90,90,199,90,11,11,71,11,0,0,0,0,0,0,0,0
nuscenes,scene-0103_007,roll,deg,1,1,34688,3283,2,0.331602,66,0.0291604,0.182256,90,86,205,86,11,5,61,5,0,0,0,0,0,0,0,0
nuscenes,scene-0103_007,roll,deg,1,-1,34688,2999,2,0.360607,68,0.0363458,0.182256,90,90,166,90,11,6,62,6,0,0,0,0,0,0,0,0
nuscenes,scene-0103_007,roll,deg,1.5,1.5,34688,3326,2,0.307468,68,0.00864756,0.182256,90,86,199,86,11,5,71,5,0,0,0,0,0,0,0,0
nuscenes,scene-0103_007,roll,deg,1.5,-1.5,34688,2957,2,0.38658,70,0.0626737,0.182256,90,90,198,90,11,6,77,6,0,0,0,0,0,0,0,0
nuscenes,scene-0103_007,roll,deg,2,2,34688,3402,2,0.328114,66,0.0260335,0.182256,90,84,219,84,11,5,77,5,0,0,0,0,0,0,0,0
nuscenes,scene-0103_007,roll,deg,2,-2,34688,2893,2,0.346725,66,0.0293562,0.182256,90,90,196,90,11,6,65,6,0,0,0,0,0,0,0,0
nuscenes,scene-0103_007,roll,deg,3,3,34688,3505,2,0.345491,64,0.0476308,0.182256,90,81,239,81,11,5,96,5,0,0,0,0,0,0,0,0
nuscenes,scene-0103_007,roll,deg,3,-3,34688,2770,2,0.393579,64,0.0472408,0.182256,90,66,193,66,11,6,84,6,0,0,0,0,0,0,0,0
nuscenes,scene-0103_007,pitch,deg,0.25,0.25,34688,3146,2,0.45354,68,0.0864438,0.182256,90,90,203,90,11,11,61,11,0,0,0,0,0,0,0,0
nuscenes,scene-0103_007,pitch,deg,0.25,-0.25,34688,3141,2,0.411099,67,0.0729738,0.182256,90,90,204,90,11,11,83,11,0,0,0,0,0,0,0,0
nuscenes,scene-0103_007,pitch,deg,0.5,0.5,34688,3151,2,0.455313,66,0.0841885,0.182256,90,90,204,90,11,11,59,11,0,0,0,0,0,0,0,0
nuscenes,scene-0103_007,pitch,deg,0.5,-0.5,34688,3138,2,0.383919,67,0.0529095,0.182256,90,90,204,90,11,11,79,11,0,0,0,0,0,0,0,0
nuscenes,scene-0103_007,pitch,deg,1,1,34688,3149,2,0.422701,64,0.0478242,0.182256,90,90,186,90,11,11,59,11,0,0,0,0,0,0,0,0
nuscenes,scene-0103_007,pitch,deg,1,-1,34688,3139,2,0.388915,68,0.061106,0.182256,90,90,203,90,11,11,71,11,0,0,0,0,0,0,0,0
nuscenes,scene-0103_007,pitch,deg,1.5,1.5,34688,3149,2,0.378207,65,0.0127873,0.182256,90,90,175,90,11,11,67,11,0,0,0,0,0,0,0,0
nuscenes,scene-0103_007,pitch,deg,1.5,-1.5,34688,3132,2,0.40627,65,0.0684563,0.182256,90,90,198,90,11,11,69,11,0,0,0,0,0,0,0,0
nuscenes,scene-0103_007,pitch,deg,2,2,34688,3142,2,0.372686,66,0.0196669,0.182256,90,90,205,90,11,11,67,11,0,0,0,0,0,0,0,0
nuscenes,scene-0103_007,pitch,deg,2,-2,34688,3129,2,0.385886,65,0.0458865,0.182256,90,90,191,90,11,11,65,11,0,0,0,0,0,0,0,0
nuscenes,scene-0103_007,pitch,deg,3,3,34688,3146,2,0.334888,65,-0.00152582,0.182256,90,86,208,86,11,5,58,5,0,0,0,0,0,0,0,0
nuscenes,scene-0103_007,pitch,deg,3,-3,34688,3112,2,0.39283,65,0.0445868,0.182256,90,90,182,90,11,6,60,6,0,0,0,0,0,0,0,0
nuscenes,scene-0103_007,yaw,deg,0.25,0.25,34688,3142,2,0.414686,66,0.0471481,0.182256,90,90,203,90,11,11,73,11,0,0,0,0,0,0,0,0
nuscenes,scene-0103_007,yaw,deg,0.25,-0.25,34688,3140,2,0.390833,64,0.0392242,0.182256,90,90,206,90,11,11,75,11,0,0,0,0,0,0,0,0
nuscenes,scene-0103_007,yaw,deg,0.5,0.5,34688,3141,2,0.431915,67,0.0529277,0.182256,90,90,202,90,11,11,72,11,0,0,0,0,0,0,0,0
nuscenes,scene-0103_007,yaw,deg,0.5,-0.5,34688,3141,2,0.361584,66,0.00889525,0.182256,90,90,210,90,11,11,74,11,0,0,0,0,0,0,0,0
nuscenes,scene-0103_007,yaw,deg,1,1,34688,3140,2,0.409527,65,0.0283641,0.182256,90,89,202,89,11,10,73,10,0,0,0,0,0,0,0,0
nuscenes,scene-0103_007,yaw,deg,1,-1,34688,3146,2,0.34856,64,0.0274462,0.182256,90,88,210,88,11,11,76,11,0,0,0,0,0,0,0,0
nuscenes,scene-0103_007,yaw,deg,1.5,1.5,34688,3139,2,0.320819,65,-0.0225276,0.182256,90,88,201,88,11,9,73,9,0,0,0,0,0,0,0,0
nuscenes,scene-0103_007,yaw,deg,1.5,-1.5,34688,3142,2,0.420557,58,0.0642172,0.182256,90,85,213,85,11,11,74,11,0,0,0,0,0,0,0,0
nuscenes,scene-0103_007,yaw,deg,2,2,34688,3139,2,0.324335,66,0.0115117,0.182256,90,85,199,85,11,8,74,8,0,0,0,0,0,0,0,0
nuscenes,scene-0103_007,yaw,deg,2,-2,34688,3139,2,0.441549,59,0.0690585,0.182256,90,80,214,80,11,11,75,11,0,0,0,0,0,0,0,0
nuscenes,scene-0103_007,yaw,deg,3,3,34688,3139,2,0.35068,66,-1.01626e-05,0.182256,90,80,198,80,11,8,77,8,0,0,0,0,0,0,0,0
nuscenes,scene-0103_007,yaw,deg,3,-3,34688,3141,2,0.402947,58,0.0434631,0.182256,90,75,219,75,11,11,77,11,0,0,0,0,0,0,0,0
nuscenes,scene-0103_007,tx,cm,2,2,34688,3144,2,0.428917,68,0.0709533,0.182256,90,90,202,90,11,11,73,11,0,0,0,0,0,0,0,0
nuscenes,scene-0103_007,tx,cm,2,-2,34688,3148,2,0.412217,66,0.0524504,0.182256,90,90,204,90,11,11,74,11,0,0,0,0,0,0,0,0
nuscenes,scene-0103_007,tx,cm,5,5,34688,3138,2,0.425613,66,0.0738437,0.182256,90,90,205,90,11,11,73,11,0,0,0,0,0,0,0,0
nuscenes,scene-0103_007,tx,cm,5,-5,34688,3145,2,0.428718,68,0.0636386,0.182256,90,90,205,90,11,11,75,11,0,0,0,0,0,0,0,0
nuscenes,scene-0103_007,tx,cm,10,10,34688,3134,2,0.415662,69,0.0731497,0.182256,90,90,206,90,11,11,72,11,0,0,0,0,0,0,0,0
nuscenes,scene-0103_007,tx,cm,10,-10,34688,3147,2,0.426942,67,0.048048,0.182256,90,90,203,90,11,11,75,11,0,0,0,0,0,0,0,0
nuscenes,scene-0103_007,tx,cm,20,20,34688,3131,2,0.316166,69,0.0253766,0.182256,90,90,206,90,11,11,71,11,0,0,0,0,0,0,0,0
nuscenes,scene-0103_007,tx,cm,20,-20,34688,3152,2,0.474184,58,0.0742267,0.182256,90,90,205,90,11,11,78,11,0,0,0,0,0,0,0,0
nuscenes,scene-0103_007,ty,cm,2,2,34688,3154,2,0.413929,67,0.0604344,0.182256,90,90,204,90,11,11,74,11,0,0,0,0,0,0,0,0
nuscenes,scene-0103_007,ty,cm,2,-2,34688,3135,2,0.419129,67,0.0539407,0.182256,90,90,203,90,11,11,73,11,0,0,0,0,0,0,0,0
nuscenes,scene-0103_007,ty,cm,5,5,34688,3168,2,0.417326,67,0.0634188,0.182256,90,90,204,90,11,11,74,11,0,0,0,0,0,0,0,0
nuscenes,scene-0103_007,ty,cm,5,-5,34688,3115,2,0.424044,68,0.0551473,0.182256,90,90,204,90,11,11,73,11,0,0,0,0,0,0,0,0
nuscenes,scene-0103_007,ty,cm,10,10,34688,3197,2,0.385216,72,0.0522946,0.182256,90,90,205,90,11,11,74,11,0,0,0,0,0,0,0,0
nuscenes,scene-0103_007,ty,cm,10,-10,34688,3089,2,0.433546,68,0.0533848,0.182256,90,90,204,90,11,11,71,11,0,0,0,0,0,0,0,0
nuscenes,scene-0103_007,ty,cm,20,20,34688,3400,2,0.216294,191,0.0273633,0.182256,90,90,209,90,11,11,75,11,0,0,0,0,0,0,0,0
nuscenes,scene-0103_007,ty,cm,20,-20,34688,3030,2,0.45827,63,0.0730402,0.182256,90,90,200,90,11,11,67,11,0,0,0,0,0,0,0,0
nuscenes,scene-0103_007,tz,cm,2,2,34688,3160,2,0.433086,68,0.0697961,0.182256,90,90,203,90,11,11,67,11,0,0,0,0,0,0,0,0
nuscenes,scene-0103_007,tz,cm,2,-2,34688,3124,2,0.410795,69,0.0537869,0.182256,90,90,203,90,11,11,79,11,0,0,0,0,0,0,0,0
nuscenes,scene-0103_007,tz,cm,5,5,34688,3210,2,0.450483,67,0.0912019,0.182256,90,90,203,90,11,11,64,11,0,0,0,0,0,0,0,0
nuscenes,scene-0103_007,tz,cm,5,-5,34688,3089,2,0.379797,66,0.0389564,0.182256,90,90,203,90,11,11,70,11,0,0,0,0,0,0,0,0
nuscenes,scene-0103_007,tz,cm,10,10,34688,3289,2,0.470289,63,0.0768898,0.182256,90,90,224,90,11,11,59,11,0,0,0,0,0,0,0,0
nuscenes,scene-0103_007,tz,cm,10,-10,34688,2999,2,0.339604,58,0.047073,0.182256,90,90,201,90,11,11,67,11,0,0,0,0,0,0,0,0
nuscenes,scene-0103_007,tz,cm,20,20,34688,3518,2,0.206569,171,0.0404684,0.182256,90,86,228,86,11,11,67,11,0,0,0,0,0,0,0,0
nuscenes,scene-0103_007,tz,cm,20,-20,34688,2910,2,0.338668,59,0.0590719,0.182256,90,90,166,90,11,11,71,11,0,0,0,0,0,0,0,0
nuscenes,scene-0103_008,baseline,,0,0,34720,2968,1,0.384882,49,0.0655579,0.179352,0,0,0,0,46,46,126,46,0,0,0,0,0,0,0,0
nuscenes,scene-0103_008,roll,deg,0.25,0.25,34720,2988,1,0.372751,47,0.0781249,0.179352,0,0,0,0,46,46,127,46,0,0,0,0,0,0,0,0
nuscenes,scene-0103_008,roll,deg,0.25,-0.25,34720,2945,1,0.39165,48,0.0401458,0.179352,0,0,0,0,46,46,129,46,0,0,0,0,0,0,0,0
nuscenes,scene-0103_008,roll,deg,0.5,0.5,34720,3002,1,0.374718,47,0.0776323,0.179352,0,0,0,0,46,46,123,46,0,0,0,0,0,0,0,0
nuscenes,scene-0103_008,roll,deg,0.5,-0.5,34720,2915,1,0.387465,46,0.0223933,0.179352,0,0,0,0,46,46,129,46,0,0,0,0,0,0,0,0
nuscenes,scene-0103_008,roll,deg,1,1,34720,3101,1,0.369547,48,0.0862078,0.179352,0,0,0,0,46,46,128,46,0,0,0,0,0,0,0,0
nuscenes,scene-0103_008,roll,deg,1,-1,34720,2822,1,0.396314,49,0.0659232,0.179352,0,0,0,0,46,36,111,36,0,0,0,0,0,0,0,0
nuscenes,scene-0103_008,roll,deg,1.5,1.5,34720,3145,1,0.351008,48,0.0593108,0.179352,0,0,0,0,46,46,138,46,0,0,0,0,0,0,0,0
nuscenes,scene-0103_008,roll,deg,1.5,-1.5,34720,2781,1,0.403596,47,0.0533611,0.179352,0,0,0,0,46,31,115,31,0,0,0,0,0,0,0,0
nuscenes,scene-0103_008,roll,deg,2,2,34720,3214,1,0.358585,48,0.0584524,0.179352,0,0,0,0,46,46,141,46,0,0,0,0,0,0,0,0
nuscenes,scene-0103_008,roll,deg,2,-2,34720,2714,1,0.333633,47,0.0245663,0.179352,0,0,0,0,46,31,123,31,0,0,0,0,0,0,0,0
nuscenes,scene-0103_008,roll,deg,3,3,34720,3329,1,0.286719,47,0.0179693,0.179352,0,0,0,0,46,36,154,36,0,0,0,0,0,0,0,0
nuscenes,scene-0103_008,roll,deg,3,-3,34720,2601,1,0.388879,48,0.0865036,0.179352,0,0,0,0,46,10,121,10,0,0,0,0,0,0,0,0
nuscenes,scene-0103_008,pitch,deg,0.25,0.25,34720,2971,1,0.375975,49,0.0670561,0.179352,0,0,0,0,46,46,115,46,0,0,0,0,0,0,0,0
nuscenes,scene-0103_008,pitch,deg,0.25,-0.25,34720,2967,1,0.369325,49,0.0314129,0.179352,0,0,0,0,46,46,129,46,0,0,0,0,0,0,0,0
nuscenes,scene-0103_008,pitch,deg,0.5,0.5,34720,2974,1,0.374383,47,0.0790258,0.179352,0,0,0,0,46,46,123,46,0,0,0,0,0,0,0,0
nuscenes,scene-0103_008,pitch,deg,0.5,-0.5,34720,2961,1,0.364568,48,0.0191282,0.179352,0,0,0,0,46,46,129,46,0,0,0,0,0,0,0,0
nuscenes,scene-0103_008,pitch,deg,1,1,34720,2972,1,0.389532,47,0.0923033,0.179352,0,0,0,0,46,46,125,46,0,0,0,0,0,0,0,0
nuscenes,scene-0103_008,pitch,deg,1,-1,34720,2961,1,0.34666,49,-0.0196228,0.179352,0,0,0,0,46,46,128,46,0,0,0,0,0,0,0,0
nuscenes,scene-0103_008,pitch,deg,1.5,1.5,34720,2976,1,0.384558,47,0.0982215,0.179352,0,0,0,0,46,46,126,46,0,0,0,0,0,0,0,0
nuscenes,scene-0103_008,pitch,deg,1.5,-1.5,34720,2962,1,0.361532,49,0.00840729,0.179352,0,0,0,0,46,45,122,45,0,0,0,0,0,0,0,0
nuscenes,scene-0103_008,pitch,deg,2,2,34720,2975,1,0.390535,49,0.114369,0.179352,0,0,0,0,46,46,125,46,0,0,0,0,0,0,0,0
nuscenes,scene-0103_008,pitch,deg,2,-2,34720,2956,1,0.380192,50,0.0462823,0.179352,0,0,0,0,46,37,114,37,0,0,0,0,0,0,0,0
nuscenes,scene-0103_008,pitch,deg,3,3,34720,2978,1,0.324075,48,0.0457196,0.179352,0,0,0,0,46,46,117,46,0,0,0,0,0,0,0,0
nuscenes,scene-0103_008,pitch,deg,3,-3,34720,2936,1,0.391095,50,0.0758905,0.179352,0,0,0,0,46,31,125,31,0,0,0,0,0,0,0,0
nuscenes,scene-0103_008,yaw,deg,0.25,0.25,34720,2969,1,0.356888,48,0.0573018,0.179352,0,0,0,0,46,46,124,46,0,0,0,0,0,0,0,0
nuscenes,scene-0103_008,yaw,deg,0.25,-0.25,34720,2967,1,0.33219,48,0.0149448,0.179352,0,0,0,0,46,46,126,46,0,0,0,0,0,0,0,0
nuscenes,scene-0103_008,yaw,deg,0.5,0.5,34720,2970,1,0.346459,49,0.0691223,0.179352,0,0,0,0,46,46,124,46,0,0,0,0,0,0,0,0
nuscenes,scene-0103_008,yaw,deg,0.5,-0.5,34720,2972,1,0.327737,48,0.00113845,0.179352,0,0,0,0,46,46,126,46,0,0,0,0,0,0,0,0
nuscenes,scene-0103_008,yaw,deg,1,1,34720,2972,1,0.298073,51,0.0775626,0.179352,0,0,0,0,46,46,126,46,0,0,0,0,0,0,0,0
nuscenes,scene-0103_008,yaw,deg,1,-1,34720,2984,1,0.337026,47,0.025052,0.179352,0,0,0,0,46,45,129,45,0,0,0,0,0,0,0,0
nuscenes,scene-0103_008,yaw,deg,1.5,1.5,34720,2975,1,0.290301,50,0.0283158,0.179352,0,0,0,0,46,44,123,44,0,0,0,0,0,0,0,0
nuscenes,scene-0103_008,yaw,deg,1.5,-1.5,34720,2998,1,0.298483,47,0.0323049,0.179352,0,0,0,0,46,44,131,44,0,0,0,0,0,0,0,0
nuscenes,scene-0103_008,yaw,deg,2,2,34720,2978,1,0.290395,51,0.0457739,0.179352,0,0,0,0,46,41,118,41,0,0,0,0,0,0,0,0
nuscenes,scene-0103_008,yaw,deg,2,-2,34720,3004,1,0.326092,47,0.0294468,0.179352,0,0,0,0,46,42,135,42,0,0,0,0,0,0,0,0
nuscenes,scene-0103_008,yaw,deg,3,3,34720,2981,1,0.237169,49,-0.00862357,0.179352,0,0,0,0,46,36,118,36,0,0,0,0,0,0,0,0
nuscenes,scene-0103_008,yaw,deg,3,-3,34720,2994,1,0.268641,46,0.0011932,0.179352,0,0,0,0,46,42,142,42,0,0,0,0,0,0,0,0
nuscenes,scene-0103_008,tx,cm,2,2,34720,2965,1,0.365528,49,0.0376161,0.179352,0,0,0,0,46,46,125,46,0,0,0,0,0,0,0,0
nuscenes,scene-0103_008,tx,cm,2,-2,34720,2970,1,0.36479,48,0.0450012,0.179352,0,0,0,0,46,46,123,46,0,0,0,0,0,0,0,0
nuscenes,scene-0103_008,tx,cm,5,5,34720,2964,1,0.366414,48,0.0303786,0.179352,0,0,0,0,46,46,125,46,0,0,0,0,0,0,0,0
nuscenes,scene-0103_008,tx,cm,5,-5,34720,2974,1,0.362876,48,0.0461272,0.179352,0,0,0,0,46,46,125,46,0,0,0,0,0,0,0,0
nuscenes,scene-0103_008,tx,cm,10,10,34720,2967,1,0.359836,49,0.0343191,0.179352,0,0,0,0,46,46,128,46,0,0,0,0,0,0,0,0
nuscenes,scene-0103_008,tx,cm,10,-10,34720,2975,1,0.369157,48,0.0560274,0.179352,0,0,0,0,46,46,125,46,0,0,0,0,0,0,0,0
nuscenes,scene-0103_008,tx,cm,20,20,34720,2973,1,0.330466,55,0.0258985,0.179352,0,0,0,0,46,46,128,46,0,0,0,0,0,0,0,0
nuscenes,scene-0103_008,tx,cm,20,-20,34720,2974,1,0.307524,53,0.010641,0.179352,0,0,0,0,46,46,124,46,0,0,0,0,0,0,0,0
nuscenes,scene-0103_008,ty,cm,2,2,34720,2978,1,0.364607,47,0.0374514,0.179352,0,0,0,0,46,46,127,46,0,0,0,0,0,0,0,0
nuscenes,scene-0103_008,ty,cm,2,-2,34720,2956,1,0.375506,47,0.0469748,0.179352,0,0,0,0,46,46,124,46,0,0,0,0,0,0,0,0
nuscenes,scene-0103_008,ty,cm,5,5,34720,2992,1,0.358901,49,0.035549,0.179352,0,0,0,0,46,46,126,46,0,0,0,0,0,0,0,0
nuscenes,scene-0103_008,ty,cm,5,-5,34720,2938,1,0.364355,47,0.0295541,0.179352,0,0,0,0,46,46,122,46,0,0,0,0,0,0,0,0
nuscenes,scene-0103_008,ty,cm,10,10,34720,3020,1,0.325264,53,0.0047411,0.179352,0,0,0,0,46,46,128,46,0,0,0,0,0,0,0,0
nuscenes,scene-0103_008,ty,cm,10,-10,34720,2910,1,0.378476,46,0.0414878,0.179352,0,0,0,0,46,46,123,46,0,0,0,0,0,0,0,0
nuscenes,scene-0103_008,ty,cm,20,20,34720,3188,1,0.147828,171,-0.0368747,0.179352,0,0,0,0,46,46,133,46,0,0,0,0,0,0,0,0
nuscenes,scene-0103_008,ty,cm,20,-20,34720,2852,1,0.359796,43,0.0203747,0.179352,0,0,0,0,46,46,120,46,0,0,0,0,0,0,0,0
nuscenes,scene-0103_008,tz,cm,2,2,34720,2983,1,0.380795,49,0.0618876,0.179352,0,0,0,0,46,46,121,46,0,0,0,0,0,0,0,0
nuscenes,scene-0103_008,tz,cm,2,-2,34720,2949,1,0.380055,49,0.0552868,0.179352,0,0,0,0,46,46,129,46,0,0,0,0,0,0,0,0
nuscenes,scene-0103_008,tz,cm,5,5,34720,3001,1,0.388734,54,0.0881893,0.179352,0,0,0,0,46,46,125,46,0,0,0,0,0,0,0,0
nuscenes,scene-0103_008,tz,cm,5,-5,34720,2913,1,0.368656,50,0.0378014,0.179352,0,0,0,0,46,46,129,46,0,0,0,0,0,0,0,0
nuscenes,scene-0103_008,tz,cm,10,10,34720,3110,1,0.367426,54,0.056016,0.179352,0,0,0,0,46,46,139,46,0,0,0,0,0,0,0,0
nuscenes,scene-0103_008,tz,cm,10,-10,34720,2826,1,0.361131,48,0.0315206,0.179352,0,0,0,0,46,46,128,46,0,0,0,0,0,0,0,0
nuscenes,scene-0103_008,tz,cm,20,20,34720,3336,1,0.206355,145,0.042994,0.179352,0,0,0,0,46,46,145,46,0,0,0,0,0,0,0,0
nuscenes,scene-0103_008,tz,cm,20,-20,34720,2739,1,0.34566,45,-0.0120888,0.179352,0,0,0,0,46,46,124,46,0,0,0,0,0,0,0,0
nuscenes,scene-0103_009,baseline,,0,0,34720,3044,2,0.296889,66,0.0898402,0.146491,0,0,0,0,28,28,77,28,0,0,0,0,0,0,0,0
nuscenes,scene-0103_009,roll,deg,0.25,0.25,34720,3065,2,0.283412,64,0.0590872,0.146491,0,0,0,0,28,28,77,28,0,0,0,0,0,0,0,0
nuscenes,scene-0103_009,roll,deg,0.25,-0.25,34720,3020,2,0.286867,63,0.064128,0.146491,0,0,0,0,28,28,58,28,0,0,0,0,0,0,0,0
nuscenes,scene-0103_009,roll,deg,0.5,0.5,34720,3082,2,0.237131,69,0.0050496,0.146491,0,0,0,0,28,28,75,28,0,0,0,0,0,0,0,0
nuscenes,scene-0103_009,roll,deg,0.5,-0.5,34720,2989,2,0.257344,67,0.0338653,0.146491,0,0,0,0,28,28,79,28,0,0,0,0,0,0,0,0
nuscenes,scene-0103_009,roll,deg,1,1,34720,3178,2,0.195169,63,-0.0196394,0.146491,0,0,0,0,28,26,78,26,0,0,0,0,0,0,0,0
nuscenes,scene-0103_009,roll,deg,1,-1,34720,2900,2,0.226593,66,0.00623675,0.146491,0,0,0,0,28,17,77,17,0,0,0,0,0,0,0,0
nuscenes,scene-0103_009,roll,deg,1.5,1.5,34720,3225,2,0.167034,61,-0.0136453,0.146491,0,0,0,0,28,26,100,26,0,0,0,0,0,0,0,0
nuscenes,scene-0103_009,roll,deg,1.5,-1.5,34720,2860,2,0.267134,64,0.0348269,0.146491,0,0,0,0,28,16,72,16,0,0,0,0,0,0,0,0
nuscenes,scene-0103_009,roll,deg,2,2,34720,3286,2,0.175855,60,0.0041925,0.146491,0,0,0,0,28,19,107,19,0,0,0,0,0,0,0,0
nuscenes,scene-0103_009,roll,deg,2,-2,34720,2783,2,0.310919,70,0.0420461,0.146491,0,0,0,0,28,2,82,2,0,0,0,0,0,0,0,0
nuscenes,scene-0103_009,roll,deg,3,3,34720,3403,2,0.187533,62,0.00268711,0.146491,0,0,0,0,28,5,119,5,0,0,0,0,0,0,0,0
nuscenes,scene-0103_009,roll,deg,3,-3,34720,2670,2,0.243854,69,-0.0132737,0.146491,0,0,0,0,28,0,62,0,0,0,0,0,0,0,0,0
nuscenes,scene-0103_009,pitch,deg,0.25,0.25,34720,3047,2,0.278245,66,0.0727745,0.146491,0,0,0,0,28,28,77,28,0,0,0,0,0,0,0,0
nuscenes,scene-0103_009,pitch,deg,0.25,-0.25,34720,3041,2,0.298244,65,0.0880495,0.146491,0,0,0,0,28,28,71,28,0,0,0,0,0,0,0,0
nuscenes,scene-0103_009,pitch,deg,0.5,0.5,34720,3049,2,0.267628,64,0.0586495,0.146491,0,0,0,0,28,28,77,28,0,0,0,0,0,0,0,0
nuscenes,scene-0103_009,pitch,deg,0.5,-0.5,34720,3042,2,0.273785,66,0.070217,0.146491,0,0,0,0,28,28,62,28,0,0,0,0,0,0,0,0
nuscenes,scene-0103_009,pitch,deg,1,1,34720,3049,2,0.255324,62,0.0223486,0.146491,0,0,0,0,28,28,77,28,0,0,0,0,0,0,0,0
nuscenes,scene-0103_009,pitch,deg,1,-1,34720,3041,2,0.285189,63,0.0614353,0.146491,0,0,0,0,28,28,59,28,0,0,0,0,0,0,0,0
nuscenes,scene-0103_009,pitch,deg,1.5,1.5,34720,3047,2,0.235823,64,-0.0151041,0.146491,0,0,0,0,28,28,78,28,0,0,0,0,0,0,0,0
nuscenes,scene-0103_009,pitch,deg,1.5,-1.5,34720,3038,2,0.26174,65,0.0309189,0.146491,0,0,0,0,28,28,74,28,0,0,0,0,0,0,0,0
nuscenes,scene-0103_009,pitch,deg,2,2,34720,3047,2,0.240156,66,-0.00329776,0.146491,0,0,0,0,28,28,78,28,0,0,0,0,0,0,0,0
nuscenes,scene-0103_009,pitch,deg,2,-2,34720,3035,2,0.257717,68,0.0276481,0.146491,0,0,0,0,28,28,83,28,0,0,0,0,0,0,0,0
nuscenes,scene-0103_009,pitch,deg,3,3,34720,3049,2,0.222413,63,-0.0100681,0.146491,0,0,0,0,28,26,70,26,0,0,0,0,0,0,0,0
nuscenes,scene-0103_009,pitch,deg,3,-3,34720,3017,2,0.220802,63,0.0139933,0.146491,0,0,0,0,28,28,81,28,0,0,0,0,0,0,0,0
nuscenes,scene-0103_009,yaw,deg,0.25,0.25,34720,3046,2,0.277105,66,0.0754468,0.146491,0,0,0,0,28,28,76,28,0,0,0,0,0,0,0,0
nuscenes,scene-0103_009,yaw,deg,0.25,-0.25,34720,3045,2,0.275488,67,0.0733843,0.146491,0,0,0,0,28,28,81,28,0,0,0,0,0,0,0,0
nuscenes,scene-0103_009,yaw,deg,0.5,0.5,34720,3040,2,0.26175,64,0.0614982,0.146491,0,0,0,0,28,28,75,28,0,0,0,0,0,0,0,0
nuscenes,scene-0103_009,yaw,deg,0.5,-0.5,34720,3046,2,0.274214,62,0.0568084,0.146491,0,0,0,0,28,28,80,28,0,0,0,0,0,0,0,0
nuscenes,scene-0103_009,yaw,deg,1,1,34720,3045,2,0.224113,66,0.0304491,0.146491,0,0,0,0,28,28,75,28,0,0,0,0,0,0,0,0
nuscenes,scene-0103_009,yaw,deg,1,-1,34720,3046,2,0.309303,60,0.0789187,0.146491,0,0,0,0,28,26,84,26,0,0,0,0,0,0,0,0
nuscenes,scene-0103_009,yaw,deg,1.5,1.5,34720,3033,2,0.23433,65,0.0352635,0.146491,0,0,0,0,28,26,74,26,0,0,0,0,0,0,0,0
nuscenes,scene-0103_009,yaw,deg,1.5,-1.5,34720,3040,2,0.299986,59,0.0516692,0.146491,0,0,0,0,28,25,85,25,0,0,0,0,0,0,0,0
nuscenes,scene-0103_009,yaw,deg,2,2,34720,3033,2,0.188107,68,-0.01184,0.146491,0,0,0,0,28,25,71,25,0,0,0,0,0,0,0,0
nuscenes,scene-0103_009,yaw,deg,2,-2,34720,3046,2,0.251147,61,0.00642213,0.146491,0,0,0,0,28,21,81,21,0,0,0,0,0,0,0,0
nuscenes,scene-0103_009,yaw,deg,3,3,34720,3034,2,0.146358,67,-0.0481736,0.146491,0,0,0,0,28,20,67,20,0,0,0,0,0,0,0,0
nuscenes,scene-0103_009,yaw,deg,3,-3,34720,3043,2,0.292951,58,0.0328644,0.146491,0,0,0,0,28,15,80,15,0,0,0,0,0,0,0,0
nuscenes,scene-0103_009,tx,cm,2,2,34720,3046,2,0.278197,64,0.0767691,0.146491,0,0,0,0,28,28,78,28,0,0,0,0,0,0,0,0
nuscenes,scene-0103_009,tx,cm,2,-2,34720,3041,2,0.293055,67,0.0894675,0.146491,0,0,0,0,28,28,78,28,0,0,0,0,0,0,0,0
nuscenes,scene-0103_009,tx,cm,5,5,34720,3041,2,0.27948,62,0.0767777,0.146491,0,0,0,0,28,28,78,28,0,0,0,0,0,0,0,0
nuscenes,scene-0103_009,tx,cm,5,-5,34720,3045,2,0.291783,67,0.0942567,0.146491,0,0,0,0,28,28,78,28,0,0,0,0,0,0,0,0
nuscenes,scene-0103_009,tx,cm,10,10,34720,3041,2,0.267611,61,0.0614231,0.146491,0,0,0,0,28,28,79,28,0,0,0,0,0,0,0,0
nuscenes,scene-0103_009,tx,cm,10,-10,34720,3044,2,0.272031,69,0.0804349,0.146491,0,0,0,0,28,28,78,28,0,0,0,0,0,0,0,0
nuscenes,scene-0103_009,tx,cm,20,20,34720,3047,2,0.266589,66,0.0658324,0.146491,0,0,0,0,28,28,81,28,0,0,0,0,0,0,0,0
nuscenes,scene-0103_009,tx,cm,20,-20,34720,3046,2,0.235244,65,0.0460326,0.146491,0,0,0,0,28,28,75,28,0,0,0,0,0,0,0,0
nuscenes,scene-0103_009,ty,cm,2,2,34720,3053,2,0.284261,65,0.0839713,0.146491,0,0,0,0,28,28,77,28,0,0,0,0,0,0,0,0
nuscenes,scene-0103_009,ty,cm,2,-2,34720,3036,2,0.291556,67,0.0895337,0.146491,0,0,0,0,28,28,77,28,0,0,0,0,0,0,0,0
nuscenes,scene-0103_009,ty,cm,5,5,34720,3069,2,0.274932,65,0.0758367,0.146491,0,0,0,0,28,28,77,28,0,0,0,0,0,0,0,0
nuscenes,scene-0103_009,ty,cm,5,-5,34720,3022,2,0.316416,62,0.098715,0.146491,0,0,0,0,28,28,78,28,0,0,0,0,0,0,0,0
nuscenes,scene-0103_009,ty,cm,10,10,34720,3093,2,0.253189,68,0.0729203,0.146491,0,0,0,0,28,28,78,28,0,0,0,0,0,0,0,0
nuscenes,scene-0103_009,ty,cm,10,-10,34720,2993,2,0.326138,58,0.110078,0.146491,0,0,0,0,28,28,78,28,0,0,0,0,0,0,0,0
nuscenes,scene-0103_009,ty,cm,20,20,34720,3219,2,0.179299,150,0.0251049,0.146491,0,0,0,0,28,28,78,28,0,0,0,0,0,0,0,0
nuscenes,scene-0103_009,ty,cm,20,-20,34720,2934,2,0.315491,61,0.100349,0.146491,0,0,0,0,28,28,78,28,0,0,0,0,0,0,0,0
nuscenes,scene-0103_009,tz,cm,2,2,34720,3062,2,0.295534,59,0.0830394,0.146491,0,0,0,0,28,28,77,28,0,0,0,0,0,0,0,0
nuscenes,scene-0103_009,tz,cm,2,-2,34720,3026,2,0.282027,69,0.0746449,0.146491,0,0,0,0,28,28,77,28,0,0,0,0,0,0,0,0
nuscenes,scene-0103_009,tz,cm,5,5,34720,3081,2,0.260169,56,0.0604183,0.146491,0,0,0,0,28,28,77,28,0,0,0,0,0,0,0,0
nuscenes,scene-0103_009,tz,cm,5,-5,34720,2989,2,0.261549,74,0.0643032,0.146491,0,0,0,0,28,28,65,28,0,0,0,0,0,0,0,0
nuscenes,scene-0103_009,tz,cm,10,10,34720,3184,2,0.262724,60,0.0634298,0.146491,0,0,0,0,28,28,77,28,0,0,0,0,0,0,0,0
nuscenes,scene-0103_009,tz,cm,10,-10,34720,2907,2,0.257513,73,0.0550067,0.146491,0,0,0,0,28,28,58,28,0,0,0,0,0,0,0,0
nuscenes,scene-0103_009,tz,cm,20,20,34720,3403,2,0.17521,173,0.0201435,0.146491,0,0,0,0,28,28,77,28,0,0,0,0,0,0,0,0
nuscenes,scene-0103_009,tz,cm,20,-20,34720,2819,2,0.232957,74,0.0266436,0.146491,0,0,0,0,28,28,58,28,0,0,0,0,0,0,0,0
nuscenes,scene-0103_010,baseline,,0,0,34720,3120,4,0.275204,67,0.0355672,0.153588,0,0,0,0,73,73,184,73,0,0,0,0,0,0,0,0
nuscenes,scene-0103_010,roll,deg,0.25,0.25,34720,3145,4,0.249345,66,0.0343362,0.153588,0,0,0,0,73,73,178,73,0,0,0,0,0,0,0,0
nuscenes,scene-0103_010,roll,deg,0.25,-0.25,34720,3096,4,0.287744,67,0.0115415,0.153588,0,0,0,0,73,73,197,73,0,0,0,0,0,0,0,0
nuscenes,scene-0103_010,roll,deg,0.5,0.5,34720,3160,4,0.238797,67,0.0246294,0.153588,0,0,0,0,73,70,158,70,0,0,0,0,0,0,0,0
nuscenes,scene-0103_010,roll,deg,0.5,-0.5,34720,3064,4,0.290496,65,0.0190997,0.153588,0,0,0,0,73,73,172,73,0,0,0,0,0,0,0,0
nuscenes,scene-0103_010,roll,deg,1,1,34720,3256,4,0.261532,67,0.0359385,0.153588,0,0,0,0,73,70,197,70,0,0,0,0,0,0,0,0
nuscenes,scene-0103_010,roll,deg,1,-1,34720,2979,4,0.254874,65,0.00666693,0.153588,0,0,0,0,73,56,152,56,0,0,0,0,0,0,0,0
nuscenes,scene-0103_010,roll,deg,1.5,1.5,34720,3305,4,0.234443,69,0.0230521,0.153588,0,0,0,0,73,63,211,63,0,0,0,0,0,0,0,0
nuscenes,scene-0103_010,roll,deg,1.5,-1.5,34720,2938,4,0.363603,67,0.0911946,0.153588,0,0,0,0,73,46,196,46,0,0,0,0,0,0,0,0
nuscenes,scene-0103_010,roll,deg,2,2,34720,3373,4,0.187301,68,-0.00670213,0.153588,0,0,0,0,73,56,219,56,0,0,0,0,0,0,0,0
nuscenes,scene-0103_010,roll,deg,2,-2,34720,2862,4,0.388384,66,0.10613,0.153588,0,0,0,0,73,33,190,33,0,0,0,0,0,0,0,0
nuscenes,scene-0103_010,roll,deg,3,3,34720,3479,4,0.180962,67,-0.0281654,0.153588,0,0,0,0,73,36,265,36,0,0,0,0,0,0,0,0
nuscenes,scene-0103_010,roll,deg,3,-3,34720,2749,4,0.330248,66,0.0265267,0.153588,0,0,0,0,73,17,225,17,0,0,0,0,0,0,0,0
nuscenes,scene-0103_010,pitch,deg,0.25,0.25,34720,3124,4,0.285076,68,0.0555797,0.153588,0,0,0,0,73,73,190,73,0,0,0,0,0,0,0,0
nuscenes,scene-0103_010,pitch,deg,0.25,-0.25,34720,3119,4,0.276469,67,0.0341093,0.153588,0,0,0,0,73,73,195,73,0,0,0,0,0,0,0,0
nuscenes,scene-0103_010,pitch,deg,0.5,0.5,34720,3128,4,0.261256,66,0.0305139,0.153588,0,0,0,0,73,73,188,73,0,0,0,0,0,0,0,0
nuscenes,scene-0103_010,pitch,deg,0.5,-0.5,34720,3116,4,0.283683,67,0.030969,0.153588,0,0,0,0,73,73,193,73,0,0,0,0,0,0,0,0
nuscenes,scene-0103_010,pitch,deg,1,1,34720,3131,4,0.25718,67,0.0307198,0.153588,0,0,0,0,73,73,169,73,0,0,0,0,0,0,0,0
nuscenes,scene-0103_010,pitch,deg,1,-1,34720,3118,4,0.288118,66,0.023374,0.153588,0,0,0,0,73,70,178,70,0,0,0,0,0,0,0,0
nuscenes,scene-0103_010,pitch,deg,1.5,1.5,34720,3127,4,0.25642,66,0.0309869,0.153588,0,0,0,0,73,69,160,69,0,0,0,0,0,0,0,0
nuscenes,scene-0103_010,pitch,deg,1.5,-1.5,34720,3118,4,0.310517,65,0.0424166,0.153588,0,0,0,0,73,70,160,70,0,0,0,0,0,0,0,0
nuscenes,scene-0103_010,pitch,deg,2,2,34720,3125,4,0.267643,67,0.0547678,0.153588,0,0,0,0,73,68,162,68,0,0,0,0,0,0,0,0
nuscenes,scene-0103_010,pitch,deg,2,-2,34720,3103,4,0.288934,68,0.0280567,0.153588,0,0,0,0,73,70,169,70,0,0,0,0,0,0,0,0
nuscenes,scene-0103_010,pitch,deg,3,3,34720,3124,4,0.240557,66,0.028112,0.153588,0,0,0,0,73,66,183,66,0,0,0,0,0,0,0,0
nuscenes,scene-0103_010,pitch,deg,3,-3,34720,3092,4,0.273913,67,0.0232296,0.153588,0,0,0,0,73,56,173,56,0,0,0,0,0,0,0,0
nuscenes,scene-0103_010,yaw,deg,0.25,0.25,34720,3122,4,0.247853,67,0.0146172,0.153588,0,0,0,0,73,72,184,72,0,0,0,0,0,0,0,0
nuscenes,scene-0103_010,yaw,deg,0.25,-0.25,34720,3120,4,0.289173,68,0.0602298,0.153588,0,0,0,0,73,72,184,73,0,0,0,0,0,0,0,0
nuscenes,scene-0103_010,yaw,deg,0.5,0.5,34720,3126,4,0.228538,66,-0.0109608,0.153588,0,0,0,0,73,71,187,71,0,0,0,0,0,0,0,0
nuscenes,scene-0103_010,yaw,deg,0.5,-0.5,34720,3120,4,0.279845,67,0.0399261,0.153588,0,0,0,0,73,68,189,70,0,0,0,0,0,0,0,0
nuscenes,scene-0103_010,yaw,deg,1,1,34720,3125,4,0.201135,66,-0.0650335,0.153588,0,0,0,0,73,68,192,68,0,0,0,0,0,0,0,0
nuscenes,scene-0103_010,yaw,deg,1,-1,34720,3114,4,0.245443,68,0.0111875,0.153588,0,0,0,0,73,62,189,65,0,0,0,0,0,0,0,0
nuscenes,scene-0103_010,yaw,deg,1.5,1.5,34720,3130,4,0.197019,70,-0.0482138,0.153588,0,0,0,0,73,61,195,61,0,0,0,0,0,0,0,0
nuscenes,scene-0103_010,yaw,deg,1.5,-1.5,34720,3110,4,0.225848,65,-0.0117141,0.153588,0,0,0,0,73,52,191,57,0,0,0,0,0,0,0,0
nuscenes,scene-0103_010,yaw,deg,2,2,34720,3126,4,0.193255,68,-0.0670601,0.153588,0,0,0,0,73,53,200,53,0,0,0,0,0,0,0,0
nuscenes,scene-0103_010,yaw,deg,2,-2,34720,3108,4,0.211245,68,-0.0260731,0.153588,0,0,0,0,73,47,194,53,0,0,0,0,0,0,0,0
nuscenes,scene-0103_010,yaw,deg,3,3,34720,3133,4,0.181396,67,-0.0826588,0.153588,0,0,0,0,73,39,207,39,0,0,0,0,0,0,0,0
nuscenes,scene-0103_010,yaw,deg,3,-3,34720,3091,4,0.219506,68,-0.0446026,0.153588,0,0,0,0,73,35,194,44,0,0,0,0,0,0,0,0
nuscenes,scene-0103_010,tx,cm,2,2,34720,3120,4,0.271071,67,0.0340131,0.153588,0,0,0,0,73,73,182,73,0,0,0,0,0,0,0,0
nuscenes,scene-0103_010,tx,cm,2,-2,34720,3123,4,0.267048,68,0.0316973,0.153588,0,0,0,0,73,73,184,73,0,0,0,0,0,0,0,0
nuscenes,scene-0103_010,tx,cm,5,5,34720,3116,4,0.276525,67,0.0410126,0.153588,0,0,0,0,73,72,183,72,0,0,0,0,0,0,0,0
nuscenes,scene-0103_010,tx,cm,5,-5,34720,3125,4,0.24822,70,0.0161986,0.153588,0,0,0,0,73,73,183,73,0,0,0,0,0,0,0,0
nuscenes,scene-0103_010,tx,cm,10,10,34720,3113,4,0.255042,63,0.0278136,0.153588,0,0,0,0,73,72,185,73,0,0,0,0,0,0,0,0
nuscenes,scene-0103_010,tx,cm,10,-10,34720,3129,4,0.246951,70,0.0236773,0.153588,0,0,0,0,73,73,184,73,0,0,0,0,0,0,0,0
nuscenes,scene-0103_010,tx,cm,20,20,34720,3107,4,0.241999,65,0.0178691,0.153588,0,0,0,0,73,68,182,69,0,0,0,0,0,0,0,0
nuscenes,scene-0103_010,tx,cm,20,-20,34720,3135,4,0.232896,69,0.0132531,0.153588,0,0,0,0,73,71,186,71,0,0,0,0,0,0,0,0
nuscenes,scene-0103_010,ty,cm,2,2,34720,3130,4,0.268219,65,0.0283342,0.153588,0,0,0,0,73,73,184,73,0,0,0,0,0,0,0,0
nuscenes,scene-0103_010,ty,cm,2,-2,34720,3112,4,0.283807,68,0.0516077,0.153588,0,0,0,0,73,73,183,73,0,0,0,0,0,0,0,0
nuscenes,scene-0103_010,ty,cm,5,5,34720,3144,4,0.258119,68,0.0232211,0.153588,0,0,0,0,73,73,187,73,0,0,0,0,0,0,0,0
nuscenes,scene-0103_010,ty,cm,5,-5,34720,3099,4,0.281097,68,0.0514897,0.153588,0,0,0,0,73,73,183,73,0,0,0,0,0,0,0,0
nuscenes,scene-0103_010,ty,cm,10,10,34720,3169,4,0.242381,72,0.0182469,0.153588,0,0,0,0,73,73,192,74,0,0,0,0,0,0,0,0
nuscenes,scene-0103_010,ty,cm,10,-10,34720,3071,4,0.289958,69,0.0665086,0.153588,0,0,0,0,73,72,181,72,0,0,0,0,0,0,0,0
nuscenes,scene-0103_010,ty,cm,20,20,34720,3318,4,0.17011,172,0.037103,0.153588,0,0,0,0,73,73,201,74,0,0,0,0,0,0,0,0
nuscenes,scene-0103_010,ty,cm,20,-20,34720,3008,4,0.283026,69,0.0624779,0.153588,0,0,0,0,73,71,179,71,0,0,0,0,0,0,0,0
nuscenes,scene-0103_010,tz,cm,2,2,34720,3138,4,0.285889,71,0.0647833,0.153588,0,0,0,0,73,73,186,73,0,0,0,0,0,0,0,0
nuscenes,scene-0103_010,tz,cm,2,-2,34720,3100,4,0.282447,67,0.0370872,0.153588,0,0,0,0,73,73,194,73,0,0,0,0,0,0,0,0
nuscenes,scene-0103_010,tz,cm,5,5,34720,3159,4,0.281591,70,0.0662018,0.153588,0,0,0,0,73,73,184,73,0,0,0,0,0,0,0,0
nuscenes,scene-0103_010,tz,cm,5,-5,34720,3066,4,0.286145,66,0.0308861,0.153588,0,0,0,0,73,73,197,73,0,0,0,0,0,0,0,0
nuscenes,scene-0103_010,tz,cm,10,10,34720,3264,4,0.281297,68,0.0638003,0.153588,0,0,0,0,73,73,188,73,0,0,0,0,0,0,0,0
nuscenes,scene-0103_010,tz,cm,10,-10,34720,2982,4,0.289454,66,0.0286488,0.153588,0,0,0,0,73,73,197,73,0,0,0,0,0,0,0,0
nuscenes,scene-0103_010,tz,cm,20,20,34720,3486,4,0.1821,166,0.0366495,0.153588,0,0,0,0,73,70,157,70,0,0,0,0,0,0,0,0
nuscenes,scene-0103_010,tz,cm,20,-20,34720,2896,4,0.286275,66,0.00482276,0.153588,0,0,0,0,73,73,172,73,0,0,0,0,0,0,0,0
nuscenes,scene-0103_011,baseline,,0,0,34688,3097,3,0.319368,64,0.070544,0.157566,0,0,0,0,66,65,184,65,0,0,0,0,0,0,0,0
nuscenes,scene-0103_011,roll,deg,0.25,0.25,34688,3117,3,0.30058,63,0.0626087,0.157566,0,0,0,0,66,66,183,66,0,0,0,0,0,0,0,0
nuscenes,scene-0103_011,roll,deg,0.25,-0.25,34688,3072,3,0.334979,66,0.103678,0.157566,0,0,0,0,66,64,187,64,0,0,0,0,0,0,0,0
nuscenes,scene-0103_011,roll,deg,0.5,0.5,34688,3133,3,0.283018,64,0.0614542,0.157566,0,0,0,0,66,66,204,66,0,0,0,0,0,0,0,0
nuscenes,scene-0103_011,roll,deg,0.5,-0.5,34688,3043,3,0.312915,65,0.0695469,0.157566,0,0,0,0,66,64,185,64,0,0,0,0,0,0,0,0
nuscenes,scene-0103_011,roll,deg,1,1,34688,3230,3,0.287285,65,0.053649,0.157566,0,0,0,0,66,66,210,66,0,0,0,0,0,0,0,0
nuscenes,scene-0103_011,roll,deg,1,-1,34688,2955,3,0.318901,65,0.0592722,0.157566,0,0,0,0,66,58,184,58,0,0,0,0,0,0,0,0
nuscenes,scene-0103_011,roll,deg,1.5,1.5,34688,3282,3,0.246187,64,0.0143994,0.157566,0,0,0,0,66,62,206,62,0,0,0,0,0,0,0,0
nuscenes,scene-0103_011,roll,deg,1.5,-1.5,34688,2911,3,0.357716,65,0.0714922,0.157566,0,0,0,0,66,46,178,46,0,0,0,0,0,0,0,0
nuscenes,scene-0103_011,roll,deg,2,2,34688,3345,3,0.199519,64,-0.0182575,0.157566,0,0,0,0,66,59,249,59,0,0,0,0,0,0,0,0
nuscenes,scene-0103_011,roll,deg,2,-2,34688,2837,3,0.347372,65,0.0457273,0.157566,0,0,0,0,66,46,195,46,0,0,0,0,0,0,0,0
nuscenes,scene-0103_011,roll,deg,3,3,34688,3459,3,0.243098,65,0.0265948,0.157566,0,0,0,0,66,38,273,39,0,0,0,0,0,0,0,0
nuscenes,scene-0103_011,roll,deg,3,-3,34688,2726,3,0.352399,65,0.00749385,0.157566,0,0,0,0,66,11,189,11,0,0,0,0,0,0,0,0
nuscenes,scene-0103_011,pitch,deg,0.25,0.25,34688,3100,3,0.308333,65,0.0657153,0.157566,0,0,0,0,66,64,185,64,0,0,0,0,0,0,0,0
nuscenes,scene-0103_011,pitch,deg,0.25,-0.25,34688,3095,3,0.319085,65,0.0717925,0.157566,0,0,0,0,66,66,184,66,0,0,0,0,0,0,0,0
nuscenes,scene-0103_011,pitch,deg,0.5,0.5,34688,3101,3,0.309977,62,0.0789147,0.157566,0,0,0,0,66,64,186,64,0,0,0,0,0,0,0,0
nuscenes,scene-0103_011,pitch,deg,0.5,-0.5,34688,3096,3,0.312199,66,0.0597828,0.157566,0,0,0,0,66,66,184,66,0,0,0,0,0,0,0,0
nuscenes,scene-0103_011,pitch,deg,1,1,34688,3106,3,0.289924,65,0.0631323,0.157566,0,0,0,0,66,64,183,64,0,0,0,0,0,0,0,0
nuscenes,scene-0103_011,pitch,deg,1,-1,34688,3092,3,0.305086,64,0.0522443,0.157566,0,0,0,0,66,66,180,66,0,0,0,0,0,0,0,0
nuscenes,scene-0103_011,pitch,deg,1.5,1.5,34688,3106,3,0.274201,65,0.0375769,0.157566,0,0,0,0,66,60,166,60,0,0,0,0,0,0,0,0
nuscenes,scene-0103_011,pitch,deg,1.5,-1.5,34688,3089,3,0.297109,65,0.0619434,0.157566,0,0,0,0,66,66,186,66,0,0,0,0,0,0,0,0
nuscenes,scene-0103_011,pitch,deg,2,2,34688,3097,3,0.257981,65,0.0226582,0.157566,0,0,0,0,66,60,163,60,0,0,0,0,0,0,0,0
nuscenes,scene-0103_011,pitch,deg,2,-2,34688,3079,3,0.287021,65,0.0658979,0.157566,0,0,0,0,66,66,189,66,0,0,0,0,0,0,0,0
nuscenes,scene-0103_011,pitch,deg,3,3,34688,3102,3,0.2329,67,-0.0215848,0.157566,0,0,0,0,66,60,205,60,0,0,0,0,0,0,0,0
nuscenes,scene-0103_011,pitch,deg,3,-3,34688,3068,3,0.320953,64,0.0698805,0.157566,0,0,0,0,66,64,209,64,0,0,0,0,0,0,0,0
nuscenes,scene-0103_011,yaw,deg,0.25,0.25,34688,3099,3,0.312633,63,0.0666849,0.157566,0,0,0,0,66,66,180,67,0,0,0,0,0,0,0,0
nuscenes,scene-0103_011,yaw,deg,0.25,-0.25,34688,3098,3,0.247664,66,0.00690973,0.157566,0,0,0,0,66,62,186,62,0,0,0,0,0,0,0,0
nuscenes,scene-0103_011,yaw,deg,0.5,0.5,34688,3098,3,0.317427,63,0.058341,0.157566,0,0,0,0,66,65,178,70,0,0,0,0,0,0,0,0
nuscenes,scene-0103_011,yaw,deg,0.5,-0.5,34688,3099,3,0.221757,64,-0.0185065,0.157566,0,0,0,0,66,60,188,60,0,0,0,0,0,0,0,0
nuscenes,scene-0103_011,yaw,deg,1,1,34688,3099,3,0.261907,64,0.0177143,0.157566,0,0,0,0,66,61,180,71,0,0,0,0,0,0,0,0
nuscenes,scene-0103_011,yaw,deg,1,-1,34688,3095,3,0.182415,65,-0.0675303,0.157566,0,0,0,0,66,55,190,55,0,0,0,0,0,0,0,0
nuscenes,scene-0103_011,yaw,deg,1.5,1.5,34688,3100,3,0.19256,64,-0.025507,0.157566,0,0,0,0,66,57,177,73,0,0,0,0,0,0,0,0
nuscenes,scene-0103_011,yaw,deg,1.5,-1.5,34688,3101,3,0.161274,66,-0.0839394,0.157566,0,0,0,0,66,49,201,49,0,0,0,0,0,0,0,0
nuscenes,scene-0103_011,yaw,deg,2,2,34688,3103,3,0.183135,63,-0.0403123,0.157566,0,0,0,0,66,52,174,68,0,0,0,0,0,0,0,0
nuscenes,scene-0103_011,yaw,deg,2,-2,34688,3099,3,0.190029,66,-0.0859022,0.157566,0,0,0,0,66,44,204,44,0,0,0,0,0,0,0,0
nuscenes,scene-0103_011,yaw,deg,3,3,34688,3103,3,0.191873,63,-0.0774878,0.157566,0,0,0,0,66,43,182,50,0,0,0,0,0,0,0,0
nuscenes,scene-0103_011,yaw,deg,3,-3,34688,3098,3,0.209169,67,-0.0461148,0.157566,0,0,0,0,66,36,206,36,0,0,0,0,0,0,0,0
nuscenes,scene-0103_011,tx,cm,2,2,34688,3095,3,0.300518,66,0.0657709,0.157566,0,0,0,0,66,64,184,64,0,0,0,0,0,0,0,0
nuscenes,scene-0103_011,tx,cm,2,-2,34688,3096,3,0.320598,63,0.0832047,0.157566,0,0,0,0,66,66,182,66,0,0,0,0,0,0,0,0
nuscenes,scene-0103_011,tx,cm,5,5,34688,3095,3,0.302414,64,0.0638075,0.157566,0,0,0,0,66,63,183,63,0,0,0,0,0,0,0,0
nuscenes,scene-0103_011,tx,cm,5,-5,34688,3100,3,0.312162,63,0.075368,0.157566,0,0,0,0,66,66,182,67,0,0,0,0,0,0,0,0
nuscenes,scene-0103_011,tx,cm,10,10,34688,3090,3,0.258346,68,0.0240797,0.157566,0,0,0,0,66,62,182,62,0,0,0,0,0,0,0,0
nuscenes,scene-0103_011,tx,cm,10,-10,34688,3105,3,0.292718,60,0.0585839,0.157566,0,0,0,0,66,66,183,67,0,0,0,0,0,0,0,0
nuscenes,scene-0103_011,tx,cm,20,20,34688,3083,3,0.217022,74,-0.0169191,0.157566,0,0,0,0,66,60,185,60,0,0,0,0,0,0,0,0
nuscenes,scene-0103_011,tx,cm,20,-20,34688,3111,3,0.28062,57,0.0391762,0.157566,0,0,0,0,66,64,179,69,0,0,0,0,0,0,0,0
nuscenes,scene-0103_011,ty,cm,2,2,34688,3103,3,0.316093,65,0.0724532,0.157566,0,0,0,0,66,66,184,66,0,0,0,0,0,0,0,0
nuscenes,scene-0103_011,ty,cm,2,-2,34688,3088,3,0.315765,64,0.0734502,0.157566,0,0,0,0,66,64,183,64,0,0,0,0,0,0,0,0
nuscenes,scene-0103_011,ty,cm,5,5,34688,3122,3,0.31114,64,0.0716349,0.157566,0,0,0,0,66,66,183,66,0,0,0,0,0,0,0,0
nuscenes,scene-0103_011,ty,cm,5,-5,34688,3068,3,0.312123,63,0.0687279,0.157566,0,0,0,0,66,63,182,63,0,0,0,0,0,0,0,0
nuscenes,scene-0103_011,ty,cm,10,10,34688,3150,3,0.291672,69,0.0608855,0.157566,0,0,0,0,66,66,185,67,0,0,0,0,0,0,0,0
nuscenes,scene-0103_011,ty,cm,10,-10,34688,3044,3,0.316043,65,0.0751645,0.157566,0,0,0,0,66,63,183,63,0,0,0,0,0,0,0,0
nuscenes,scene-0103_011,ty,cm,20,20,34688,3279,3,0.249918,111,0.0616579,0.157566,0,0,0,0,66,66,187,68,0,0,0,0,0,0,0,0
nuscenes,scene-0103_011,ty,cm,20,-20,34688,2978,3,0.314528,60,0.0700409,0.157566,0,0,0,0,66,60,177,60,0,0,0,0,0,0,0,0
nuscenes,scene-0103_011,tz,cm,2,2,34688,3114,3,0.310691,65,0.0660714,0.157566,0,0,0,0,66,65,183,65,0,0,0,0,0,0,0,0
nuscenes,scene-0103_011,tz,cm,2,-2,34688,3077,3,0.321477,65,0.0759523,0.157566,0,0,0,0,66,64,184,64,0,0,0,0,0,0,0,0
nuscenes,scene-0103_011,tz,cm,5,5,34688,3136,3,0.303166,66,0.0576793,0.157566,0,0,0,0,66,66,184,66,0,0,0,0,0,0,0,0
nuscenes,scene-0103_011,tz,cm,5,-5,34688,3039,3,0.334965,65,0.0888415,0.157566,0,0,0,0,66,64,187,64,0,0,0,0,0,0,0,0
nuscenes,scene-0103_011,tz,cm,10,10,34688,3240,3,0.306539,62,0.063185,0.157566,0,0,0,0,66,66,184,66,0,0,0,0,0,0,0,0
nuscenes,scene-0103_011,tz,cm,10,-10,34688,2959,3,0.350138,65,0.101115,0.157566,0,0,0,0,66,64,187,64,0,0,0,0,0,0,0,0
nuscenes,scene-0103_011,tz,cm,20,20,34688,3461,3,0.190357,145,0.0377685,0.157566,0,0,0,0,66,66,223,66,0,0,0,0,0,0,0,0
nuscenes,scene-0103_011,tz,cm,20,-20,34688,2862,3,0.319987,65,0.0817929,0.157566,0,0,0,0,66,64,176,64,0,0,0,0,0,0,0,0
nuscenes,scene-0103_012,baseline,,0,0,34688,3023,3,0.196242,97,-0.0290916,0.161833,0,0,0,0,109,109,296,109,0,0,0,0,0,0,0,0
nuscenes,scene-0103_012,roll,deg,0.25,0.25,34688,3044,3,0.181195,97,-0.030358,0.161833,0,0,0,0,109,109,307,109,0,0,0,0,0,0,0,0
nuscenes,scene-0103_012,roll,deg,0.25,-0.25,34688,2996,3,0.206557,97,-0.0208492,0.161833,0,0,0,0,109,109,277,109,0,0,0,0,0,0,0,0
nuscenes,scene-0103_012,roll,deg,0.5,0.5,34688,3059,3,0.214807,98,0.00609602,0.161833,0,0,0,0,109,109,283,109,0,0,0,0,0,0,0,0
nuscenes,scene-0103_012,roll,deg,0.5,-0.5,34688,2964,3,0.221028,97,-0.0112311,0.161833,0,0,0,0,109,109,251,109,0,0,0,0,0,0,0,0
nuscenes,scene-0103_012,roll,deg,1,1,34688,3157,3,0.20976,94,-0.0034557,0.161833,0,0,0,0,109,102,294,102,0,0,0,0,0,0,0,0
nuscenes,scene-0103_012,roll,deg,1,-1,34688,2876,3,0.183343,97,-0.0597968,0.161833,0,0,0,0,109,99,257,99,0,0,0,0,0,0,0,0
nuscenes,scene-0103_012,roll,deg,1.5,1.5,34688,3205,3,0.210136,95,-0.00712042,0.161833,0,0,0,0,109,91,326,91,0,0,0,0,0,0,0,0
nuscenes,scene-0103_012,roll,deg,1.5,-1.5,34688,2836,3,0.231134,98,-0.0219296,0.161833,0,0,0,0,109,78,270,78,0,0,0,0,0,0,0,0
nuscenes,scene-0103_012,roll,deg,2,2,34688,3273,3,0.219033,93,0.00945312,0.161833,0,0,0,0,109,91,338,91,0,0,0,0,0,0,0,0
nuscenes,scene-0103_012,roll,deg,2,-2,34688,2754,3,0.229868,99,-0.0333881,0.161833,0,0,0,0,109,53,241,53,0,0,0,0,0,0,0,0
nuscenes,scene-0103_012,roll,deg,3,3,34688,3384,3,0.19014,93,-0.0336865,0.161833,0,0,0,0,109,71,392,71,0,0,0,0,0,0,0,0
nuscenes,scene-0103_012,roll,deg,3,-3,34688,2644,3,0.296172,100,0.0415835,0.161833,0,0,0,0,109,26,273,26,0,0,0,0,0,0,0,0
nuscenes,scene-0103_012,pitch,deg,0.25,0.25,34688,3025,3,0.179251,94,-0.0369639,0.161833,0,0,0,0,109,109,284,109,0,0,0,0,0,0,0,0
nuscenes,scene-0103_012,pitch,deg,0.25,-0.25,34688,3020,3,0.190122,96,-0.036622,0.161833,0,0,0,0,109,109,310,109,0,0,0,0,0,0,0,0
nuscenes,scene-0103_012,pitch,deg,0.5,0.5,34688,3028,3,0.197197,97,-0.0164483,0.161833,0,0,0,0,109,109,277,109,0,0,0,0,0,0,0,0
nuscenes,scene-0103_012,pitch,deg,0.5,-0.5,34688,3016,3,0.19357,99,-0.0424017,0.161833,0,0,0,0,109,109,309,109,0,0,0,0,0,0,0,0
nuscenes,scene-0103_012,pitch,deg,1,1,34688,3028,3,0.19393,96,-0.0149155,0.161833,0,0,0,0,109,109,264,109,0,0,0,0,0,0,0,0
nuscenes,scene-0103_012,pitch,deg,1,-1,34688,3016,3,0.223389,97,-0.0149038,0.161833,0,0,0,0,109,109,295,109,0,0,0,0,0,0,0,0
nuscenes,scene-0103_012,pitch,deg,1.5,1.5,34688,3029,3,0.178565,98,-0.0261503,0.161833,0,0,0,0,109,109,253,109,0,0,0,0,0,0,0,0
nuscenes,scene-0103_012,pitch,deg,1.5,-1.5,34688,3017,3,0.222197,95,-0.00017634,0.161833,0,0,0,0,109,109,282,109,0,0,0,0,0,0,0,0
nuscenes,scene-0103_012,pitch,deg,2,2,34688,3027,3,0.190036,100,-0.024339,0.161833,0,0,0,0,109,109,247,109,0,0,0,0,0,0,0,0
nuscenes,scene-0103_012,pitch,deg,2,-2,34688,3014,3,0.217874,99,-0.00621362,0.161833,0,0,0,0,109,109,272,109,0,0,0,0,0,0,0,0
nuscenes,scene-0103_012,pitch,deg,3,3,34688,3025,3,0.179584,95,-0.0296487,0.161833,0,0,0,0,109,104,286,104,0,0,0,0,0,0,0,0
nuscenes,scene-0103_012,pitch,deg,3,-3,34688,2988,3,0.231624,99,0.00436231,0.161833,0,0,0,0,109,109,293,109,0,0,0,0,0,0,0,0
nuscenes,scene-0103_012,yaw,deg,0.25,0.25,34688,3020,3,0.208317,97,-0.0312494,0.161833,0,0,0,0,109,109,294,109,0,0,0,0,0,0,0,0
nuscenes,scene-0103_012,yaw,deg,0.25,-0.25,34688,3025,3,0.171561,99,-0.0482155,0.161833,0,0,0,0,109,109,294,109,0,0,0,0,0,0,0,0
nuscenes,scene-0103_012,yaw,deg,0.5,0.5,34688,3016,3,0.228657,96,-0.00295754,0.161833,0,0,0,0,109,109,288,109,0,0,0,0,0,0,0,0
nuscenes,scene-0103_012,yaw,deg,0.5,-0.5,34688,3023,3,0.166672,99,-0.0572225,0.161833,0,0,0,0,109,109,298,109,0,0,0,0,0,0,0,0
nuscenes,scene-0103_012,yaw,deg,1,1,34688,3020,3,0.19041,96,-0.0133612,0.161833,0,0,0,0,109,106,281,106,0,0,0,0,0,0,0,0
nuscenes,scene-0103_012,yaw,deg,1,-1,34688,3031,3,0.199658,99,-0.0298118,0.161833,0,0,0,0,109,108,302,108,0,0,0,0,0,0,0,0
nuscenes,scene-0103_012,yaw,deg,1.5,1.5,34688,3020,3,0.207001,97,0.0046981,0.161833,0,0,0,0,109,103,281,103,0,0,0,0,0,0,0,0
nuscenes,scene-0103_012,yaw,deg,1.5,-1.5,34688,3023,3,0.169645,100,-0.0590605,0.161833,0,0,0,0,109,101,300,101,0,0,0,0,0,0,0,0
nuscenes,scene-0103_012,yaw,deg,2,2,34688,3017,3,0.192356,97,-0.0186324,0.161833,0,0,0,0,109,100,268,100,0,0,0,0,0,0,0,0
nuscenes,scene-0103_012,yaw,deg,2,-2,34688,3028,3,0.200814,96,-0.0354677,0.161833,0,0,0,0,109,94,302,94,0,0,0,0,0,0,0,0
nuscenes,scene-0103_012,yaw,deg,3,3,34688,3013,3,0.170922,95,-0.0326515,0.161833,0,0,0,0,109,91,276,91,0,0,0,0,0,0,0,0
nuscenes,scene-0103_012,yaw,deg,3,-3,34688,3030,3,0.212382,101,-0.0198445,0.161833,0,0,0,0,109,81,306,81,0,0,0,0,0,0,0,0
nuscenes,scene-0103_012,tx,cm,2,2,34688,3021,3,0.196944,99,-0.0258379,0.161833,0,0,0,0,109,109,297,109,0,0,0,0,0,0,0,0
nuscenes,scene-0103_012,tx,cm,2,-2,34688,3022,3,0.204712,99,-0.0167011,0.161833,0,0,0,0,109,109,296,109,0,0,0,0,0,0,0,0
nuscenes,scene-0103_012,tx,cm,5,5,34688,3020,3,0.201528,101,-0.0179117,0.161833,0,0,0,0,109,109,297,109,0,0,0,0,0,0,0,0
nuscenes,scene-0103_012,tx,cm,5,-5,34688,3023,3,0.21137,99,-0.0141511,0.161833,0,0,0,0,109,109,293,109,0,0,0,0,0,0,0,0
nuscenes,scene-0103_012,tx,cm,10,10,34688,3019,3,0.182408,106,-0.0307823,0.161833,0,0,0,0,109,109,297,109,0,0,0,0,0,0,0,0
nuscenes,scene-0103_012,tx,cm,10,-10,34688,3028,3,0.215601,99,-0.0166397,0.161833,0,0,0,0,109,109,294,109,0,0,0,0,0,0,0,0
nuscenes,scene-0103_012,tx,cm,20,20,34688,3012,3,0.165766,110,-0.0484764,0.161833,0,0,0,0,109,109,297,109,0,0,0,0,0,0,0,0
nuscenes,scene-0103_012,tx,cm,20,-20,34688,3028,3,0.19905,100,-0.0383235,0.161833,0,0,0,0,109,109,290,109,0,0,0,0,0,0,0,0
nuscenes,scene-0103_012,ty,cm,2,2,34688,3034,3,0.197661,98,-0.0299625,0.161833,0,0,0,0,109,109,298,109,0,0,0,0,0,0,0,0
nuscenes,scene-0103_012,ty,cm,2,-2,34688,3012,3,0.199025,98,-0.0249622,0.161833,0,0,0,0,109,109,296,109,0,0,0,0,0,0,0,0
nuscenes,scene-0103_012,ty,cm,5,5,34688,3045,3,0.201865,99,-0.0218582,0.161833,0,0,0,0,109,109,301,109,0,0,0,0,0,0,0,0
nuscenes,scene-0103_012,ty,cm,5,-5,34688,2996,3,0.194457,98,-0.0257179,0.161833,0,0,0,0,109,109,292,109,0,0,0,0,0,0,0,0
nuscenes,scene-0103_012,ty,cm,10,10,34688,3068,3,0.202715,99,-0.0192456,0.161833,0,0,0,0,109,109,303,109,0,0,0,0,0,0,0,0
nuscenes,scene-0103_012,ty,cm,10,-10,34688,2966,3,0.177417,94,-0.0398093,0.161833,0,0,0,0,109,109,286,109,0,0,0,0,0,0,0,0
nuscenes,scene-0103_012,ty,cm,20,20,34688,3200,3,0.193731,157,0.00727731,0.161833,0,0,0,0,109,109,308,109,0,0,0,0,0,0,0,0
nuscenes,scene-0103_012,ty,cm,20,-20,34688,2906,3,0.168198,96,-0.0571511,0.161833,0,0,0,0,109,109,282,109,0,0,0,0,0,0,0,0
nuscenes,scene-0103_012,tz,cm,2,2,34688,3041,3,0.185848,94,-0.0413053,0.161833,0,0,0,0,109,109,315,109,0,0,0,0,0,0,0,0
nuscenes,scene-0103_012,tz,cm,2,-2,34688,3002,3,0.192025,96,-0.0247455,0.161833,0,0,0,0,109,109,281,109,0,0,0,0,0,0,0,0
nuscenes,scene-0103_012,tz,cm,5,5,34688,3059,3,0.173205,89,-0.0541439,0.161833,0,0,0,0,109,109,318,109,0,0,0,0,0,0,0,0
nuscenes,scene-0103_012,tz,cm,5,-5,34688,2965,3,0.201471,98,-0.0169276,0.161833,0,0,0,0,109,109,279,109,0,0,0,0,0,0,0,0
nuscenes,scene-0103_012,tz,cm,10,10,34688,3166,3,0.204674,87,-0.0383353,0.161833,0,0,0,0,109,109,307,109,0,0,0,0,0,0,0,0
nuscenes,scene-0103_012,tz,cm,10,-10,34688,2884,3,0.20218,99,-0.0247509,0.161833,0,0,0,0,109,109,272,109,0,0,0,0,0,0,0,0
nuscenes,scene-0103_012,tz,cm,20,20,34688,3389,3,0.177876,206,0.0111858,0.161833,0,0,0,0,109,109,315,109,0,0,0,0,0,0,0,0
nuscenes,scene-0103_012,tz,cm,20,-20,34688,2788,3,0.203686,97,-0.0295264,0.161833,0,0,0,0,109,109,239,109,0,0,0,0,0,0,0,0
nuscenes,scene-0103_013,baseline,,0,0,34688,3024,3,0.188259,84,-0.0335044,0.165937,162,162,361,162,16,16,30,16,0,0,0,0,0,0,0,0
nuscenes,scene-0103_013,roll,deg,0.25,0.25,34688,3046,3,0.184098,87,-0.0310475,0.165937,162,162,392,162,16,16,46,16,0,0,0,0,0,0,0,0
nuscenes,scene-0103_013,roll,deg,0.25,-0.25,34688,2998,3,0.230658,85,-0.00434418,0.165937,162,162,338,162,16,16,30,16,0,0,0,0,0,0,0,0
nuscenes,scene-0103_013,roll,deg,0.5,0.5,34688,3064,3,0.233856,85,-0.00136709,0.165937,162,162,386,162,16,16,38,16,0,0,0,0,0,0,0,0
nuscenes,scene-0103_013,roll,deg,0.5,-0.5,34688,2963,3,0.26502,84,0.0282776,0.165937,162,162,340,162,16,16,30,16,0,0,0,0,0,0,0,0
nuscenes,scene-0103_013,roll,deg,1,1,34688,3162,3,0.205744,83,-0.00816242,0.165937,162,162,369,162,16,16,35,16,0,0,0,0,0,0,0,0
nuscenes,scene-0103_013,roll,deg,1,-1,34688,2877,3,0.253921,83,0.0331477,0.165937,162,162,367,162,16,16,36,16,0,0,0,0,0,0,0,0
nuscenes,scene-0103_013,roll,deg,1.5,1.5,34688,3207,3,0.21389,82,0.014168,0.165937,162,159,432,159,16,14,51,14,0,0,0,0,0,0,0,0
nuscenes,scene-0103_013,roll,deg,1.5,-1.5,34688,2837,3,0.312968,82,0.0696604,0.165937,162,110,349,110,16,2,22,2,0,0,0,0,0,0,0,0
nuscenes,scene-0103_013,roll,deg,2,2,34688,3276,3,0.205978,81,-0.00159813,0.165937,162,156,424,156,16,14,50,14,0,0,0,0,0,0,0,0
nuscenes,scene-0103_013,roll,deg,2,-2,34688,2754,3,0.32178,84,0.0504679,0.165937,162,110,349,110,16,2,22,2,0,0,0,0,0,0,0,0
nuscenes,scene-0103_013,roll,deg,3,3,34688,3382,3,0.204201,86,0.0103415,0.165937,162,138,463,138,16,0,55,0,0,0,0,0,0,0,0,0
nuscenes,scene-0103_013,roll,deg,3,-3,34688,2643,3,0.313666,81,0.0444828,0.165937,162,54,353,54,16,0,33,0,0,0,0,0,0,0,0,0
nuscenes,scene-0103_013,pitch,deg,0.25,0.25,34688,3025,3,0.213223,85,-0.0132272,0.165937,162,162,358,162,16,16,30,16,0,0,0,0,0,0,0,0
nuscenes,scene-0103_013,pitch,deg,0.25,-0.25,34688,3023,3,0.187431,85,-0.0363524,0.165937,162,162,366,162,16,16,29,16,0,0,0,0,0,0,0,0
nuscenes,scene-0103_013,pitch,deg,0.5,0.5,34688,3027,3,0.214339,86,-0.00496921,0.165937,162,162,358,162,16,16,30,16,0,0,0,0,0,0,0,0
nuscenes,scene-0103_013,pitch,deg,0.5,-0.5,34688,3020,3,0.190184,85,-0.036927,0.165937,162,162,373,162,16,16,29,16,0,0,0,0,0,0,0,0
nuscenes,scene-0103_013,pitch,deg,1,1,34688,3025,3,0.224367,86,-0.000160426,0.165937,162,162,364,162,16,16,30,16,0,0,0,0,0,0,0,0
nuscenes,scene-0103_013,pitch,deg,1,-1,34688,3019,3,0.218406,84,-0.0170801,0.165937,162,162,369,162,16,16,29,16,0,0,0,0,0,0,0,0
nuscenes,scene-0103_013,pitch,deg,1.5,1.5,34688,3029,3,0.21334,87,-0.00727791,0.165937,162,162,360,162,16,16,49,16,0,0,0,0,0,0,0,0
nuscenes,scene-0103_013,pitch,deg,1.5,-1.5,34688,3019,3,0.261727,85,0.016963,0.165937,162,162,361,162,16,16,29,16,0,0,0,0,0,0,0,0
nuscenes,scene-0103_013,pitch,deg,2,2,34688,3024,3,0.219488,87,0.00116807,0.165937,162,162,351,162,16,16,48,16,0,0,0,0,0,0,0,0
nuscenes,scene-0103_013,pitch,deg,2,-2,34688,3013,3,0.262779,85,0.0312106,0.165937,162,161,362,161,16,16,29,16,0,0,0,0,0,0,0,0
nuscenes,scene-0103_013,pitch,deg,3,3,34688,3026,3,0.231819,88,0.00301249,0.165937,162,160,347,160,16,16,42,16,0,0,0,0,0,0,0,0
nuscenes,scene-0103_013,pitch,deg,3,-3,34688,2992,3,0.26916,87,0.0404015,0.165937,162,153,399,153,16,16,29,16,0,0,0,0,0,0,0,0
nuscenes,scene-0103_013,yaw,deg,0.25,0.25,34688,3020,3,0.195603,85,-0.0254906,0.165937,162,162,360,162,16,16,31,16,0,0,0,0,0,0,0,0
nuscenes,scene-0103_013,yaw,deg,0.25,-0.25,34688,3022,3,0.190519,86,-0.0343713,0.165937,162,162,366,162,16,16,30,16,0,0,0,0,0,0,0,0
nuscenes,scene-0103_013,yaw,deg,0.5,0.5,34688,3018,3,0.182986,86,-0.0285702,0.165937,162,162,356,162,16,16,31,16,0,0,0,0,0,0,0,0
nuscenes,scene-0103_013,yaw,deg,0.5,-0.5,34688,3025,3,0.184944,86,-0.0406204,0.165937,162,162,368,162,16,15,30,15,0,0,0,0,0,0,0,0
nuscenes,scene-0103_013,yaw,deg,1,1,34688,3014,3,0.208382,81,-0.00305572,0.165937,162,162,355,162,16,15,29,15,0,0,0,0,0,0,0,0
nuscenes,scene-0103_013,yaw,deg,1,-1,34688,3028,3,0.207069,87,-0.00427029,0.165937,162,162,374,162,16,15,29,15,0,0,0,0,0,0,0,0
nuscenes,scene-0103_013,yaw,deg,1.5,1.5,34688,3014,3,0.198752,79,-0.020124,0.165937,162,158,349,158,16,13,26,13,0,0,0,0,0,0,0,0
nuscenes,scene-0103_013,yaw,deg,1.5,-1.5,34688,3026,3,0.200296,85,-0.0199704,0.165937,162,160,376,160,16,14,27,14,0,0,0,0,0,0,0,0
nuscenes,scene-0103_013,yaw,deg,2,2,34688,3014,3,0.205073,81,-0.013438,0.165937,162,157,350,157,16,12,24,12,0,0,0,0,0,0,0,0
nuscenes,scene-0103_013,yaw,deg,2,-2,34688,3030,3,0.188395,85,-0.0420838,0.165937,162,155,375,155,16,11,23,11,0,0,0,0,0,0,0,0
nuscenes,scene-0103_013,yaw,deg,3,3,34688,3009,3,0.175499,77,-0.0310795,0.165937,162,149,349,149,16,8,21,8,0,0,0,0,0,0,0,0
nuscenes,scene-0103_013,yaw,deg,3,-3,34688,3050,3,0.194937,85,-0.0305693,0.165937,162,144,385,144,16,9,22,9,0,0,0,0,0,0,0,0
nuscenes,scene-0103_013,tx,cm,2,2,34688,3020,3,0.193279,87,-0.0261476,0.165937,162,162,362,162,16,16,30,16,0,0,0,0,0,0,0,0
nuscenes,scene-0103_013,tx,cm,2,-2,34688,3022,3,0.199555,85,-0.0282493,0.165937,162,162,360,162,16,16,29,16,0,0,0,0,0,0,0,0
nuscenes,scene-0103_013,tx,cm,5,5,34688,3020,3,0.189019,90,-0.028312,0.165937,162,162,364,162,16,16,30,16,0,0,0,0,0,0,0,0
nuscenes,scene-0103_013,tx,cm,5,-5,34688,3026,3,0.209873,84,-0.0191911,0.165937,162,162,360,162,16,16,29,16,0,0,0,0,0,0,0,0
nuscenes,scene-0103_013,tx,cm,10,10,34688,3018,3,0.180796,88,-0.0383687,0.165937,162,162,366,162,16,16,30,16,0,0,0,0,0,0,0,0
nuscenes,scene-0103_013,tx,cm,10,-10,34688,3029,3,0.209751,84,-0.0186901,0.165937,162,162,360,162,16,16,29,16,0,0,0,0,0,0,0,0
nuscenes,scene-0103_013,tx,cm,20,20,34688,3013,3,0.180202,87,-0.0427026,0.165937,162,162,366,162,16,15,29,15,0,0,0,0,0,0,0,0
nuscenes,scene-0103_013,tx,cm,20,-20,34688,3030,3,0.182418,97,-0.0366174,0.165937,162,162,360,162,16,16,31,16,0,0,0,0,0,0,0,0
nuscenes,scene-0103_013,ty,cm,2,2,34688,3034,3,0.195194,85,-0.033276,0.165937,162,162,366,162,16,16,30,16,0,0,0,0,0,0,0,0
nuscenes,scene-0103_013,ty,cm,2,-2,34688,3010,3,0.201838,84,-0.0203991,0.165937,162,162,360,162,16,16,30,16,0,0,0,0,0,0,0,0
nuscenes,scene-0103_013,ty,cm,5,5,34688,3044,3,0.194789,84,-0.0309977,0.165937,162,162,370,162,16,16,30,16,0,0,0,0,0,0,0,0
nuscenes,scene-0103_013,ty,cm,5,-5,34688,2996,3,0.201712,86,-0.0232705,0.165937,162,162,355,162,16,16,29,16,0,0,0,0,0,0,0,0
nuscenes,scene-0103_013,ty,cm,10,10,34688,3071,3,0.191467,87,-0.0335634,0.165937,162,162,373,162,16,16,30,16,0,0,0,0,0,0,0,0
nuscenes,scene-0103_013,ty,cm,10,-10,34688,2968,3,0.205608,87,-0.0162928,0.165937,162,162,349,162,16,16,29,16,0,0,0,0,0,0,0,0
nuscenes,scene-0103_013,ty,cm,20,20,34688,3204,3,0.173136,142,-0.0196862,0.165937,162,162,381,162,16,16,30,16,0,0,0,0,0,0,0,0
nuscenes,scene-0103_013,ty,cm,20,-20,34688,2904,3,0.212738,87,-0.0157594,0.165937,162,162,344,162,16,16,29,16,0,0,0,0,0,0,0,0
nuscenes,scene-0103_013,tz,cm,2,2,34688,3041,3,0.189664,85,-0.041474,0.165937,162,162,381,162,16,16,30,16,0,0,0,0,0,0,0,0
nuscenes,scene-0103_013,tz,cm,2,-2,34688,3003,3,0.186483,82,-0.0300309,0.165937,162,162,344,162,16,16,30,16,0,0,0,0,0,0,0,0
nuscenes,scene-0103_013,tz,cm,5,5,34688,3063,3,0.194178,86,-0.0347269,0.165937,162,162,403,162,16,16,30,16,0,0,0,0,0,0,0,0
nuscenes,scene-0103_013,tz,cm,5,-5,34688,2966,3,0.181417,87,-0.0247779,0.165937,162,162,338,162,16,16,30,16,0,0,0,0,0,0,0,0
nuscenes,scene-0103_013,tz,cm,10,10,34688,3168,3,0.232196,97,-0.000906929,0.165937,162,162,405,162,16,16,46,16,0,0,0,0,0,0,0,0
nuscenes,scene-0103_013,tz,cm,10,-10,34688,2883,3,0.20583,99,-0.00311369,0.165937,162,162,339,162,16,16,30,16,0,0,0,0,0,0,0,0
nuscenes,scene-0103_013,tz,cm,20,20,34688,3392,3,0.190532,210,0.0159348,0.165937,162,162,407,162,16,16,48,16,0,0,0,0,0,0,0,0
nuscenes,scene-0103_013,tz,cm,20,-20,34688,2788,3,0.218355,99,0.00365984,0.165937,162,162,341,162,16,16,30,16,0,0,0,0,0,0,0,0
nuscenes,scene-0103_014,baseline,,0,0,34720,3013,3,0.206794,109,-0.0156844,0.164192,236,236,536,236,15,15,53,15,0,0,0,0,0,0,0,0
nuscenes,scene-0103_014,roll,deg,0.25,0.25,34720,3033,3,0.222832,108,0.00681311,0.164192,236,236,558,236,15,15,53,15,0,0,0,0,0,0,0,0
nuscenes,scene-0103_014,roll,deg,0.25,-0.25,34720,2988,3,0.220664,110,0.00562097,0.164192,236,236,512,236,15,15,41,15,0,0,0,0,0,0,0,0
nuscenes,scene-0103_014,roll,deg,0.5,0.5,34720,3047,3,0.2049,111,0.00147164,0.164192,236,236,564,236,15,15,46,15,0,0,0,0,0,0,0,0
nuscenes,scene-0103_014,roll,deg,0.5,-0.5,34720,2957,3,0.233591,111,0.0117864,0.164192,236,236,515,236,15,15,34,15,0,0,0,0,0,0,0,0
nuscenes,scene-0103_014,roll,deg,1,1,34720,3152,3,0.196971,112,-0.00701809,0.164192,236,236,551,236,15,15,48,15,0,0,0,0,0,0,0,0
nuscenes,scene-0103_014,roll,deg,1,-1,34720,2870,3,0.240194,111,0.00229429,0.164192,236,236,529,236,15,15,42,15,0,0,0,0,0,0,0,0
nuscenes,scene-0103_014,roll,deg,1.5,1.5,34720,3200,3,0.195941,113,-0.00495641,0.164192,236,218,580,218,15,14,58,14,0,0,0,0,0,0,0,0
nuscenes,scene-0103_014,roll,deg,1.5,-1.5,34720,2827,3,0.231266,108,-0.00889869,0.164192,236,227,516,227,15,15,41,15,0,0,0,0,0,0,0,0
nuscenes,scene-0103_014,roll,deg,2,2,34720,3275,3,0.211791,113,0.00944641,0.164192,236,215,589,215,15,14,56,14,0,0,0,0,0,0,0,0
nuscenes,scene-0103_014,roll,deg,2,-2,34720,2740,3,0.280191,109,0.030374,0.164192,236,211,513,211,15,1,27,1,0,0,0,0,0,0,0,0
nuscenes,scene-0103_014,roll,deg,3,3,34720,3385,3,0.193628,115,0.0021719,0.164192,236,195,635,195,15,0,61,0,0,0,0,0,0,0,0,0
nuscenes,scene-0103_014,roll,deg,3,-3,34720,2632,3,0.267684,108,0.029198,0.164192,236,150,504,150,15,0,40,0,0,0,0,0,0,0,0,0
nuscenes,scene-0103_014,pitch,deg,0.25,0.25,34720,3016,3,0.20536,112,-0.011529,0.164192,236,236,532,236,15,15,53,15,0,0,0,0,0,0,0,0
nuscenes,scene-0103_014,pitch,deg,0.25,-0.25,34720,3010,3,0.221658,112,0.00316535,0.164192,236,236,539,236,15,15,53,15,0,0,0,0,0,0,0,0
nuscenes,scene-0103_014,pitch,deg,0.5,0.5,34720,3020,3,0.20286,109,-0.0117144,0.164192,236,236,521,236,15,15,53,15,0,0,0,0,0,0,0,0
nuscenes,scene-0103_014,pitch,deg,0.5,-0.5,34720,3008,3,0.247871,108,0.0248471,0.164192,236,236,548,236,15,15,51,15,0,0,0,0,0,0,0,0
nuscenes,scene-0103_014,pitch,deg,1,1,34720,3021,3,0.176944,111,-0.0378709,0.164192,236,236,518,236,15,15,53,15,0,0,0,0,0,0,0,0
nuscenes,scene-0103_014,pitch,deg,1,-1,34720,3010,3,0.234301,113,0.00911455,0.164192,236,236,538,236,15,15,50,15,0,0,0,0,0,0,0,0
nuscenes,scene-0103_014,pitch,deg,1.5,1.5,34720,3020,3,0.183488,111,-0.0420796,0.164192,236,236,531,236,15,15,53,15,0,0,0,0,0,0,0,0
nuscenes,scene-0103_014,pitch,deg,1.5,-1.5,34720,3008,3,0.249687,112,0.0320795,0.164192,236,236,534,236,15,15,42,15,0,0,0,0,0,0,0,0
nuscenes,scene-0103_014,pitch,deg,2,2,34720,3019,3,0.188209,111,-0.0346591,0.164192,236,236,544,236,15,15,52,15,0,0,0,0,0,0,0,0
nuscenes,scene-0103_014,pitch,deg,2,-2,34720,3001,3,0.252893,112,0.0460039,0.164192,236,236,545,236,15,15,34,15,0,0,0,0,0,0,0,0
nuscenes,scene-0103_014,pitch,deg,3,3,34720,3019,3,0.155807,112,-0.056864,0.164192,236,220,531,220,15,15,45,15,0,0,0,0,0,0,0,0
nuscenes,scene-0103_014,pitch,deg,3,-3,34720,2981,3,0.259908,111,0.0441564,0.164192,236,236,573,236,15,15,34,15,0,0,0,0,0,0,0,0
nuscenes,scene-0103_014,yaw,deg,0.25,0.25,34720,3012,3,0.22389,109,0.00393908,0.164192,236,236,534,236,15,15,52,15,0,0,0,0,0,0,0,0
nuscenes,scene-0103_014,yaw,deg,0.25,-0.25,34720,3016,3,0.206389,113,-0.0124841,0.164192,236,236,539,236,15,14,53,14,0,0,0,0,0,0,0,0
nuscenes,scene-0103_014,yaw,deg,0.5,0.5,34720,3012,3,0.22478,108,0.00585197,0.164192,236,236,537,236,15,15,53,15,0,0,0,0,0,0,0,0
nuscenes,scene-0103_014,yaw,deg,0.5,-0.5,34720,3020,3,0.22009,110,-0.00244956,0.164192,236,236,537,236,15,14,52,14,0,0,0,0,0,0,0,0
nuscenes,scene-0103_014,yaw,deg,1,1,34720,3006,3,0.215255,105,0.00666821,0.164192,236,234,532,234,15,14,52,14,0,0,0,0,0,0,0,0
nuscenes,scene-0103_014,yaw,deg,1,-1,34720,3020,3,0.231684,112,0.00297882,0.164192,236,236,538,236,15,13,49,13,0,0,0,0,0,0,0,0
nuscenes,scene-0103_014,yaw,deg,1.5,1.5,34720,3003,3,0.216386,103,0.00955839,0.164192,236,233,537,233,15,13,50,13,0,0,0,0,0,0,0,0
nuscenes,scene-0103_014,yaw,deg,1.5,-1.5,34720,3025,3,0.223826,111,0.0153657,0.164192,236,235,540,235,15,13,48,13,0,0,0,0,0,0,0,0
nuscenes,scene-0103_014,yaw,deg,2,2,34720,2995,3,0.199943,102,-0.00792938,0.164192,236,229,536,229,15,11,47,11,0,0,0,0,0,0,0,0
nuscenes,scene-0103_014,yaw,deg,2,-2,34720,3020,3,0.223463,115,0.0103468,0.164192,236,233,550,233,15,11,45,11,0,0,0,0,0,0,0,0
nuscenes,scene-0103_014,yaw,deg,3,3,34720,2998,3,0.177932,101,-0.00454961,0.164192,236,221,533,221,15,8,41,8,0,0,0,0,0,0,0,0
nuscenes,scene-0103_014,yaw,deg,3,-3,34720,3027,3,0.232178,119,0.0137984,0.164192,236,222,557,222,15,9,40,9,0,0,0,0,0,0,0,0
nuscenes,scene-0103_014,tx,cm,2,2,34720,3015,3,0.211204,110,-0.0134367,0.164192,236,236,535,236,15,15,53,15,0,0,0,0,0,0,0,0
nuscenes,scene-0103_014,tx,cm,2,-2,34720,3015,3,0.213385,111,-0.007331,0.164192,236,236,537,236,15,15,52,15,0,0,0,0,0,0,0,0
nuscenes,scene-0103_014,tx,cm,5,5,34720,3009,3,0.204441,112,-0.0178139,0.164192,236,236,538,236,15,15,54,15,0,0,0,0,0,0,0,0
nuscenes,scene-0103_014,tx,cm,5,-5,34720,3015,3,0.20642,111,-0.00500466,0.164192,236,236,536,236,15,15,53,15,0,0,0,0,0,0,0,0
nuscenes,scene-0103_014,tx,cm,10,10,34720,3010,3,0.215,118,-0.0025406,0.164192,236,236,538,236,15,15,54,15,0,0,0,0,0,0,0,0
nuscenes,scene-0103_014,tx,cm,10,-10,34720,3016,3,0.22492,111,-5.86063e-05,0.164192,236,236,535,236,15,15,53,15,0,0,0,0,0,0,0,0
nuscenes,scene-0103_014,tx,cm,20,20,34720,3006,3,0.208199,115,-0.00031206,0.164192,236,236,536,236,15,14,53,14,0,0,0,0,0,0,0,0
nuscenes,scene-0103_014,tx,cm,20,-20,34720,3017,3,0.216801,101,-0.0248029,0.164192,236,235,532,235,15,15,53,15,0,0,0,0,0,0,0,0
nuscenes,scene-0103_014,ty,cm,2,2,34720,3024,3,0.205142,113,-0.0144542,0.164192,236,236,539,236,15,15,53,15,0,0,0,0,0,0,0,0
nuscenes,scene-0103_014,ty,cm,2,-2,34720,3003,3,0.204737,111,-0.015442,0.164192,236,236,534,236,15,15,53,15,0,0,0,0,0,0,0,0
nuscenes,scene-0103_014,ty,cm,5,5,34720,3040,3,0.206229,110,-0.0146095,0.164192,236,236,542,236,15,15,53,15,0,0,0,0,0,0,0,0
nuscenes,scene-0103_014,ty,cm,5,-5,34720,2988,3,0.212603,109,-0.012629,0.164192,236,236,530,236,15,15,53,15,0,0,0,0,0,0,0,0
nuscenes,scene-0103_014,ty,cm,10,10,34720,3066,3,0.196336,109,-0.0207925,0.164192,236,236,546,236,15,15,53,15,0,0,0,0,0,0,0,0
nuscenes,scene-0103_014,ty,cm,10,-10,34720,2961,3,0.205382,111,-0.0149066,0.164192,236,236,527,236,15,15,52,15,0,0,0,0,0,0,0,0
nuscenes,scene-0103_014,ty,cm,20,20,34720,3203,3,0.19211,180,0.0026131,0.164192,236,236,563,236,15,15,54,15,0,0,0,0,0,0,0,0
nuscenes,scene-0103_014,ty,cm,20,-20,34720,2895,3,0.23169,111,0.0135857,0.164192,236,236,520,236,15,15,52,15,0,0,0,0,0,0,0,0
nuscenes,scene-0103_014,tz,cm,2,2,34720,3030,3,0.240782,111,0.000543922,0.164192,236,236,543,236,15,15,53,15,0,0,0,0,0,0,0,0
nuscenes,scene-0103_014,tz,cm,2,-2,34720,2993,3,0.203347,109,-0.0194203,0.164192,236,236,529,236,15,15,53,15,0,0,0,0,0,0,0,0
nuscenes,scene-0103_014,tz,cm,5,5,34720,3051,3,0.261548,118,0.0204238,0.164192,236,236,560,236,15,15,53,15,0,0,0,0,0,0,0,0
nuscenes,scene-0103_014,tz,cm,5,-5,34720,2956,3,0.207015,108,-0.0159327,0.164192,236,236,509,236,15,15,51,15,0,0,0,0,0,0,0,0
nuscenes,scene-0103_014,tz,cm,10,10,34720,3157,3,0.258287,130,0.0184262,0.164192,236,236,574,236,15,15,53,15,0,0,0,0,0,0,0,0
nuscenes,scene-0103_014,tz,cm,10,-10,34720,2870,3,0.187856,103,-0.0223863,0.164192,236,236,501,236,15,15,34,15,0,0,0,0,0,0,0,0
nuscenes,scene-0103_014,tz,cm,20,20,34720,3378,3,0.188837,235,0.0185154,0.164192,236,236,620,236,15,15,53,15,0,0,0,0,0,0,0,0
nuscenes,scene-0103_014,tz,cm,20,-20,34720,2777,3,0.194561,107,-0.018106,0.164192,236,236,484,236,15,15,34,15,0,0,0,0,0,0,0,0
nuscenes,scene-0103_015,baseline,,0,0,34688,2935,3,0.219725,123,-0.00913274,0.161298,314,314,626,314,21,21,46,21,0,0,0,0,0,0,0,0
nuscenes,scene-0103_015,roll,deg,0.25,0.25,34688,2957,3,0.206271,123,-0.00542343,0.161298,314,314,628,314,21,21,48,21,0,0,0,0,0,0,0,0
nuscenes,scene-0103_015,roll,deg,0.25,-0.25,34688,2909,3,0.248363,121,0.0112361,0.161298,314,314,611,314,21,21,46,21,0,0,0,0,0,0,0,0
nuscenes,scene-0103_015,roll,deg,0.5,0.5,34688,2972,3,0.202073,122,-0.00913371,0.161298,314,314,639,314,21,21,43,21,0,0,0,0,0,0,0,0
nuscenes,scene-0103_015,roll,deg,0.5,-0.5,34688,2879,3,0.269323,120,0.0208627,0.161298,314,312,598,312,21,21,46,21,0,0,0,0,0,0,0,0
nuscenes,scene-0103_015,roll,deg,1,1,34688,3074,3,0.206255,122,0.00531183,0.161298,314,314,660,314,21,21,47,21,0,0,0,0,0,0,0,0
nuscenes,scene-0103_015,roll,deg,1,-1,34688,2791,3,0.291725,126,0.0445968,0.161298,314,312,602,312,21,16,38,16,0,0,0,0,0,0,0,0
nuscenes,scene-0103_015,roll,deg,1.5,1.5,34688,3122,3,0.189541,124,-0.0185929,0.161298,314,298,647,298,21,20,46,20,0,0,0,0,0,0,0,0
nuscenes,scene-0103_015,roll,deg,1.5,-1.5,34688,2744,3,0.288451,123,0.0356011,0.161298,314,305,611,305,21,16,44,16,0,0,0,0,0,0,0,0
nuscenes,scene-0103_015,roll,deg,2,2,34688,3196,3,0.162536,124,-0.0457669,0.161298,314,276,670,276,21,20,62,20,0,0,0,0,0,0,0,0
nuscenes,scene-0103_015,roll,deg,2,-2,34688,2650,3,0.285684,123,0.0299177,0.161298,314,255,559,255,21,16,43,16,0,0,0,0,0,0,0,0
nuscenes,scene-0103_015,roll,deg,3,3,34688,3308,3,0.124075,125,-0.0413347,0.161298,314,257,694,257,21,5,67,5,0,0,0,0,0,0,0,0
nuscenes,scene-0103_015,roll,deg,3,-3,34688,2554,3,0.300777,125,0.0384044,0.161298,314,245,608,245,21,1,44,1,0,0,0,0,0,0,0,0
nuscenes,scene-0103_015,pitch,deg,0.25,0.25,34688,2938,3,0.224499,119,-0.00161576,0.161298,314,314,630,314,21,21,46,21,0,0,0,0,0,0,0,0
nuscenes,scene-0103_015,pitch,deg,0.25,-0.25,34688,2934,3,0.234026,120,0.00871253,0.161298,314,314,612,314,21,21,46,21,0,0,0,0,0,0,0,0
nuscenes,scene-0103_015,pitch,deg,0.5,0.5,34688,2940,3,0.22513,121,-0.000919804,0.161298,314,314,631,314,21,21,45,21,0,0,0,0,0,0,0,0
nuscenes,scene-0103_015,pitch,deg,0.5,-0.5,34688,2935,3,0.234915,120,0.0130655,0.161298,314,313,605,313,21,21,46,21,0,0,0,0,0,0,0,0
nuscenes,scene-0103_015,pitch,deg,1,1,34688,2944,3,0.243334,121,0.0063628,0.161298,314,314,619,314,21,21,48,21,0,0,0,0,0,0,0,0
nuscenes,scene-0103_015,pitch,deg,1,-1,34688,2932,3,0.233263,119,0.00985591,0.161298,314,312,599,312,21,21,46,21,0,0,0,0,0,0,0,0
nuscenes,scene-0103_015,pitch,deg,1.5,1.5,34688,2943,3,0.230146,123,-0.00724606,0.161298,314,314,599,314,21,21,44,21,0,0,0,0,0,0,0,0
nuscenes,scene-0103_015,pitch,deg,1.5,-1.5,34688,2928,3,0.25415,120,0.0344608,0.161298,314,312,610,312,21,21,46,21,0,0,0,0,0,0,0,0
nuscenes,scene-0103_015,pitch,deg,2,2,34688,2935,3,0.222432,121,-0.00971691,0.161298,314,314,586,314,21,21,39,21,0,0,0,0,0,0,0,0
nuscenes,scene-0103_015,pitch,deg,2,-2,34688,2925,3,0.27134,119,0.0516311,0.161298,314,312,658,312,21,21,45,21,0,0,0,0,0,0,0,0
nuscenes,scene-0103_015,pitch,deg,3,3,34688,2939,3,0.227463,125,-0.00686869,0.161298,314,308,642,308,21,21,41,21,0,0,0,0,0,0,0,0
nuscenes,scene-0103_015,pitch,deg,3,-3,34688,2906,3,0.288757,122,0.0741838,0.161298,314,305,658,305,21,21,45,21,0,0,0,0,0,0,0,0
nuscenes,scene-0103_015,yaw,deg,0.25,0.25,34688,2939,3,0.215182,121,-0.0112909,0.161298,314,314,619,316,21,21,45,21,0,0,0,0,0,0,0,0
nuscenes,scene-0103_015,yaw,deg,0.25,-0.25,34688,2933,3,0.235275,120,-0.00587894,0.161298,314,311,620,311,21,21,44,21,0,0,0,0,0,0,0,0
nuscenes,scene-0103_015,yaw,deg,0.5,0.5,34688,2941,3,0.235971,123,0.00831407,0.161298,314,314,617,318,21,21,45,21,0,0,0,0,0,0,0,0
nuscenes,scene-0103_015,yaw,deg,0.5,-0.5,34688,2937,3,0.240262,123,-0.00631037,0.161298,314,306,618,306,21,21,43,21,0,0,0,0,0,0,0,0
nuscenes,scene-0103_015,yaw,deg,1,1,34688,2943,3,0.224861,122,-0.00475645,0.161298,314,314,623,326,21,21,47,21,0,0,0,0,0,0,0,0
nuscenes,scene-0103_015,yaw,deg,1,-1,34688,2941,3,0.233058,120,0.000307679,0.161298,314,300,625,300,21,21,44,21,0,0,0,0,0,0,0,0
nuscenes,scene-0103_015,yaw,deg,1.5,1.5,34688,2948,3,0.220714,121,-0.0330359,0.161298,314,312,621,329,21,20,46,20,0,0,0,0,0,0,0,0
nuscenes,scene-0103_015,yaw,deg,1.5,-1.5,34688,2954,3,0.250379,123,0.0170799,0.161298,314,293,624,293,21,20,44,20,0,0,0,0,0,0,0,0
nuscenes,scene-0103_015,yaw,deg,2,2,34688,2943,3,0.243869,120,0.0147474,0.161298,314,304,619,326,21,18,45,18,0,0,0,0,0,0,0,0
nuscenes,scene-0103_015,yaw,deg,2,-2,34688,2966,3,0.227938,120,0.00464062,0.161298,314,287,633,287,21,19,44,19,0,0,0,0,0,0,0,0
nuscenes,scene-0103_015,yaw,deg,3,3,34688,2940,3,0.241138,115,0.039783,0.161298,314,293,620,319,21,15,40,15,0,0,0,0,0,0,0,0
nuscenes,scene-0103_015,yaw,deg,3,-3,34688,2967,3,0.23641,118,-0.0117943,0.161298,314,266,632,266,21,12,41,12,0,0,0,0,0,0,0,0
nuscenes,scene-0103_015,tx,cm,2,2,34688,2939,3,0.226458,125,-0.00402959,0.161298,314,312,625,312,21,21,45,21,0,0,0,0,0,0,0,0
nuscenes,scene-0103_015,tx,cm,2,-2,34688,2938,3,0.221132,123,-0.0087069,0.161298,314,314,621,314,21,21,46,21,0,0,0,0,0,0,0,0
nuscenes,scene-0103_015,tx,cm,5,5,34688,2936,3,0.227437,124,-0.00451377,0.161298,314,311,620,311,21,21,45,21,0,0,0,0,0,0,0,0
nuscenes,scene-0103_015,tx,cm,5,-5,34688,2940,3,0.223617,123,-0.00914387,0.161298,314,314,621,316,21,21,46,21,0,0,0,0,0,0,0,0
nuscenes,scene-0103_015,tx,cm,10,10,34688,2925,3,0.234289,125,0.00792871,0.161298,314,306,616,306,21,21,45,21,0,0,0,0,0,0,0,0
nuscenes,scene-0103_015,tx,cm,10,-10,34688,2946,3,0.218252,121,-0.0210217,0.161298,314,314,625,318,21,21,45,21,0,0,0,0,0,0,0,0
nuscenes,scene-0103_015,tx,cm,20,20,34688,2919,3,0.225854,130,-0.00689936,0.161298,314,299,613,299,21,21,45,21,0,0,0,0,0,0,0,0
nuscenes,scene-0103_015,tx,cm,20,-20,34688,2953,3,0.224166,124,-0.0153645,0.161298,314,314,628,326,21,21,45,21,0,0,0,0,0,0,0,0
nuscenes,scene-0103_015,ty,cm,2,2,34688,2944,3,0.227996,123,-0.00176467,0.161298,314,314,625,314,21,21,46,21,0,0,0,0,0,0,0,0
nuscenes,scene-0103_015,ty,cm,2,-2,34688,2929,3,0.223264,121,-0.00455825,0.161298,314,312,620,312,21,21,46,21,0,0,0,0,0,0,0,0
nuscenes,scene-0103_015,ty,cm,5,5,34688,2960,3,0.225515,121,-0.00337763,0.161298,314,314,623,314,21,21,46,21,0,0,0,0,0,0,0,0
nuscenes,scene-0103_015,ty,cm,5,-5,34688,2912,3,0.228671,122,-0.00129293,0.161298,314,311,616,311,21,21,46,21,0,0,0,0,0,0,0,0
nuscenes,scene-0103_015,ty,cm,10,10,34688,2993,3,0.236205,123,0.00524615,0.161298,314,314,631,318,21,21,46,21,0,0,0,0,0,0,0,0
nuscenes,scene-0103_015,ty,cm,10,-10,34688,2882,3,0.224051,122,-0.00701116,0.161298,314,311,614,311,21,21,46,21,0,0,0,0,0,0,0,0
nuscenes,scene-0103_015,ty,cm,20,20,34688,3121,3,0.20713,177,0.00350343,0.161298,314,314,642,321,21,21,45,21,0,0,0,0,0,0,0,0
nuscenes,scene-0103_015,ty,cm,20,-20,34688,2815,3,0.222675,125,-0.0080058,0.161298,314,306,604,306,21,21,46,21,0,0,0,0,0,0,0,0
nuscenes,scene-0103_015,tz,cm,2,2,34688,2953,3,0.206632,125,-0.0104259,0.161298,314,314,628,314,21,21,46,21,0,0,0,0,0,0,0,0
nuscenes,scene-0103_015,tz,cm,2,-2,34688,2915,3,0.23179,126,-0.00185145,0.161298,314,314,616,314,21,21,46,21,0,0,0,0,0,0,0,0
nuscenes,scene-0103_015,tz,cm,5,5,34688,2973,3,0.212047,131,-0.00954755,0.161298,314,314,629,314,21,21,52,21,0,0,0,0,0,0,0,0
nuscenes,scene-0103_015,tz,cm,5,-5,34688,2877,3,0.220321,123,-0.0115343,0.161298,314,314,601,314,21,21,46,21,0,0,0,0,0,0,0,0
nuscenes,scene-0103_015,tz,cm,10,10,34688,3077,3,0.207521,146,-0.00584847,0.161298,314,314,655,314,21,21,51,21,0,0,0,0,0,0,0,0
nuscenes,scene-0103_015,tz,cm,10,-10,34688,2795,3,0.172626,106,-0.0324861,0.161298,314,314,569,314,21,21,46,21,0,0,0,0,0,0,0,0
nuscenes,scene-0103_015,tz,cm,20,20,34688,3298,3,0.176816,245,0.00768313,0.161298,314,314,714,314,21,21,60,21,0,0,0,0,0,0,0,0
nuscenes,scene-0103_015,tz,cm,20,-20,34688,2700,3,0.239555,110,0.00891905,0.161298,314,312,543,312,21,21,46,21,0,0,0,0,0,0,0,0
nuscenes,scene-0103_016,baseline,,0,0,34720,2951,2,0.21215,168,0.015698,0.151867,300,298,624,298,0,0,0,0,0,0,0,0,0,0,0,0
nuscenes,scene-0103_016,roll,deg,0.25,0.25,34720,2973,2,0.223519,166,0.0218812,0.151867,300,299,664,299,0,0,0,0,0,0,0,0,0,0,0,0
nuscenes,scene-0103_016,roll,deg,0.25,-0.25,34720,2924,2,0.2348,168,0.0222482,0.151867,300,298,610,298,0,0,0,0,0,0,0,0,0,0,0,0
nuscenes,scene-0103_016,roll,deg,0.5,0.5,34720,2988,2,0.201218,165,0.00352018,0.151867,300,300,683,300,0,0,0,0,0,0,0,0,0,0,0,0
nuscenes,scene-0103_016,roll,deg,0.5,-0.5,34720,2890,2,0.258288,166,0.0418478,0.151867,300,298,614,298,0,0,0,0,0,0,0,0,0,0,0,0
nuscenes,scene-0103_016,roll,deg,1,1,34720,3094,2,0.184642,168,-0.00856087,0.151867,300,294,649,294,0,0,0,0,0,0,0,0,0,0,0,0
nuscenes,scene-0103_016,roll,deg,1,-1,34720,2803,2,0.291855,167,0.0599541,0.151867,300,297,603,297,0,0,0,0,0,0,0,0,0,0,0,0
nuscenes,scene-0103_016,roll,deg,1.5,1.5,34720,3141,2,0.148791,164,-0.031249,0.151867,300,265,671,265,0,0,0,0,0,0,0,0,0,0,0,0
nuscenes,scene-0103_016,roll,deg,1.5,-1.5,34720,2756,2,0.279352,163,0.0507206,0.151867,300,296,574,296,0,0,0,0,0,0,0,0,0,0,0,0
nuscenes,scene-0103_016,roll,deg,2,2,34720,3216,2,0.127436,168,-0.041732,0.151867,300,265,701,266,0,0,0,0,0,0,0,0,0,0,0,0
nuscenes,scene-0103_016,roll,deg,2,-2,34720,2658,2,0.320627,158,0.0576394,0.151867,300,296,606,296,0,0,0,0,0,0,0,0,0,0,0,0
nuscenes,scene-0103_016,roll,deg,3,3,34720,3324,2,0.14118,164,-0.0087065,0.151867,300,234,726,235,0,0,0,0,0,0,0,0,0,0,0,0
nuscenes,scene-0103_016,roll,deg,3,-3,34720,2560,2,0.265992,152,0.0235757,0.151867,300,241,572,241,0,0,0,0,0,0,0,0,0,0,0,0
nuscenes,scene-0103_016,pitch,deg,0.25,0.25,34720,2952,2,0.211632,164,0.0136154,0.151867,300,299,624,299,0,0,0,0,0,0,0,0,0,0,0,0
nuscenes,scene-0103_016,pitch,deg,0.25,-0.25,34720,2947,2,0.224141,167,0.0194073,0.151867,300,298,627,298,0,0,0,0,0,0,0,0,0,0,0,0
nuscenes,scene-0103_016,pitch,deg,0.5,0.5,34720,2954,2,0.214762,165,0.0169657,0.151867,300,300,630,300,0,0,0,0,0,0,0,0,0,0,0,0
nuscenes,scene-0103_016,pitch,deg,0.5,-0.5,34720,2944,2,0.240118,165,0.0244221,0.151867,300,298,633,298,0,0,0,0,0,0,0,0,0,0,0,0
nuscenes,scene-0103_016,pitch,deg,1,1,34720,2959,2,0.205044,167,0.00699739,0.151867,300,300,640,300,0,0,0,0,0,0,0,0,0,0,0,0
nuscenes,scene-0103_016,pitch,deg,1,-1,34720,2943,2,0.258247,166,0.0436134,0.151867,300,297,642,297,0,0,0,0,0,0,0,0,0,0,0,0
nuscenes,scene-0103_016,pitch,deg,1.5,1.5,34720,2957,2,0.200931,163,-0.000805318,0.151867,300,300,663,300,0,0,0,0,0,0,0,0,0,0,0,0
nuscenes,scene-0103_016,pitch,deg,1.5,-1.5,34720,2941,2,0.263442,167,0.0474432,0.151867,300,297,636,297,0,0,0,0,0,0,0,0,0,0,0,0
nuscenes,scene-0103_016,pitch,deg,2,2,34720,2956,2,0.211606,162,0.00438677,0.151867,300,300,664,300,0,0,0,0,0,0,0,0,0,0,0,0
nuscenes,scene-0103_016,pitch,deg,2,-2,34720,2933,2,0.28702,165,0.071136,0.151867,300,296,638,296,0,0,0,0,0,0,0,0,0,0,0,0
nuscenes,scene-0103_016,pitch,deg,3,3,34720,2958,2,0.193138,165,-0.00434911,0.151867,300,292,629,293,0,0,0,0,0,0,0,0,0,0,0,0
nuscenes,scene-0103_016,pitch,deg,3,-3,34720,2916,2,0.282215,169,0.0734177,0.151867,300,282,638,282,0,0,0,0,0,0,0,0,0,0,0,0
nuscenes,scene-0103_016,yaw,deg,0.25,0.25,34720,2945,2,0.216651,163,0.00916001,0.151867,300,300,623,302,0,0,0,0,0,0,0,0,0,0,0,0
nuscenes,scene-0103_016,yaw,deg,0.25,-0.25,34720,2957,2,0.213324,166,0.0184031,0.151867,300,295,628,295,0,0,0,0,0,0,0,0,0,0,0,0
nuscenes,scene-0103_016,yaw,deg,0.5,0.5,34720,2942,2,0.21578,164,0.00669245,0.151867,300,298,618,304,0,0,0,0,0,0,0,0,0,0,0,0
nuscenes,scene-0103_016,yaw,deg,0.5,-0.5,34720,2962,2,0.21285,166,0.0136623,0.151867,300,291,631,291,0,0,0,0,0,0,0,0,0,0,0,0
nuscenes,scene-0103_016,yaw,deg,1,1,34720,2940,2,0.198966,163,-0.0112522,0.151867,300,296,613,311,0,0,0,0,0,0,0,0,0,0,0,0
nuscenes,scene-0103_016,yaw,deg,1,-1,34720,2965,2,0.21345,170,0.0145365,0.151867,300,284,639,284,0,0,0,0,0,0,0,0,0,0,0,0
nuscenes,scene-0103_016,yaw,deg,1.5,1.5,34720,2933,2,0.172039,164,-0.027906,0.151867,300,291,614,314,0,0,0,0,0,0,0,0,0,0,0,0
nuscenes,scene-0103_016,yaw,deg,1.5,-1.5,34720,2966,2,0.237366,169,0.028158,0.151867,300,278,646,278,0,0,0,0,0,0,0,0,0,0,0,0
nuscenes,scene-0103_016,yaw,deg,2,2,34720,2938,2,0.165163,162,-0.0263198,0.151867,300,286,619,318,0,0,0,0,0,0,0,0,0,0,0,0
nuscenes,scene-0103_016,yaw,deg,2,-2,34720,2967,2,0.249773,166,0.0373519,0.151867,300,270,650,270,0,0,0,0,0,0,0,0,0,0,0,0
nuscenes,scene-0103_016,yaw,deg,3,3,34720,2935,2,0.169368,162,-0.00855006,0.151867,300,271,615,319,0,0,0,0,0,0,0,0,0,0,0,0
nuscenes,scene-0103_016,yaw,deg,3,-3,34720,2975,2,0.278313,155,0.0379412,0.151867,300,258,662,258,0,0,0,0,0,0,0,0,0,0,0,0
nuscenes,scene-0103_016,tx,cm,2,2,34720,2951,2,0.211057,169,0.0150072,0.151867,300,296,627,296,0,0,0,0,0,0,0,0,0,0,0,0
nuscenes,scene-0103_016,tx,cm,2,-2,34720,2953,2,0.212237,165,0.0159682,0.151867,300,300,626,301,0,0,0,0,0,0,0,0,0,0,0,0
nuscenes,scene-0103_016,tx,cm,5,5,34720,2952,2,0.208488,168,0.0121008,0.151867,300,295,631,295,0,0,0,0,0,0,0,0,0,0,0,0
nuscenes,scene-0103_016,tx,cm,5,-5,34720,2951,2,0.224126,163,0.0205831,0.151867,300,300,623,302,0,0,0,0,0,0,0,0,0,0,0,0
nuscenes,scene-0103_016,tx,cm,10,10,34720,2951,2,0.206056,167,0.011373,0.151867,300,291,627,291,0,0,0,0,0,0,0,0,0,0,0,0
nuscenes,scene-0103_016,tx,cm,10,-10,34720,2953,2,0.223521,159,0.0125322,0.151867,300,299,624,306,0,0,0,0,0,0,0,0,0,0,0,0
nuscenes,scene-0103_016,tx,cm,20,20,34720,2949,2,0.180704,170,-0.0117307,0.151867,300,283,630,283,0,0,0,0,0,0,0,0,0,0,0,0
nuscenes,scene-0103_016,tx,cm,20,-20,34720,2956,2,0.200694,166,-0.00459862,0.151867,300,296,622,313,0,0,0,0,0,0,0,0,0,0,0,0
nuscenes,scene-0103_016,ty,cm,2,2,34720,2961,2,0.221783,160,0.0203148,0.151867,300,300,628,300,0,0,0,0,0,0,0,0,0,0,0,0
nuscenes,scene-0103_016,ty,cm,2,-2,34720,2941,2,0.215666,161,0.0159543,0.151867,300,297,620,297,0,0,0,0,0,0,0,0,0,0,0,0
nuscenes,scene-0103_016,ty,cm,5,5,34720,2977,2,0.226215,168,0.0279481,0.151867,300,300,637,301,0,0,0,0,0,0,0,0,0,0,0,0
nuscenes,scene-0103_016,ty,cm,5,-5,34720,2925,2,0.211985,165,0.0144406,0.151867,300,296,617,296,0,0,0,0,0,0,0,0,0,0,0,0
nuscenes,scene-0103_016,ty,cm,10,10,34720,2998,2,0.23065,163,0.0253216,0.151867,300,300,651,304,0,0,0,0,0,0,0,0,0,0,0,0
nuscenes,scene-0103_016,ty,cm,10,-10,34720,2902,2,0.208489,168,0.0118427,0.151867,300,294,609,294,0,0,0,0,0,0,0,0,0,0,0,0
nuscenes,scene-0103_016,ty,cm,20,20,34720,3129,2,0.193128,244,-0.00223915,0.151867,300,300,675,310,0,0,0,0,0,0,0,0,0,0,0,0
nuscenes,scene-0103_016,ty,cm,20,-20,34720,2840,2,0.210381,163,0.0102101,0.151867,300,287,597,287,0,0,0,0,0,0,0,0,0,0,0,0
nuscenes,scene-0103_016,tz,cm,2,2,34720,2969,2,0.216584,171,0.019207,0.151867,300,298,646,298,0,0,0,0,0,0,0,0,0,0,0,0
nuscenes,scene-0103_016,tz,cm,2,-2,34720,2930,2,0.216146,165,0.0172634,0.151867,300,298,613,298,0,0,0,0,0,0,0,0,0,0,0,0
nuscenes,scene-0103_016,tz,cm,5,5,34720,2986,2,0.221798,167,0.0235627,0.151867,300,299,670,299,0,0,0,0,0,0,0,0,0,0,0,0
nuscenes,scene-0103_016,tz,cm,5,-5,34720,2894,2,0.230343,156,0.0266489,0.151867,300,298,609,298,0,0,0,0,0,0,0,0,0,0,0,0
nuscenes,scene-0103_016,tz,cm,10,10,34720,3093,2,0.228274,170,0.0225884,0.151867,300,299,693,299,0,0,0,0,0,0,0,0,0,0,0,0
nuscenes,scene-0103_016,tz,cm,10,-10,34720,2810,2,0.205749,133,0.0235247,0.151867,300,298,607,298,0,0,0,0,0,0,0,0,0,0,0,0
nuscenes,scene-0103_016,tz,cm,20,20,34720,3313,2,0.17788,274,0.0133201,0.151867,300,285,721,285,0,0,0,0,0,0,0,0,0,0,0,0
nuscenes,scene-0103_016,tz,cm,20,-20,34720,2720,2,0.206487,135,0.016498,0.151867,300,297,557,297,0,0,0,0,0,0,0,0,0,0,0,0
nuscenes,scene-0103_017,baseline,,0,0,34720,2940,2,0.30385,173,0.0467852,0.143816,107,107,260,107,27,27,72,27,0,0,0,0,0,0,0,0
nuscenes,scene-0103_017,roll,deg,0.25,0.25,34720,2964,2,0.291444,173,0.0461447,0.143816,107,107,293,107,27,27,57,27,0,0,0,0,0,0,0,0
nuscenes,scene-0103_017,roll,deg,0.25,-0.25,34720,2914,2,0.278569,174,0.0535057,0.143816,107,107,260,107,27,27,77,27,0,0,0,0,0,0,0,0
nuscenes,scene-0103_017,roll,deg,0.5,0.5,34720,2978,2,0.272093,170,0.0534587,0.143816,107,107,314,107,27,27,58,27,0,0,0,0,0,0,0,0
nuscenes,scene-0103_017,roll,deg,0.5,-0.5,34720,2881,2,0.265123,177,0.0551843,0.143816,107,107,261,107,27,27,77,27,0,0,0,0,0,0,0,0
nuscenes,scene-0103_017,roll,deg,1,1,34720,3081,2,0.217592,170,0.0121487,0.143816,107,83,271,83,27,27,70,27,0,0,0,0,0,0,0,0
nuscenes,scene-0103_017,roll,deg,1,-1,34720,2796,2,0.243696,178,0.0261779,0.143816,107,107,248,107,27,14,62,14,0,0,0,0,0,0,0,0
nuscenes,scene-0103_017,roll,deg,1.5,1.5,34720,3131,2,0.25663,167,0.0227115,0.143816,107,83,310,83,27,26,66,26,0,0,0,0,0,0,0,0
nuscenes,scene-0103_017,roll,deg,1.5,-1.5,34720,2749,2,0.301296,178,0.0277321,0.143816,107,107,226,107,27,14,76,14,0,0,0,0,0,0,0,0
nuscenes,scene-0103_017,roll,deg,2,2,34720,3209,2,0.184207,168,-0.00182179,0.143816,107,83,333,83,27,26,83,26,0,0,0,0,0,0,0,0
nuscenes,scene-0103_017,roll,deg,2,-2,34720,2652,2,0.254631,174,0.00963475,0.143816,107,107,232,107,27,14,76,14,0,0,0,0,0,0,0,0
nuscenes,scene-0103_017,roll,deg,3,3,34720,3309,2,0.154848,172,-0.0463593,0.143816,107,64,360,64,27,13,85,13,0,0,0,0,0,0,0,0
nuscenes,scene-0103_017,roll,deg,3,-3,34720,2549,2,0.290877,174,0.0237164,0.143816,107,73,216,73,27,1,71,1,0,0,0,0,0,0,0,0
nuscenes,scene-0103_017,pitch,deg,0.25,0.25,34720,2943,2,0.308802,172,0.0637105,0.143816,107,107,260,107,27,27,64,27,0,0,0,0,0,0,0,0
nuscenes,scene-0103_017,pitch,deg,0.25,-0.25,34720,2938,2,0.299345,173,0.0420386,0.143816,107,107,260,107,27,27,77,27,0,0,0,0,0,0,0,0
nuscenes,scene-0103_017,pitch,deg,0.5,0.5,34720,2948,2,0.309189,171,0.0744903,0.143816,107,107,259,107,27,27,58,27,0,0,0,0,0,0,0,0
nuscenes,scene-0103_017,pitch,deg,0.5,-0.5,34720,2938,2,0.286104,175,0.0398516,0.143816,107,107,261,107,27,27,77,27,0,0,0,0,0,0,0,0
nuscenes,scene-0103_017,pitch,deg,1,1,34720,2953,2,0.264047,173,0.0492987,0.143816,107,107,259,107,27,27,59,27,0,0,0,0,0,0,0,0
nuscenes,scene-0103_017,pitch,deg,1,-1,34720,2938,2,0.258557,173,0.0262496,0.143816,107,107,262,107,27,27,77,27,0,0,0,0,0,0,0,0
nuscenes,scene-0103_017,pitch,deg,1.5,1.5,34720,2946,2,0.237715,175,0.0271019,0.143816,107,107,266,107,27,27,72,27,0,0,0,0,0,0,0,0
nuscenes,scene-0103_017,pitch,deg,1.5,-1.5,34720,2935,2,0.257963,171,0.0482893,0.143816,107,107,260,107,27,27,75,27,0,0,0,0,0,0,0,0
nuscenes,scene-0103_017,pitch,deg,2,2,34720,2944,2,0.232445,172,0.0213912,0.143816,107,107,294,107,27,27,71,27,0,0,0,0,0,0,0,0
nuscenes,scene-0103_017,pitch,deg,2,-2,34720,2932,2,0.255948,174,0.0351763,0.143816,107,107,256,107,27,17,64,17,0,0,0,0,0,0,0,0
nuscenes,scene-0103_017,pitch,deg,3,3,34720,2946,2,0.25201,175,0.0111197,0.143816,107,107,296,107,27,27,68,27,0,0,0,0,0,0,0,0
nuscenes,scene-0103_017,pitch,deg,3,-3,34720,2915,2,0.265633,171,0.0259014,0.143816,107,107,271,107,27,14,61,14,0,0,0,0,0,0,0,0
nuscenes,scene-0103_017,yaw,deg,0.25,0.25,34720,2942,2,0.31338,173,0.0472455,0.143816,107,107,258,107,27,27,70,27,0,0,0,0,0,0,0,0
nuscenes,scene-0103_017,yaw,deg,0.25,-0.25,34720,2945,2,0.297653,171,0.0417853,0.143816,107,107,263,107,27,27,74,27,0,0,0,0,0,0,0,0
nuscenes,scene-0103_017,yaw,deg,0.5,0.5,34720,2946,2,0.320464,174,0.0506797,0.143816,107,107,256,107,27,27,70,27,0,0,0,0,0,0,0,0
nuscenes,scene-0103_017,yaw,deg,0.5,-0.5,34720,2951,2,0.287654,172,0.0291331,0.143816,107,107,264,107,27,27,74,27,0,0,0,0,0,0,0,0
nuscenes,scene-0103_017,yaw,deg,1,1,34720,2928,2,0.318651,171,0.0552363,0.143816,107,107,255,107,27,26,67,26,0,0,0,0,0,0,0,0
nuscenes,scene-0103_017,yaw,deg,1,-1,34720,2949,2,0.288549,174,0.0313585,0.143816,107,107,268,107,27,27,76,27,0,0,0,0,0,0,0,0
nuscenes,scene-0103_017,yaw,deg,1.5,1.5,34720,2915,2,0.310872,169,0.0547551,0.143816,107,106,255,106,27,25,68,25,0,0,0,0,0,0,0,0
nuscenes,scene-0103_017,yaw,deg,1.5,-1.5,34720,2950,2,0.303663,170,0.0318851,0.143816,107,107,270,107,27,27,78,27,0,0,0,0,0,0,0,0
nuscenes,scene-0103_017,yaw,deg,2,2,34720,2904,2,0.287891,174,0.0391161,0.143816,107,104,253,104,27,21,64,21,0,0,0,0,0,0,0,0
nuscenes,scene-0103_017,yaw,deg,2,-2,34720,2942,2,0.330186,161,0.0539455,0.143816,107,107,273,107,27,27,79,27,0,0,0,0,0,0,0,0
nuscenes,scene-0103_017,yaw,deg,3,3,34720,2902,2,0.286102,175,0.0211192,0.143816,107,101,253,101,27,15,60,15,0,0,0,0,0,0,0,0
nuscenes,scene-0103_017,yaw,deg,3,-3,34720,2950,2,0.320836,154,0.0588171,0.143816,107,107,279,107,27,26,79,26,0,0,0,0,0,0,0,0
nuscenes,scene-0103_017,tx,cm,2,2,34720,2941,2,0.301859,173,0.044731,0.143816,107,107,262,107,27,27,71,27,0,0,0,0,0,0,0,0
nuscenes,scene-0103_017,tx,cm,2,-2,34720,2941,2,0.309856,168,0.0504814,0.143816,107,107,259,107,27,27,73,27,0,0,0,0,0,0,0,0
nuscenes,scene-0103_017,tx,cm,5,5,34720,2942,2,0.295411,175,0.0409577,0.143816,107,107,261,107,27,27,71,27,0,0,0,0,0,0,0,0
nuscenes,scene-0103_017,tx,cm,5,-5,34720,2942,2,0.308677,165,0.0497871,0.143816,107,107,258,107,27,27,73,27,0,0,0,0,0,0,0,0
nuscenes,scene-0103_017,tx,cm,10,10,34720,2940,2,0.294217,174,0.0376968,0.143816,107,107,263,107,27,27,71,27,0,0,0,0,0,0,0,0
nuscenes,scene-0103_017,tx,cm,10,-10,34720,2943,2,0.311807,167,0.0549771,0.143816,107,107,256,107,27,27,73,27,0,0,0,0,0,0,0,0
nuscenes,scene-0103_017,tx,cm,20,20,34720,2934,2,0.268001,178,0.0198328,0.143816,107,107,262,107,27,27,72,27,0,0,0,0,0,0,0,0
nuscenes,scene-0103_017,tx,cm,20,-20,34720,2947,2,0.304002,164,0.0474441,0.143816,107,107,255,107,27,27,75,27,0,0,0,0,0,0,0,0
nuscenes,scene-0103_017,ty,cm,2,2,34720,2950,2,0.304048,171,0.0482786,0.143816,107,107,261,107,27,27,71,27,0,0,0,0,0,0,0,0
nuscenes,scene-0103_017,ty,cm,2,-2,34720,2932,2,0.313515,171,0.0550049,0.143816,107,107,260,107,27,27,72,27,0,0,0,0,0,0,0,0
nuscenes,scene-0103_017,ty,cm,5,5,34720,2968,2,0.305953,170,0.0487515,0.143816,107,107,262,107,27,27,73,27,0,0,0,0,0,0,0,0
nuscenes,scene-0103_017,ty,cm,5,-5,34720,2914,2,0.31276,174,0.0500666,0.143816,107,107,259,107,27,27,72,27,0,0,0,0,0,0,0,0
nuscenes,scene-0103_017,ty,cm,10,10,34720,2995,2,0.309874,173,0.0516873,0.143816,107,107,263,107,27,27,73,27,0,0,0,0,0,0,0,0
nuscenes,scene-0103_017,ty,cm,10,-10,34720,2889,2,0.311188,175,0.0527887,0.143816,107,107,259,107,27,27,71,27,0,0,0,0,0,0,0,0
nuscenes,scene-0103_017,ty,cm,20,20,34720,3129,2,0.244145,242,0.0286718,0.143816,107,107,267,107,27,27,75,27,0,0,0,0,0,0,0,0
nuscenes,scene-0103_017,ty,cm,20,-20,34720,2826,2,0.297185,171,0.046896,0.143816,107,107,254,107,27,27,69,27,0,0,0,0,0,0,0,0
nuscenes,scene-0103_017,tz,cm,2,2,34720,2957,2,0.307755,171,0.0464505,0.143816,107,107,265,107,27,27,70,27,0,0,0,0,0,0,0,0
nuscenes,scene-0103_017,tz,cm,2,-2,34720,2921,2,0.308969,176,0.0551493,0.143816,107,107,260,107,27,27,75,27,0,0,0,0,0,0,0,0
nuscenes,scene-0103_017,tz,cm,5,5,34720,2976,2,0.308149,175,0.0490434,0.143816,107,107,294,107,27,27,63,27,0,0,0,0,0,0,0,0
nuscenes,scene-0103_017,tz,cm,5,-5,34720,2885,2,0.299198,178,0.0491298,0.143816,107,107,260,107,27,27,76,27,0,0,0,0,0,0,0,0
nuscenes,scene-0103_017,tz,cm,10,10,34720,3082,2,0.312571,171,0.0632683,0.143816,107,107,315,107,27,27,55,27,0,0,0,0,0,0,0,0
nuscenes,scene-0103_017,tz,cm,10,-10,34720,2798,2,0.261227,157,0.0421197,0.143816,107,107,260,107,27,27,77,27,0,0,0,0,0,0,0,0
nuscenes,scene-0103_017,tz,cm,20,20,34720,3303,2,0.179702,273,0.024909,0.143816,107,100,318,100,27,27,66,27,0,0,0,0,0,0,0,0
nuscenes,scene-0103_017,tz,cm,20,-20,34720,2711,2,0.216929,128,0.0385007,0.143816,107,107,241,107,27,27,77,27,0,0,0,0,0,0,0,0
nuscenes,scene-0103_018,baseline,,0,0,34784,2938,3,0.248549,171,0.0169875,0.150637,88,88,220,88,62,62,164,62,0,0,0,0,0,0,0,0
nuscenes,scene-0103_018,roll,deg,0.25,0.25,34784,2957,3,0.2689,172,0.0367799,0.150637,88,88,220,88,62,62,175,62,0,0,0,0,0,0,0,0
nuscenes,scene-0103_018,roll,deg,0.25,-0.25,34784,2912,3,0.240597,171,0.00632407,0.150637,88,88,220,88,62,62,181,62,0,0,0,0,0,0,0,0
nuscenes,scene-0103_018,roll,deg,0.5,0.5,34784,2972,3,0.278204,172,0.0385292,0.150637,88,88,249,88,62,62,184,62,0,0,0,0,0,0,0,0
nuscenes,scene-0103_018,roll,deg,0.5,-0.5,34784,2878,3,0.24617,171,0.00587071,0.150637,88,88,212,88,62,62,167,62,0,0,0,0,0,0,0,0
nuscenes,scene-0103_018,roll,deg,1,1,34784,3075,3,0.249368,170,0.030147,0.150637,88,71,248,71,62,62,198,62,0,0,0,0,0,0,0,0
nuscenes,scene-0103_018,roll,deg,1,-1,34784,2787,3,0.215746,171,-0.0111841,0.150637,88,88,176,88,62,62,176,62,0,0,0,0,0,0,0,0
nuscenes,scene-0103_018,roll,deg,1.5,1.5,34784,3122,3,0.227806,171,0.0159461,0.150637,88,68,245,68,62,59,204,59,0,0,0,0,0,0,0,0
nuscenes,scene-0103_018,roll,deg,1.5,-1.5,34784,2740,3,0.246065,170,-0.0059377,0.150637,88,88,174,88,62,51,162,51,0,0,0,0,0,0,0,0
nuscenes,scene-0103_018,roll,deg,2,2,34784,3201,3,0.236077,170,0.0419396,0.150637,88,68,302,68,62,59,230,59,0,0,0,0,0,0,0,0
nuscenes,scene-0103_018,roll,deg,2,-2,34784,2646,3,0.240956,171,-0.0171833,0.150637,88,83,145,83,62,37,162,37,0,0,0,0,0,0,0,0
nuscenes,scene-0103_018,roll,deg,3,3,34784,3308,3,0.229539,173,0.0406118,0.150637,88,55,323,55,62,25,227,25,0,0,0,0,0,0,0,0
nuscenes,scene-0103_018,roll,deg,3,-3,34784,2539,3,0.241903,173,-0.014989,0.150637,88,61,142,61,62,18,166,18,0,0,0,0,0,0,0,0
nuscenes,scene-0103_018,pitch,deg,0.25,0.25,34784,2938,3,0.246221,171,0.010457,0.150637,88,88,220,88,62,62,165,62,0,0,0,0,0,0,0,0
nuscenes,scene-0103_018,pitch,deg,0.25,-0.25,34784,2935,3,0.247911,173,0.0191751,0.150637,88,88,220,88,62,62,174,62,0,0,0,0,0,0,0,0
nuscenes,scene-0103_018,pitch,deg,0.5,0.5,34784,2939,3,0.253032,172,0.0156964,0.150637,88,88,220,88,62,62,172,62,0,0,0,0,0,0,0,0
nuscenes,scene-0103_018,pitch,deg,0.5,-0.5,34784,2933,3,0.248338,173,0.0148997,0.150637,88,88,220,88,62,62,181,62,0,0,0,0,0,0,0,0
nuscenes,scene-0103_018,pitch,deg,1,1,34784,2942,3,0.25825,172,0.0196294,0.150637,88,88,218,88,62,62,183,62,0,0,0,0,0,0,0,0
nuscenes,scene-0103_018,pitch,deg,1,-1,34784,2929,3,0.254952,174,0.025482,0.150637,88,88,219,88,62,62,176,62,0,0,0,0,0,0,0,0
nuscenes,scene-0103_018,pitch,deg,1.5,1.5,34784,2939,3,0.238935,175,0.0113169,0.150637,88,88,218,88,62,62,184,62,0,0,0,0,0,0,0,0
nuscenes,scene-0103_018,pitch,deg,1.5,-1.5,34784,2927,3,0.252253,168,0.0376333,0.150637,88,88,220,88,62,62,167,62,0,0,0,0,0,0,0,0
nuscenes,scene-0103_018,pitch,deg,2,2,34784,2940,3,0.226818,169,-0.000184327,0.150637,88,88,218,88,62,62,181,62,0,0,0,0,0,0,0,0
nuscenes,scene-0103_018,pitch,deg,2,-2,34784,2921,3,0.236224,172,0.0328295,0.150637,88,88,213,88,62,62,159,62,0,0,0,0,0,0,0,0
nuscenes,scene-0103_018,pitch,deg,3,3,34784,2942,3,0.243691,173,0.0146332,0.150637,88,88,221,88,62,61,189,61,0,0,0,0,0,0,0,0
nuscenes,scene-0103_018,pitch,deg,3,-3,34784,2906,3,0.228086,173,0.0246474,0.150637,88,88,211,88,62,51,165,51,0,0,0,0,0,0,0,0
nuscenes,scene-0103_018,yaw,deg,0.25,0.25,34784,2931,3,0.248904,172,0.00623146,0.150637,88,88,220,88,62,62,160,62,0,0,0,0,0,0,0,0
nuscenes,scene-0103_018,yaw,deg,0.25,-0.25,34784,2939,3,0.224005,172,-0.00930046,0.150637,88,88,218,88,62,62,164,62,0,0,0,0,0,0,0,0
nuscenes,scene-0103_018,yaw,deg,0.5,0.5,34784,2925,3,0.260758,174,0.0219255,0.150637,88,88,219,88,62,62,161,62,0,0,0,0,0,0,0,0
nuscenes,scene-0103_018,yaw,deg,0.5,-0.5,34784,2939,3,0.214509,169,-0.0206249,0.150637,88,88,219,88,62,62,169,62,0,0,0,0,0,0,0,0
nuscenes,scene-0103_018,yaw,deg,1,1,34784,2933,3,0.248939,176,0.0166204,0.150637,88,88,219,88,62,60,154,60,0,0,0,0,0,0,0,0
nuscenes,scene-0103_018,yaw,deg,1,-1,34784,2949,3,0.196081,164,-0.0433152,0.150637,88,88,221,88,62,61,170,61,0,0,0,0,0,0,0,0
nuscenes,scene-0103_018,yaw,deg,1.5,1.5,34784,2928,3,0.279224,175,0.0405456,0.150637,88,88,218,88,62,58,151,58,0,0,0,0,0,0,0,0
nuscenes,scene-0103_018,yaw,deg,1.5,-1.5,34784,2947,3,0.202328,161,-0.0523005,0.150637,88,88,221,88,62,58,172,58,0,0,0,0,0,0,0,0
nuscenes,scene-0103_018,yaw,deg,2,2,34784,2924,3,0.26237,173,0.0242791,0.150637,88,84,217,84,62,52,143,52,0,0,0,0,0,0,0,0
nuscenes,scene-0103_018,yaw,deg,2,-2,34784,2960,3,0.216937,160,-0.0437371,0.150637,88,88,225,88,62,57,176,57,0,0,0,0,0,0,0,0
nuscenes,scene-0103_018,yaw,deg,3,3,34784,2898,3,0.247938,167,0.00960167,0.150637,88,78,214,78,62,42,135,42,0,0,0,0,0,0,0,0
nuscenes,scene-0103_018,yaw,deg,3,-3,34784,2965,3,0.230951,161,-0.0128659,0.150637,88,86,229,86,62,54,180,54,0,0,0,0,0,0,0,0
nuscenes,scene-0103_018,tx,cm,2,2,34784,2932,3,0.239393,173,0.0118961,0.150637,88,88,219,88,62,62,162,62,0,0,0,0,0,0,0,0
nuscenes,scene-0103_018,tx,cm,2,-2,34784,2936,3,0.248161,169,0.0188306,0.150637,88,88,217,88,62,62,165,62,0,0,0,0,0,0,0,0
nuscenes,scene-0103_018,tx,cm,5,5,34784,2935,3,0.228771,171,0.0023181,0.150637,88,88,219,88,62,62,161,62,0,0,0,0,0,0,0,0
nuscenes,scene-0103_018,tx,cm,5,-5,34784,2938,3,0.256959,165,0.0202973,0.150637,88,88,216,88,62,62,166,62,0,0,0,0,0,0,0,0
nuscenes,scene-0103_018,tx,cm,10,10,34784,2932,3,0.206708,171,-0.0158568,0.150637,88,88,220,88,62,62,163,62,0,0,0,0,0,0,0,0
nuscenes,scene-0103_018,tx,cm,10,-10,34784,2940,3,0.260078,164,0.0202273,0.150637,88,88,220,88,62,62,168,62,0,0,0,0,0,0,0,0
nuscenes,scene-0103_018,tx,cm,20,20,34784,2929,3,0.198827,171,-0.026391,0.150637,88,88,218,88,62,62,162,62,0,0,0,0,0,0,0,0
nuscenes,scene-0103_018,tx,cm,20,-20,34784,2944,3,0.251244,165,0.0138758,0.150637,88,88,219,88,62,62,166,62,0,0,0,0,0,0,0,0
nuscenes,scene-0103_018,ty,cm,2,2,34784,2945,3,0.245021,174,0.0128236,0.150637,88,88,220,88,62,62,164,62,0,0,0,0,0,0,0,0
nuscenes,scene-0103_018,ty,cm,2,-2,34784,2928,3,0.243725,172,0.0145112,0.150637,88,88,220,88,62,62,164,62,0,0,0,0,0,0,0,0
nuscenes,scene-0103_018,ty,cm,5,5,34784,2958,3,0.248746,173,0.016797,0.150637,88,88,220,88,62,62,163,62,0,0,0,0,0,0,0,0
nuscenes,scene-0103_018,ty,cm,5,-5,34784,2908,3,0.240279,173,0.0144114,0.150637,88,88,218,88,62,62,163,62,0,0,0,0,0,0,0,0
nuscenes,scene-0103_018,ty,cm,10,10,34784,2982,3,0.245611,177,0.0113308,0.150637,88,88,220,88,62,62,164,62,0,0,0,0,0,0,0,0
nuscenes,scene-0103_018,ty,cm,10,-10,34784,2886,3,0.235002,168,0.0107221,0.150637,88,88,217,88,62,62,163,62,0,0,0,0,0,0,0,0
nuscenes,scene-0103_018,ty,cm,20,20,34784,3129,3,0.203481,255,0.00953484,0.150637,88,88,221,88,62,62,171,62,0,0,0,0,0,0,0,0
nuscenes,scene-0103_018,ty,cm,20,-20,34784,2822,3,0.231985,168,0.00590904,0.150637,88,88,216,88,62,62,161,62,0,0,0,0,0,0,0,0
nuscenes,scene-0103_018,tz,cm,2,2,34784,2954,3,0.248611,170,0.0201853,0.150637,88,88,220,88,62,62,166,62,0,0,0,0,0,0,0,0
nuscenes,scene-0103_018,tz,cm,2,-2,34784,2917,3,0.244403,171,0.0093766,0.150637,88,88,220,88,62,62,165,62,0,0,0,0,0,0,0,0
nuscenes,scene-0103_018,tz,cm,5,5,34784,2974,3,0.251402,169,0.0244055,0.150637,88,88,220,88,62,62,169,62,0,0,0,0,0,0,0,0
nuscenes,scene-0103_018,tz,cm,5,-5,34784,2881,3,0.247224,173,0.00402486,0.150637,88,88,220,88,62,62,172,62,0,0,0,0,0,0,0,0
nuscenes,scene-0103_018,tz,cm,10,10,34784,3080,3,0.274556,164,0.0456689,0.150637,88,88,248,88,62,62,178,62,0,0,0,0,0,0,0,0
nuscenes,scene-0103_018,tz,cm,10,-10,34784,2794,3,0.240115,165,-0.000868171,0.150637,88,88,219,88,62,62,178,62,0,0,0,0,0,0,0,0
nuscenes,scene-0103_018,tz,cm,20,20,34784,3305,3,0.178804,269,0.0197151,0.150637,88,88,278,88,62,62,204,62,0,0,0,0,0,0,0,0
nuscenes,scene-0103_018,tz,cm,20,-20,34784,2707,3,0.179585,142,-0.0152305,0.150637,88,88,162,88,62,62,156,62,0,0,0,0,0,0,0,0
nuscenes,scene-0103_019,baseline,,0,0,34784,2958,3,0.23661,164,0.0215852,0.149733,0,0,0,0,160,160,368,160,0,0,0,0,0,0,0,0
nuscenes,scene-0103_019,roll,deg,0.25,0.25,34784,2979,3,0.219281,163,0.0207905,0.149733,0,0,0,0,160,160,385,160,0,0,0,0,0,0,0,0
nuscenes,scene-0103_019,roll,deg,0.25,-0.25,34784,2932,3,0.25095,163,0.0243445,0.149733,0,0,0,0,160,160,343,160,0,0,0,0,0,0,0,0
nuscenes,scene-0103_019,roll,deg,0.5,0.5,34784,2995,3,0.218174,161,0.0307649,0.149733,0,0,0,0,160,160,413,160,0,0,0,0,0,0,0,0
nuscenes,scene-0103_019,roll,deg,0.5,-0.5,34784,2896,3,0.221038,160,0.000995487,0.149733,0,0,0,0,160,160,353,160,0,0,0,0,0,0,0,0
nuscenes,scene-0103_019,roll,deg,1,1,34784,3099,3,0.228824,159,0.0396609,0.149733,0,0,0,0,160,139,404,139,0,0,0,0,0,0,0,0
nuscenes,scene-0103_019,roll,deg,1,-1,34784,2807,3,0.204244,164,-0.00715503,0.149733,0,0,0,0,160,151,313,151,0,0,0,0,0,0,0,0
nuscenes,scene-0103_019,roll,deg,1.5,1.5,34784,3145,3,0.218694,158,0.0387736,0.149733,0,0,0,0,160,134,433,134,0,0,0,0,0,0,0,0
nuscenes,scene-0103_019,roll,deg,1.5,-1.5,34784,2759,3,0.225212,163,-0.0102073,0.149733,0,0,0,0,160,139,302,139,0,0,0,0,0,0,0,0
nuscenes,scene-0103_019,roll,deg,2,2,34784,3223,3,0.186206,162,0.0100239,0.149733,0,0,0,0,160,134,469,134,0,0,0,0,0,0,0,0
nuscenes,scene-0103_019,roll,deg,2,-2,34784,2665,3,0.233245,165,0.00142878,0.149733,0,0,0,0,160,126,290,126,0,0,0,0,0,0,0,0
nuscenes,scene-0103_019,roll,deg,3,3,34784,3329,3,0.19584,158,0.0305179,0.149733,0,0,0,0,160,86,511,86,0,0,0,0,0,0,0,0
nuscenes,scene-0103_019,roll,deg,3,-3,34784,2558,3,0.256874,164,0.0253612,0.149733,0,0,0,0,160,82,269,82,0,0,0,0,0,0,0,0
nuscenes,scene-0103_019,pitch,deg,0.25,0.25,34784,2959,3,0.228425,165,0.012964,0.149733,0,0,0,0,160,160,375,160,0,0,0,0,0,0,0,0
nuscenes,scene-0103_019,pitch,deg,0.25,-0.25,34784,2953,3,0.239994,164,0.0253615,0.149733,0,0,0,0,160,160,358,160,0,0,0,0,0,0,0,0
nuscenes,scene-0103_019,pitch,deg,0.5,0.5,34784,2963,3,0.222188,160,0.00853375,0.149733,0,0,0,0,160,160,382,160,0,0,0,0,0,0,0,0
nuscenes,scene-0103_019,pitch,deg,0.5,-0.5,34784,2951,3,0.233316,164,0.0252327,0.149733,0,0,0,0,160,160,353,160,0,0,0,0,0,0,0,0
nuscenes,scene-0103_019,pitch,deg,1,1,34784,2960,3,0.201774,157,-0.0123145,0.149733,0,0,0,0,160,160,379,160,0,0,0,0,0,0,0,0
nuscenes,scene-0103_019,pitch,deg,1,-1,34784,2948,3,0.236494,162,0.0368023,0.149733,0,0,0,0,160,160,358,160,0,0,0,0,0,0,0,0
nuscenes,scene-0103_019,pitch,deg,1.5,1.5,34784,2957,3,0.194859,160,-0.0163853,0.149733,0,0,0,0,160,160,375,160,0,0,0,0,0,0,0,0
nuscenes,scene-0103_019,pitch,deg,1.5,-1.5,34784,2946,3,0.236088,164,0.0439316,0.149733,0,0,0,0,160,160,353,160,0,0,0,0,0,0,0,0
nuscenes,scene-0103_019,pitch,deg,2,2,34784,2953,3,0.190701,158,-0.022015,0.149733,0,0,0,0,160,160,372,160,0,0,0,0,0,0,0,0
nuscenes,scene-0103_019,pitch,deg,2,-2,34784,2941,3,0.221203,168,0.0376284,0.149733,0,0,0,0,160,160,350,160,0,0,0,0,0,0,0,0
nuscenes,scene-0103_019,pitch,deg,3,3,34784,2952,3,0.196431,158,-0.0140221,0.149733,0,0,0,0,160,157,379,157,0,0,0,0,0,0,0,0
nuscenes,scene-0103_019,pitch,deg,3,-3,34784,2919,3,0.245671,164,0.0513954,0.149733,0,0,0,0,160,159,354,159,0,0,0,0,0,0,0,0
nuscenes,scene-0103_019,yaw,deg,0.25,0.25,34784,2947,3,0.224368,167,0.0155358,0.149733,0,0,0,0,160,160,367,160,0,0,0,0,0,0,0,0
nuscenes,scene-0103_019,yaw,deg,0.25,-0.25,34784,2956,3,0.211977,162,0.00137122,0.149733,0,0,0,0,160,160,369,160,0,0,0,0,0,0,0,0
nuscenes,scene-0103_019,yaw,deg,0.5,0.5,34784,2949,3,0.213171,165,0.00915602,0.149733,0,0,0,0,160,160,364,160,0,0,0,0,0,0,0,0
nuscenes,scene-0103_019,yaw,deg,0.5,-0.5,34784,2955,3,0.207634,159,-0.00091739,0.149733,0,0,0,0,160,159,370,159,0,0,0,0,0,0,0,0
nuscenes,scene-0103_019,yaw,deg,1,1,34784,2946,3,0.200302,164,0.000149518,0.149733,0,0,0,0,160,158,363,158,0,0,0,0,0,0,0,0
nuscenes,scene-0103_019,yaw,deg,1,-1,34784,2966,3,0.181711,157,-0.0292143,0.149733,0,0,0,0,160,156,372,156,0,0,0,0,0,0,0,0
nuscenes,scene-0103_019,yaw,deg,1.5,1.5,34784,2947,3,0.184328,163,-0.00871736,0.149733,0,0,0,0,160,155,361,155,0,0,0,0,0,0,0,0
nuscenes,scene-0103_019,yaw,deg,1.5,-1.5,34784,2971,3,0.199952,157,-0.0174629,0.149733,0,0,0,0,160,152,379,152,0,0,0,0,0,0,0,0
nuscenes,scene-0103_019,yaw,deg,2,2,34784,2942,3,0.187559,163,-0.0149101,0.149733,0,0,0,0,160,152,365,152,0,0,0,0,0,0,0,0
nuscenes,scene-0103_019,yaw,deg,2,-2,34784,2982,3,0.23505,158,0.0061319,0.149733,0,0,0,0,160,147,379,147,0,0,0,0,0,0,0,0
nuscenes,scene-0103_019,yaw,deg,3,3,34784,2933,3,0.158695,165,-0.0374249,0.149733,0,0,0,0,160,145,379,145,0,0,0,0,0,0,0,0
nuscenes,scene-0103_019,yaw,deg,3,-3,34784,2994,3,0.243243,161,0.0138361,0.149733,0,0,0,0,160,132,382,132,0,0,0,0,0,0,0,0
nuscenes,scene-0103_019,tx,cm,2,2,34784,2952,3,0.226916,161,0.0142251,0.149733,0,0,0,0,160,160,367,160,0,0,0,0,0,0,0,0
nuscenes,scene-0103_019,tx,cm,2,-2,34784,2958,3,0.238698,160,0.0215611,0.149733,0,0,0,0,160,160,368,160,0,0,0,0,0,0,0,0
nuscenes,scene-0103_019,tx,cm,5,5,34784,2954,3,0.224265,170,0.0117708,0.149733,0,0,0,0,160,160,366,160,0,0,0,0,0,0,0,0
nuscenes,scene-0103_019,tx,cm,5,-5,34784,2959,3,0.236857,157,0.0230597,0.149733,0,0,0,0,160,160,368,160,0,0,0,0,0,0,0,0
nuscenes,scene-0103_019,tx,cm,10,10,34784,2949,3,0.206856,164,-0.00285727,0.149733,0,0,0,0,160,160,366,160,0,0,0,0,0,0,0,0
nuscenes,scene-0103_019,tx,cm,10,-10,34784,2957,3,0.227554,152,0.0152249,0.149733,0,0,0,0,160,160,369,160,0,0,0,0,0,0,0,0
nuscenes,scene-0103_019,tx,cm,20,20,34784,2947,3,0.178873,163,-0.022335,0.149733,0,0,0,0,160,159,364,159,0,0,0,0,0,0,0,0
nuscenes,scene-0103_019,tx,cm,20,-20,34784,2966,3,0.181509,160,-0.0115157,0.149733,0,0,0,0,160,159,371,159,0,0,0,0,0,0,0,0
nuscenes,scene-0103_019,ty,cm,2,2,34784,2969,3,0.237936,162,0.0242029,0.149733,0,0,0,0,160,160,370,160,0,0,0,0,0,0,0,0
nuscenes,scene-0103_019,ty,cm,2,-2,34784,2945,3,0.236675,162,0.0235376,0.149733,0,0,0,0,160,160,367,160,0,0,0,0,0,0,0,0
nuscenes,scene-0103_019,ty,cm,5,5,34784,2978,3,0.244558,164,0.0278182,0.149733,0,0,0,0,160,160,371,160,0,0,0,0,0,0,0,0
nuscenes,scene-0103_019,ty,cm,5,-5,34784,2927,3,0.223445,159,0.00792447,0.149733,0,0,0,0,160,160,366,160,0,0,0,0,0,0,0,0
nuscenes,scene-0103_019,ty,cm,10,10,34784,3006,3,0.244561,162,0.0293188,0.149733,0,0,0,0,160,160,373,160,0,0,0,0,0,0,0,0
nuscenes,scene-0103_019,ty,cm,10,-10,34784,2901,3,0.215437,161,0.00479858,0.149733,0,0,0,0,160,160,364,160,0,0,0,0,0,0,0,0
nuscenes,scene-0103_019,ty,cm,20,20,34784,3160,3,0.180364,260,0.0260556,0.149733,0,0,0,0,160,160,377,160,0,0,0,0,0,0,0,0
nuscenes,scene-0103_019,ty,cm,20,-20,34784,2840,3,0.199686,160,-0.00714369,0.149733,0,0,0,0,160,160,358,160,0,0,0,0,0,0,0,0
nuscenes,scene-0103_019,tz,cm,2,2,34784,2974,3,0.232046,160,0.0260783,0.149733,0,0,0,0,160,160,375,160,0,0,0,0,0,0,0,0
nuscenes,scene-0103_019,tz,cm,2,-2,34784,2937,3,0.242974,165,0.0219824,0.149733,0,0,0,0,160,160,359,160,0,0,0,0,0,0,0,0
nuscenes,scene-0103_019,tz,cm,5,5,34784,2993,3,0.238702,159,0.0308958,0.149733,0,0,0,0,160,160,383,160,0,0,0,0,0,0,0,0
nuscenes,scene-0103_019,tz,cm,5,-5,34784,2903,3,0.245427,163,0.0261119,0.149733,0,0,0,0,160,160,343,160,0,0,0,0,0,0,0,0
nuscenes,scene-0103_019,tz,cm,10,10,34784,3100,3,0.22873,157,0.0120925,0.149733,0,0,0,0,160,160,386,160,0,0,0,0,0,0,0,0
nuscenes,scene-0103_019,tz,cm,10,-10,34784,2815,3,0.252457,160,0.0365628,0.149733,0,0,0,0,160,160,331,160,0,0,0,0,0,0,0,0
nuscenes,scene-0103_019,tz,cm,20,20,34784,3323,3,0.117711,252,-0.0164962,0.149733,0,0,0,0,160,160,430,160,0,0,0,0,0,0,0,0
nuscenes,scene-0103_019,tz,cm,20,-20,34784,2727,3,0.21488,146,0.00214322,0.149733,0,0,0,0,160,160,348,160,0,0,0,0,0,0,0,0
nuscenes,scene-0103_020,baseline,,0,0,34752,2990,3,0.178052,167,0.00323328,0.146072,102,102,226,102,38,38,156,38,0,0,0,0,0,0,0,0
nuscenes,scene-0103_020,roll,deg,0.25,0.25,34752,3015,3,0.1686,161,-0.0135837,0.146072,102,102,229,102,38,38,186,38,0,0,0,0,0,0,0,0
nuscenes,scene-0103_020,roll,deg,0.25,-0.25,34752,2964,3,0.189269,166,0.00188985,0.146072,102,102,223,102,38,38,155,38,0,0,0,0,0,0,0,0
nuscenes,scene-0103_020,roll,deg,0.5,0.5,34752,3029,3,0.167912,162,-0.0119583,0.146072,102,102,226,102,38,38,196,38,0,0,0,0,0,0,0,0
nuscenes,scene-0103_020,roll,deg,0.5,-0.5,34752,2934,3,0.194063,162,0.00367892,0.146072,102,102,221,102,38,38,168,38,0,0,0,0,0,0,0,0
nuscenes,scene-0103_020,roll,deg,1,1,34752,3137,3,0.181591,161,0.00779629,0.146072,102,91,227,91,38,35,194,35,0,0,0,0,0,0,0,0
nuscenes,scene-0103_020,roll,deg,1,-1,34752,2844,3,0.218516,162,0.0271526,0.146072,102,102,198,102,38,38,162,38,0,0,0,0,0,0,0,0
nuscenes,scene-0103_020,roll,deg,1.5,1.5,34752,3182,3,0.160114,161,-0.0047328,0.146072,102,88,242,88,38,25,210,25,0,0,0,0,0,0,0,0
nuscenes,scene-0103_020,roll,deg,1.5,-1.5,34752,2800,3,0.239986,161,0.0506234,0.146072,102,102,210,102,38,35,134,35,0,0,0,0,0,0,0,0
nuscenes,scene-0103_020,roll,deg,2,2,34752,3262,3,0.159822,165,-0.00371362,0.146072,102,88,255,88,38,25,229,25,0,0,0,0,0,0,0,0
nuscenes,scene-0103_020,roll,deg,2,-2,34752,2717,3,0.254069,163,0.0409883,0.146072,102,102,208,102,38,33,147,33,0,0,0,0,0,0,0,0
nuscenes,scene-0103_020,roll,deg,3,3,34752,3367,3,0.154407,165,-0.00855173,0.146072,102,71,265,71,38,15,255,15,0,0,0,0,0,0,0,0
nuscenes,scene-0103_020,roll,deg,3,-3,34752,2598,3,0.230068,156,0.0195659,0.146072,102,69,208,69,38,23,114,23,0,0,0,0,0,0,0,0
nuscenes,scene-0103_020,pitch,deg,0.25,0.25,34752,2995,3,0.185108,162,0.00800343,0.146072,102,102,226,102,38,38,155,38,0,0,0,0,0,0,0,0
nuscenes,scene-0103_020,pitch,deg,0.25,-0.25,34752,2988,3,0.172127,164,-0.0120923,0.146072,102,102,223,102,38,38,155,38,0,0,0,0,0,0,0,0
nuscenes,scene-0103_020,pitch,deg,0.5,0.5,34752,2999,3,0.189316,159,0.0112469,0.146072,102,102,223,102,38,38,155,38,0,0,0,0,0,0,0,0
nuscenes,scene-0103_020,pitch,deg,0.5,-0.5,34752,2989,3,0.169509,158,-0.0202131,0.146072,102,102,223,102,38,38,155,38,0,0,0,0,0,0,0,0
nuscenes,scene-0103_020,pitch,deg,1,1,34752,2998,3,0.185084,161,0.00228062,0.146072,102,102,225,102,38,38,166,38,0,0,0,0,0,0,0,0
nuscenes,scene-0103_020,pitch,deg,1,-1,34752,2986,3,0.184259,164,-0.0121357,0.146072,102,102,222,102,38,38,169,38,0,0,0,0,0,0,0,0
nuscenes,scene-0103_020,pitch,deg,1.5,1.5,34752,2996,3,0.216141,162,0.0260884,0.146072,102,102,239,102,38,38,174,38,0,0,0,0,0,0,0,0
nuscenes,scene-0103_020,pitch,deg,1.5,-1.5,34752,2986,3,0.186301,161,-0.00515422,0.146072,102,102,217,102,38,38,172,38,0,0,0,0,0,0,0,0
nuscenes,scene-0103_020,pitch,deg,2,2,34752,2991,3,0.207303,162,0.0183166,0.146072,102,102,240,102,38,35,168,35,0,0,0,0,0,0,0,0
nuscenes,scene-0103_020,pitch,deg,2,-2,34752,2979,3,0.188659,162,0.00405817,0.146072,102,102,211,102,38,38,177,38,0,0,0,0,0,0,0,0
nuscenes,scene-0103_020,pitch,deg,3,3,34752,2992,3,0.203283,164,0.0255235,0.146072,102,92,227,92,38,35,166,35,0,0,0,0,0,0,0,0
nuscenes,scene-0103_020,pitch,deg,3,-3,34752,2958,3,0.220461,161,0.04162,0.146072,102,102,213,102,38,38,171,38,0,0,0,0,0,0,0,0
nuscenes,scene-0103_020,yaw,deg,0.25,0.25,34752,2986,3,0.190677,161,0.0122688,0.146072,102,102,225,102,38,38,156,38,0,0,0,0,0,0,0,0
nuscenes,scene-0103_020,yaw,deg,0.25,-0.25,34752,2999,3,0.163583,165,-0.0193963,0.146072,102,102,224,102,38,38,157,38,0,0,0,0,0,0,0,0
nuscenes,scene-0103_020,yaw,deg,0.5,0.5,34752,2982,3,0.196166,164,0.0189385,0.146072,102,102,224,102,38,38,157,38,0,0,0,0,0,0,0,0
nuscenes,scene-0103_020,yaw,deg,0.5,-0.5,34752,3001,3,0.151567,164,-0.0351804,0.146072,102,102,224,102,38,38,154,38,0,0,0,0,0,0,0,0
nuscenes,scene-0103_020,yaw,deg,1,1,34752,2973,3,0.205753,161,0.0351648,0.146072,102,102,225,102,38,37,161,37,0,0,0,0,0,0,0,0
nuscenes,scene-0103_020,yaw,deg,1,-1,34752,3002,3,0.150094,163,-0.0226399,0.146072,102,101,230,101,38,38,155,38,0,0,0,0,0,0,0,0
nuscenes,scene-0103_020,yaw,deg,1.5,1.5,34752,2972,3,0.184227,163,0.0278591,0.146072,102,101,224,101,38,35,164,35,0,0,0,0,0,0,0,0
nuscenes,scene-0103_020,yaw,deg,1.5,-1.5,34752,3006,3,0.15636,161,-0.0300036,0.146072,102,98,231,98,38,38,158,38,0,0,0,0,0,0,0,0
nuscenes,scene-0103_020,yaw,deg,2,2,34752,2965,3,0.180453,153,0.0243633,0.146072,102,98,223,98,38,31,164,31,0,0,0,0,0,0,0,0
nuscenes,scene-0103_020,yaw,deg,2,-2,34752,3009,3,0.184455,166,-0.0136712,0.146072,102,95,230,95,38,37,161,37,0,0,0,0,0,0,0,0
nuscenes,scene-0103_020,yaw,deg,3,3,34752,2960,3,0.133201,152,-0.025679,0.146072,102,92,223,92,38,27,169,27,0,0,0,0,0,0,0,0
nuscenes,scene-0103_020,yaw,deg,3,-3,34752,3019,3,0.192896,165,0.000884369,0.146072,102,88,235,88,38,32,167,32,0,0,0,0,0,0,0,0
nuscenes,scene-0103_020,tx,cm,2,2,34752,2993,3,0.17781,161,-0.00270577,0.146072,102,102,226,102,38,38,156,38,0,0,0,0,0,0,0,0
nuscenes,scene-0103_020,tx,cm,2,-2,34752,2994,3,0.187477,158,0.00801899,0.146072,102,102,224,102,38,38,156,38,0,0,0,0,0,0,0,0
nuscenes,scene-0103_020,tx,cm,5,5,34752,2993,3,0.178153,163,-0.0056618,0.146072,102,102,224,102,38,38,155,38,0,0,0,0,0,0,0,0
nuscenes,scene-0103_020,tx,cm,5,-5,34752,2994,3,0.182856,155,0.0009927,0.146072,102,102,223,102,38,38,157,38,0,0,0,0,0,0,0,0
nuscenes,scene-0103_020,tx,cm,10,10,34752,2994,3,0.176153,170,-0.0141072,0.146072,102,102,224,102,38,38,154,38,0,0,0,0,0,0,0,0
nuscenes,scene-0103_020,tx,cm,10,-10,34752,2992,3,0.182317,155,0.00925452,0.146072,102,102,226,102,38,38,155,38,0,0,0,0,0,0,0,0
nuscenes,scene-0103_020,tx,cm,20,20,34752,2992,3,0.158997,173,-0.0326679,0.146072,102,102,222,102,38,38,152,38,0,0,0,0,0,0,0,0
nuscenes,scene-0103_020,tx,cm,20,-20,34752,2992,3,0.182915,149,0.00964998,0.146072,102,102,226,102,38,38,160,38,0,0,0,0,0,0,0,0
nuscenes,scene-0103_020,ty,cm,2,2,34752,3002,3,0.17923,160,0.00150098,0.146072,102,102,227,102,38,38,156,38,0,0,0,0,0,0,0,0
nuscenes,scene-0103_020,ty,cm,2,-2,34752,2982,3,0.184647,164,0.003318,0.146072,102,102,224,102,38,38,155,38,0,0,0,0,0,0,0,0
nuscenes,scene-0103_020,ty,cm,5,5,34752,3014,3,0.186436,159,0.00868884,0.146072,102,102,229,102,38,38,156,38,0,0,0,0,0,0,0,0
nuscenes,scene-0103_020,ty,cm,5,-5,34752,2972,3,0.177385,161,-0.000734955,0.146072,102,102,221,102,38,38,155,38,0,0,0,0,0,0,0,0
nuscenes,scene-0103_020,ty,cm,10,10,34752,3040,3,0.189474,156,0.00521281,0.146072,102,102,230,102,38,38,155,38,0,0,0,0,0,0,0,0
nuscenes,scene-0103_020,ty,cm,10,-10,34752,2944,3,0.177631,162,-0.000637144,0.146072,102,102,219,102,38,38,155,38,0,0,0,0,0,0,0,0
nuscenes,scene-0103_020,ty,cm,20,20,34752,3225,3,0.140349,272,-0.00490102,0.146072,102,102,234,102,38,38,157,38,0,0,0,0,0,0,0,0
nuscenes,scene-0103_020,ty,cm,20,-20,34752,2884,3,0.159589,166,-0.0174011,0.146072,102,102,219,102,38,38,153,38,0,0,0,0,0,0,0,0
nuscenes,scene-0103_020,tz,cm,2,2,34752,3008,3,0.181238,167,0.00650224,0.146072,102,102,234,102,38,38,156,38,0,0,0,0,0,0,0,0
nuscenes,scene-0103_020,tz,cm,2,-2,34752,2972,3,0.176946,166,0.000313774,0.146072,102,102,224,102,38,38,156,38,0,0,0,0,0,0,0,0
nuscenes,scene-0103_020,tz,cm,5,5,34752,3028,3,0.19397,171,0.00842975,0.146072,102,102,241,102,38,38,160,38,0,0,0,0,0,0,0,0
nuscenes,scene-0103_020,tz,cm,5,-5,34752,2937,3,0.164134,161,-0.0112453,0.146072,102,102,224,102,38,38,156,38,0,0,0,0,0,0,0,0
nuscenes,scene-0103_020,tz,cm,10,10,34752,3137,3,0.206296,169,0.0035879,0.146072,102,102,247,102,38,38,195,38,0,0,0,0,0,0,0,0
nuscenes,scene-0103_020,tz,cm,10,-10,34752,2847,3,0.16747,158,-0.00871302,0.146072,102,102,223,102,38,38,156,38,0,0,0,0,0,0,0,0
nuscenes,scene-0103_020,tz,cm,20,20,34752,3361,3,0.148081,291,0.0169176,0.146072,102,102,247,102,38,38,203,38,0,0,0,0,0,0,0,0
nuscenes,scene-0103_020,tz,cm,20,-20,34752,2765,3,0.183845,146,-0.00532202,0.146072,102,102,208,102,38,38,152,38,0,0,0,0,0,0,0,0
nuscenes,scene-0103_021,baseline,,0,0,34752,2996,4,0.221375,158,0.0470103,0.14683,146,146,318,146,30,30,172,30,10,10,12,10,0,0,0,0
nuscenes,scene-0103_021,roll,deg,0.25,0.25,34752,3021,4,0.199946,157,0.0273845,0.14683,146,146,317,146,30,30,170,30,10,10,12,10,0,0,0,0
nuscenes,scene-0103_021,roll,deg,0.25,-0.25,34752,2969,4,0.21795,153,0.0264836,0.14683,146,146,325,146,30,30,162,30,10,10,13,10,0,0,0,0
nuscenes,scene-0103_021,roll,deg,0.5,0.5,34752,3036,4,0.167273,157,-0.00596002,0.14683,146,146,325,146,30,30,171,30,10,10,12,10,0,0,0,0
nuscenes,scene-0103_021,roll,deg,0.5,-0.5,34752,2937,4,0.208553,157,0.0111413,0.14683,146,146,319,146,30,30,135,30,10,2,7,2,0,0,0,0
nuscenes,scene-0103_021,roll,deg,1,1,34752,3140,4,0.171375,150,-0.00660473,0.14683,146,135,331,135,30,24,169,24,10,8,19,8,0,0,0,0
nuscenes,scene-0103_021,roll,deg,1,-1,34752,2849,4,0.195613,159,0.00936624,0.14683,146,146,297,146,30,30,154,30,10,2,7,2,0,0,0,0
nuscenes,scene-0103_021,roll,deg,1.5,1.5,34752,3191,4,0.166775,158,-0.0018812,0.14683,146,135,332,135,30,22,188,22,10,8,18,8,0,0,0,0
nuscenes,scene-0103_021,roll,deg,1.5,-1.5,34752,2805,4,0.205627,157,0.0172145,0.14683,146,146,296,146,30,29,151,29,10,2,7,2,0,0,0,0
nuscenes,scene-0103_021,roll,deg,2,2,34752,3267,4,0.160969,158,0.0101388,0.14683,146,135,347,135,30,22,211,22,10,8,27,8,0,0,0,0
nuscenes,scene-0103_021,roll,deg,2,-2,34752,2718,4,0.247701,154,0.0424825,0.14683,146,145,308,145,30,18,117,18,10,0,9,0,0,0,0,0
nuscenes,scene-0103_021,roll,deg,3,3,34752,3373,4,0.138342,160,-0.0255418,0.14683,146,116,360,116,30,18,207,18,10,0,18,0,0,0,0,0
nuscenes,scene-0103_021,roll,deg,3,-3,34752,2606,4,0.199635,154,-0.0325688,0.14683,146,117,293,117,30,12,131,12,10,0,7,0,0,0,0,0
nuscenes,scene-0103_021,pitch,deg,0.25,0.25,34752,3000,4,0.207825,156,0.0366482,0.14683,146,146,314,146,30,30,171,30,10,10,12,10,0,0,0,0
nuscenes,scene-0103_021,pitch,deg,0.25,-0.25,34752,2995,4,0.206674,158,0.0304106,0.14683,146,146,328,146,30,30,169,30,10,10,12,10,0,0,0,0
nuscenes,scene-0103_021,pitch,deg,0.5,0.5,34752,3003,4,0.201971,154,0.0283867,0.14683,146,146,314,146,30,30,170,30,10,10,12,10,0,0,0,0
nuscenes,scene-0103_021,pitch,deg,0.5,-0.5,34752,2993,4,0.196399,156,0.0192955,0.14683,146,146,331,146,30,30,163,30,10,10,12,10,0,0,0,0
nuscenes,scene-0103_021,pitch,deg,1,1,34752,3007,4,0.200468,157,0.0227957,0.14683,146,146,326,146,30,30,172,30,10,10,12,10,0,0,0,0
nuscenes,scene-0103_021,pitch,deg,1,-1,34752,2993,4,0.21056,157,0.0191396,0.14683,146,146,318,146,30,30,149,30,10,10,12,10,0,0,0,0
nuscenes,scene-0103_021,pitch,deg,1.5,1.5,34752,3004,4,0.191693,157,0.0141646,0.14683,146,146,338,146,30,24,155,24,10,10,13,10,0,0,0,0
nuscenes,scene-0103_021,pitch,deg,1.5,-1.5,34752,2995,4,0.198448,152,0.00192015,0.14683,146,146,309,146,30,30,173,30,10,10,12,10,0,0,0,0
nuscenes,scene-0103_021,pitch,deg,2,2,34752,2999,4,0.191466,154,0.012235,0.14683,146,136,333,136,30,24,150,24,10,10,15,10,0,0,0,0
nuscenes,scene-0103_021,pitch,deg,2,-2,34752,2990,4,0.194497,156,-0.00410934,0.14683,146,146,305,146,30,29,170,29,10,10,12,10,0,0,0,0
nuscenes,scene-0103_021,pitch,deg,3,3,34752,2999,4,0.185347,154,0.00660191,0.14683,146,135,311,135,30,24,181,24,10,2,7,2,0,0,0,0
nuscenes,scene-0103_021,pitch,deg,3,-3,34752,2965,4,0.193834,153,-0.000894472,0.14683,146,146,289,146,30,29,165,29,10,10,12,10,0,0,0,0
nuscenes,scene-0103_021,yaw,deg,0.25,0.25,34752,2998,4,0.208885,155,0.0326549,0.14683,146,146,319,146,30,30,175,30,10,10,12,10,0,0,0,0
nuscenes,scene-0103_021,yaw,deg,0.25,-0.25,34752,3003,4,0.221714,154,0.0360813,0.14683,146,146,317,146,30,30,173,30,10,10,10,10,0,0,0,0
nuscenes,scene-0103_021,yaw,deg,0.5,0.5,34752,2999,4,0.185491,153,0.0142295,0.14683,146,146,319,146,30,30,175,30,10,9,12,9,0,0,0,0
nuscenes,scene-0103_021,yaw,deg,0.5,-0.5,34752,3002,4,0.207718,156,0.0228457,0.14683,146,146,317,146,30,29,172,29,10,9,9,9,0,0,0,0
nuscenes,scene-0103_021,yaw,deg,1,1,34752,2987,4,0.152301,158,-0.0182505,0.14683,146,144,319,144,30,27,171,27,10,7,12,7,0,0,0,0
nuscenes,scene-0103_021,yaw,deg,1,-1,34752,3003,4,0.187574,160,0.0166605,0.14683,146,146,316,146,30,28,165,28,10,6,6,6,0,0,0,0
nuscenes,scene-0103_021,yaw,deg,1.5,1.5,34752,2983,4,0.144025,155,-0.0190804,0.14683,146,143,319,143,30,26,173,26,10,5,11,5,0,0,0,0
nuscenes,scene-0103_021,yaw,deg,1.5,-1.5,34752,3012,4,0.178611,159,-0.00099279,0.14683,146,146,319,146,30,25,168,25,10,5,5,5,0,0,0,0
nuscenes,scene-0103_021,yaw,deg,2,2,34752,2971,4,0.170789,151,-0.00252494,0.14683,146,141,315,141,30,22,172,22,10,4,12,4,0,0,0,0
nuscenes,scene-0103_021,yaw,deg,2,-2,34752,3008,4,0.179669,151,0.00415739,0.14683,146,143,322,143,30,22,164,22,10,3,6,3,0,0,0,0
nuscenes,scene-0103_021,yaw,deg,3,3,34752,2960,4,0.175868,156,0.0115859,0.14683,146,135,317,135,30,18,178,18,10,0,8,0,0,0,0,0
nuscenes,scene-0103_021,yaw,deg,3,-3,34752,3009,4,0.215946,145,0.0125791,0.14683,146,134,321,134,30,16,163,16,10,0,6,0,0,0,0,0
nuscenes,scene-0103_021,tx,cm,2,2,34752,2997,4,0.219343,157,0.0437104,0.14683,146,146,318,146,30,30,174,30,10,10,11,10,0,0,0,0
nuscenes,scene-0103_021,tx,cm,2,-2,34752,3001,4,0.213108,156,0.0388963,0.14683,146,146,318,146,30,30,174,30,10,10,12,10,0,0,0,0
nuscenes,scene-0103_021,tx,cm,5,5,34752,2996,4,0.215037,158,0.0336544,0.14683,146,146,317,146,30,30,173,30,10,10,11,10,0,0,0,0
nuscenes,scene-0103_021,tx,cm,5,-5,34752,2999,4,0.216619,149,0.0420674,0.14683,146,146,320,146,30,30,175,30,10,10,12,10,0,0,0,0
nuscenes,scene-0103_021,tx,cm,10,10,34752,3001,4,0.203369,163,0.0254235,0.14683,146,146,315,146,30,30,171,30,10,10,10,10,0,0,0,0
nuscenes,scene-0103_021,tx,cm,10,-10,34752,2998,4,0.204228,145,0.0269258,0.14683,146,146,319,146,30,30,177,30,10,10,12,10,0,0,0,0
nuscenes,scene-0103_021,tx,cm,20,20,34752,3007,4,0.194982,164,0.0259555,0.14683,146,146,312,146,30,29,166,29,10,9,9,9,0,0,0,0
nuscenes,scene-0103_021,tx,cm,20,-20,34752,3000,4,0.200284,141,0.0167446,0.14683,146,145,324,145,30,30,176,30,10,10,12,10,0,0,0,0
nuscenes,scene-0103_021,ty,cm,2,2,34752,3008,4,0.211353,155,0.0369768,0.14683,146,146,319,146,30,30,172,30,10,10,12,10,0,0,0,0
nuscenes,scene-0103_021,ty,cm,2,-2,34752,2988,4,0.217669,154,0.0426136,0.14683,146,146,317,146,30,30,173,30,10,10,12,10,0,0,0,0
nuscenes,scene-0103_021,ty,cm,5,5,34752,3023,4,0.205927,162,0.0322558,0.14683,146,146,322,146,30,30,173,30,10,10,12,10,0,0,0,0
nuscenes,scene-0103_021,ty,cm,5,-5,34752,2975,4,0.215414,155,0.0425921,0.14683,146,146,315,146,30,30,174,30,10,10,12,10,0,0,0,0
nuscenes,scene-0103_021,ty,cm,10,10,34752,3043,4,0.205235,156,0.0217583,0.14683,146,146,322,146,30,30,174,30,10,10,12,10,0,0,0,0
nuscenes,scene-0103_021,ty,cm,10,-10,34752,2949,4,0.218143,154,0.0463584,0.14683,146,146,313,146,30,30,174,30,10,10,11,10,0,0,0,0
nuscenes,scene-0103_021,ty,cm,20,20,34752,3219,4,0.145565,248,-0.00280075,0.14683,146,146,332,146,30,30,177,30,10,10,12,10,0,0,0,0
nuscenes,scene-0103_021,ty,cm,20,-20,34752,2892,4,0.213386,154,0.0385651,0.14683,146,146,305,146,30,30,172,30,10,10,11,10,0,0,0,0
nuscenes,scene-0103_021,tz,cm,2,2,34752,3013,4,0.21325,158,0.0413467,0.14683,146,146,319,146,30,30,173,30,10,10,12,10,0,0,0,0
nuscenes,scene-0103_021,tz,cm,2,-2,34752,2976,4,0.217262,155,0.0396257,0.14683,146,146,315,146,30,30,170,30,10,10,12,10,0,0,0,0
nuscenes,scene-0103_021,tz,cm,5,5,34752,3035,4,0.200027,159,0.022835,0.14683,146,146,324,146,30,30,169,30,10,10,12,10,0,0,0,0
nuscenes,scene-0103_021,tz,cm,5,-5,34752,2942,4,0.208623,154,0.0285888,0.14683,146,146,315,146,30,30,162,30,10,10,12,10,0,0,0,0
nuscenes,scene-0103_021,tz,cm,10,10,34752,3141,4,0.205709,164,0.0281016,0.14683,146,146,331,146,30,30,170,30,10,10,12,10,0,0,0,0
nuscenes,scene-0103_021,tz,cm,10,-10,34752,2853,4,0.216234,159,0.0271405,0.14683,146,146,320,146,30,30,146,30,10,10,12,10,0,0,0,0
nuscenes,scene-0103_021,tz,cm,20,20,34752,3363,4,0.128869,269,0.0142228,0.14683,146,135,350,135,30,28,169,28,10,10,12,10,0,0,0,0
nuscenes,scene-0103_021,tz,cm,20,-20,34752,2770,4,0.229313,155,0.0376153,0.14683,146,146,300,146,30,30,127,30,10,10,12,10,0,0,0,0
nuscenes,scene-0103_022,baseline,,0,0,34752,2943,2,0.19797,129,0.0404584,0.139203,147,147,334,147,0,0,0,0,10,10,12,10,0,0,0,0
nuscenes,scene-0103_022,roll,deg,0.25,0.25,34752,2964,2,0.187629,128,0.0213094,0.139203,147,147,342,148,0,0,0,0,10,10,12,10,0,0,0,0
nuscenes,scene-0103_022,roll,deg,0.25,-0.25,34752,2916,2,0.189883,128,0.0286737,0.139203,147,147,338,147,0,0,0,0,10,10,14,10,0,0,0,0
nuscenes,scene-0103_022,roll,deg,0.5,0.5,34752,2982,2,0.190922,128,0.0125454,0.139203,147,147,357,148,0,0,0,0,10,10,12,10,0,0,0,0
nuscenes,scene-0103_022,roll,deg,0.5,-0.5,34752,2885,2,0.18468,128,0.0299053,0.139203,147,147,354,147,0,0,0,0,10,6,15,6,0,0,0,0
nuscenes,scene-0103_022,roll,deg,1,1,34752,3088,2,0.194685,131,0.0464856,0.139203,147,147,374,148,0,0,0,0,10,8,19,8,0,0,0,0
nuscenes,scene-0103_022,roll,deg,1,-1,34752,2792,2,0.21127,130,0.0272277,0.139203,147,146,334,146,0,0,0,0,10,2,11,2,0,0,0,0
nuscenes,scene-0103_022,roll,deg,1.5,1.5,34752,3134,2,0.156054,128,0.0208596,0.139203,147,147,356,148,0,0,0,0,10,8,17,8,0,0,0,0
nuscenes,scene-0103_022,roll,deg,1.5,-1.5,34752,2748,2,0.216878,127,0.0344869,0.139203,147,146,319,146,0,0,0,0,10,2,12,2,0,0,0,0
nuscenes,scene-0103_022,roll,deg,2,2,34752,3219,2,0.132934,129,0.00498727,0.139203,147,137,375,138,0,0,0,0,10,8,28,8,0,0,0,0
nuscenes,scene-0103_022,roll,deg,2,-2,34752,2667,2,0.190775,126,-0.0145052,0.139203,147,146,333,146,0,0,0,0,10,0,12,0,0,0,0,0
nuscenes,scene-0103_022,roll,deg,3,3,34752,3323,2,0.0961165,134,-0.0190649,0.139203,147,137,397,138,0,0,0,0,10,0,20,0,0,0,0,0
nuscenes,scene-0103_022,roll,deg,3,-3,34752,2549,2,0.191343,123,-0.0213599,0.139203,147,127,316,127,0,0,0,0,10,0,12,0,0,0,0,0
nuscenes,scene-0103_022,pitch,deg,0.25,0.25,34752,2946,2,0.188592,129,0.0326882,0.139203,147,147,339,147,0,0,0,0,10,10,12,10,0,0,0,0
nuscenes,scene-0103_022,pitch,deg,0.25,-0.25,34752,2939,2,0.192167,130,0.0321811,0.139203,147,147,330,148,0,0,0,0,10,10,12,10,0,0,0,0
nuscenes,scene-0103_022,pitch,deg,0.5,0.5,34752,2950,2,0.185244,128,0.0194486,0.139203,147,147,344,147,0,0,0,0,10,10,12,10,0,0,0,0
nuscenes,scene-0103_022,pitch,deg,0.5,-0.5,34752,2937,2,0.192553,126,0.0303771,0.139203,147,147,329,148,0,0,0,0,10,10,12,10,0,0,0,0
nuscenes,scene-0103_022,pitch,deg,1,1,34752,2950,2,0.21171,127,0.0341837,0.139203,147,146,348,146,0,0,0,0,10,10,14,10,0,0,0,0
nuscenes,scene-0103_022,pitch,deg,1,-1,34752,2936,2,0.181682,129,0.0220096,0.139203,147,147,363,148,0,0,0,0,10,10,12,10,0,0,0,0
nuscenes,scene-0103_022,pitch,deg,1.5,1.5,34752,2947,2,0.206666,130,0.0359574,0.139203,147,146,355,146,0,0,0,0,10,10,19,10,0,0,0,0
nuscenes,scene-0103_022,pitch,deg,1.5,-1.5,34752,2939,2,0.194974,131,0.0239137,0.139203,147,147,355,148,0,0,0,0,10,10,12,10,0,0,0,0
nuscenes,scene-0103_022,pitch,deg,2,2,34752,2946,2,0.199619,128,0.034466,0.139203,147,146,356,146,0,0,0,0,10,10,19,10,0,0,0,0
nuscenes,scene-0103_022,pitch,deg,2,-2,34752,2932,2,0.19449,124,0.0277577,0.139203,147,147,345,148,0,0,0,0,10,10,12,10,0,0,0,0
nuscenes,scene-0103_022,pitch,deg,3,3,34752,2949,2,0.147739,127,-0.00200154,0.139203,147,146,369,146,0,0,0,0,10,4,12,4,0,0,0,0
nuscenes,scene-0103_022,pitch,deg,3,-3,34752,2913,2,0.21132,131,0.0329746,0.139203,147,147,325,149,0,0,0,0,10,10,12,10,0,0,0,0
nuscenes,scene-0103_022,yaw,deg,0.25,0.25,34752,2939,2,0.17989,128,0.0206947,0.139203,147,145,336,145,0,0,0,0,10,10,13,10,0,0,0,0
nuscenes,scene-0103_022,yaw,deg,0.25,-0.25,34752,2950,2,0.17273,129,0.00684457,0.139203,147,147,334,150,0,0,0,0,10,10,11,10,0,0,0,0
nuscenes,scene-0103_022,yaw,deg,0.5,0.5,34752,2935,2,0.159294,130,0.00439882,0.139203,147,143,335,143,0,0,0,0,10,10,13,10,0,0,0,0
nuscenes,scene-0103_022,yaw,deg,0.5,-0.5,34752,2954,2,0.174622,128,-0.000219479,0.139203,147,147,335,152,0,0,0,0,10,9,10,9,0,0,0,0
nuscenes,scene-0103_022,yaw,deg,1,1,34752,2927,2,0.16774,126,0.0258303,0.139203,147,140,334,140,0,0,0,0,10,7,12,7,0,0,0,0
nuscenes,scene-0103_022,yaw,deg,1,-1,34752,2963,2,0.151051,131,-0.0319943,0.139203,147,147,335,156,0,0,0,0,10,7,8,7,0,0,0,0
nuscenes,scene-0103_022,yaw,deg,1.5,1.5,34752,2920,2,0.169686,123,0.0316393,0.139203,147,135,332,135,0,0,0,0,10,6,12,6,0,0,0,0
nuscenes,scene-0103_022,yaw,deg,1.5,-1.5,34752,2966,2,0.13822,131,-0.0617033,0.139203,147,147,339,161,0,0,0,0,10,5,6,5,0,0,0,0
nuscenes,scene-0103_022,yaw,deg,2,2,34752,2928,2,0.138877,128,-0.00892763,0.139203,147,132,334,132,0,0,0,0,10,4,12,4,0,0,0,0
nuscenes,scene-0103_022,yaw,deg,2,-2,34752,2979,2,0.149167,129,-0.0569769,0.139203,147,146,344,164,0,0,0,0,10,4,8,4,0,0,0,0
nuscenes,scene-0103_022,yaw,deg,3,3,34752,2942,2,0.173421,140,0.0203789,0.139203,147,125,336,125,0,0,0,0,10,0,8,0,0,0,0,0
nuscenes,scene-0103_022,yaw,deg,3,-3,34752,2982,2,0.204047,137,0.0140815,0.139203,147,140,351,162,0,0,0,0,10,0,4,0,0,0,0,0
nuscenes,scene-0103_022,tx,cm,2,2,34752,2943,2,0.195431,130,0.0360593,0.139203,147,147,335,148,0,0,0,0,10,10,12,10,0,0,0,0
nuscenes,scene-0103_022,tx,cm,2,-2,34752,2944,2,0.190546,128,0.0327948,0.139203,147,146,334,146,0,0,0,0,10,10,12,10,0,0,0,0
nuscenes,scene-0103_022,tx,cm,5,5,34752,2944,2,0.182508,130,0.028977,0.139203,147,147,335,149,0,0,0,0,10,10,12,10,0,0,0,0
nuscenes,scene-0103_022,tx,cm,5,-5,34752,2940,2,0.197998,127,0.0326574,0.139203,147,145,334,145,0,0,0,0,10,10,12,10,0,0,0,0
nuscenes,scene-0103_022,tx,cm,10,10,34752,2944,2,0.177922,131,0.0167783,0.139203,147,147,334,151,0,0,0,0,10,10,12,10,0,0,0,0
nuscenes,scene-0103_022,tx,cm,10,-10,34752,2943,2,0.190067,127,0.0254412,0.139203,147,144,339,144,0,0,0,0,10,10,12,10,0,0,0,0
nuscenes,scene-0103_022,tx,cm,20,20,34752,2947,2,0.155969,132,-0.00257422,0.139203,147,147,329,154,0,0,0,0,10,10,11,10,0,0,0,0
nuscenes,scene-0103_022,tx,cm,20,-20,34752,2938,2,0.163662,127,0.0074552,0.139203,147,141,339,141,0,0,0,0,10,10,12,10,0,0,0,0
nuscenes,scene-0103_022,ty,cm,2,2,34752,2955,2,0.202048,129,0.0436805,0.139203,147,147,335,148,0,0,0,0,10,10,12,10,0,0,0,0
nuscenes,scene-0103_022,ty,cm,2,-2,34752,2933,2,0.191821,132,0.0316949,0.139203,147,147,334,147,0,0,0,0,10,10,12,10,0,0,0,0
nuscenes,scene-0103_022,ty,cm,5,5,34752,2964,2,0.200219,128,0.0422413,0.139203,147,147,336,148,0,0,0,0,10,10,12,10,0,0,0,0
nuscenes,scene-0103_022,ty,cm,5,-5,34752,2921,2,0.191212,129,0.0319704,0.139203,147,146,331,146,0,0,0,0,10,10,12,10,0,0,0,0
nuscenes,scene-0103_022,ty,cm,10,10,34752,2989,2,0.197752,127,0.036293,0.139203,147,147,342,150,0,0,0,0,10,10,12,10,0,0,0,0
nuscenes,scene-0103_022,ty,cm,10,-10,34752,2897,2,0.184742,130,0.0279043,0.139203,147,145,329,145,0,0,0,0,10,10,12,10,0,0,0,0
nuscenes,scene-0103_022,ty,cm,20,20,34752,3179,2,0.1235,258,-0.00136299,0.139203,147,147,352,152,0,0,0,0,10,10,12,10,0,0,0,0
nuscenes,scene-0103_022,ty,cm,20,-20,34752,2843,2,0.178224,130,0.0179651,0.139203,147,143,324,143,0,0,0,0,10,10,12,10,0,0,0,0
nuscenes,scene-0103_022,tz,cm,2,2,34752,2958,2,0.197126,130,0.0397821,0.139203,147,147,337,147,0,0,0,0,10,10,12,10,0,0,0,0
nuscenes,scene-0103_022,tz,cm,2,-2,34752,2924,2,0.204183,128,0.0483144,0.139203,147,147,330,147,0,0,0,0,10,10,12,10,0,0,0,0
nuscenes,scene-0103_022,tz,cm,5,5,34752,2978,2,0.191169,136,0.0290726,0.139203,147,147,346,147,0,0,0,0,10,10,12,10,0,0,0,0
nuscenes,scene-0103_022,tz,cm,5,-5,34752,2889,2,0.187979,121,0.0314487,0.139203,147,147,323,147,0,0,0,0,10,10,12,10,0,0,0,0
nuscenes,scene-0103_022,tz,cm,10,10,34752,3086,2,0.181696,135,0.0146421,0.139203,147,147,365,147,0,0,0,0,10,10,12,10,0,0,0,0
nuscenes,scene-0103_022,tz,cm,10,-10,34752,2800,2,0.171701,123,0.011508,0.139203,147,147,314,147,0,0,0,0,10,10,12,10,0,0,0,0
nuscenes,scene-0103_022,tz,cm,20,20,34752,3313,2,0.11615,241,0.00925146,0.139203,147,147,390,148,0,0,0,0,10,10,12,10,0,0,0,0
nuscenes,scene-0103_022,tz,cm,20,-20,34752,2718,2,0.162547,124,-0.000933513,0.139203,147,147,328,147,0,0,0,0,10,10,14,10,0,0,0,0
nuscenes,scene-0103_023,baseline,,0,0,34720,2992,3,0.246341,143,0.0377589,0.134606,0,0,0,0,10,9,13,9,22,22,48,22,0,0,0,0
nuscenes,scene-0103_023,roll,deg,0.25,0.25,34720,3013,3,0.213714,143,0.0151634,0.134606,0,0,0,0,10,9,13,9,22,22,49,22,0,0,0,0
nuscenes,scene-0103_023,roll,deg,0.25,-0.25,34720,2967,3,0.210465,146,0.0228017,0.134606,0,0,0,0,10,9,13,9,22,22,51,22,0,0,0,0
nuscenes,scene-0103_023,roll,deg,0.5,0.5,34720,3026,3,0.194686,145,0.00593887,0.134606,0,0,0,0,10,9,13,9,22,21,35,21,0,0,0,0
nuscenes,scene-0103_023,roll,deg,0.5,-0.5,34720,2935,3,0.182501,144,0.00777347,0.134606,0,0,0,0,10,9,12,9,22,22,54,22,0,0,0,0
nuscenes,scene-0103_023,roll,deg,1,1,34720,3128,3,0.133182,143,-0.00767329,0.134606,0,0,0,0,10,9,28,9,22,20,70,20,0,0,0,0
nuscenes,scene-0103_023,roll,deg,1,-1,34720,2842,3,0.173729,142,0.00625111,0.134606,0,0,0,0,10,3,5,3,22,11,51,11,0,0,0,0
nuscenes,scene-0103_023,roll,deg,1.5,1.5,34720,3176,3,0.111144,145,-0.0179835,0.134606,0,0,0,0,10,10,29,10,22,20,67,20,0,0,0,0
nuscenes,scene-0103_023,roll,deg,1.5,-1.5,34720,2795,3,0.208241,141,0.0332398,0.134606,0,0,0,0,10,3,5,3,22,11,55,11,0,0,0,0
nuscenes,scene-0103_023,roll,deg,2,2,34720,3254,3,0.119295,144,-0.00279341,0.134606,0,0,0,0,10,10,42,10,22,11,90,11,0,0,0,0
nuscenes,scene-0103_023,roll,deg,2,-2,34720,2710,3,0.222616,137,0.0303798,0.134606,0,0,0,0,10,0,2,0,22,1,44,1,0,0,0,0
nuscenes,scene-0103_023,roll,deg,3,3,34720,3361,3,0.115852,145,-0.0136105,0.134606,0,0,0,0,10,7,40,7,22,0,104,0,0,0,0,0
nuscenes,scene-0103_023,roll,deg,3,-3,34720,2596,3,0.280075,138,0.0360075,0.134606,0,0,0,0,10,0,0,0,22,1,63,1,0,0,0,0
nuscenes,scene-0103_023,pitch,deg,0.25,0.25,34720,2995,3,0.229638,143,0.0346877,0.134606,0,0,0,0,10,9,13,9,22,22,48,22,0,0,0,0
nuscenes,scene-0103_023,pitch,deg,0.25,-0.25,34720,2986,3,0.231092,144,0.0235885,0.134606,0,0,0,0,10,9,13,9,22,22,49,22,0,0,0,0
nuscenes,scene-0103_023,pitch,deg,0.5,0.5,34720,2995,3,0.226537,146,0.0375329,0.134606,0,0,0,0,10,9,13,9,22,22,48,22,0,0,0,0
nuscenes,scene-0103_023,pitch,deg,0.5,-0.5,34720,2985,3,0.205346,143,0.00578114,0.134606,0,0,0,0,10,9,13,9,22,22,49,22,0,0,0,0
nuscenes,scene-0103_023,pitch,deg,1,1,34720,2995,3,0.200331,143,0.0271383,0.134606,0,0,0,0,10,9,13,9,22,22,48,22,0,0,0,0
nuscenes,scene-0103_023,pitch,deg,1,-1,34720,2980,3,0.169141,142,-0.00722699,0.134606,0,0,0,0,10,9,13,9,22,22,49,22,0,0,0,0
nuscenes,scene-0103_023,pitch,deg,1.5,1.5,34720,2991,3,0.152302,146,-0.0114985,0.134606,0,0,0,0,10,10,14,10,22,22,53,22,0,0,0,0
nuscenes,scene-0103_023,pitch,deg,1.5,-1.5,34720,2981,3,0.148508,144,-0.0131322,0.134606,0,0,0,0,10,9,13,9,22,22,49,22,0,0,0,0
nuscenes,scene-0103_023,pitch,deg,2,2,34720,2990,3,0.137678,145,-0.0131354,0.134606,0,0,0,0,10,10,14,10,22,21,45,21,0,0,0,0
nuscenes,scene-0103_023,pitch,deg,2,-2,34720,2976,3,0.143769,143,-0.0194957,0.134606,0,0,0,0,10,9,13,9,22,21,48,21,0,0,0,0
nuscenes,scene-0103_023,pitch,deg,3,3,34720,2991,3,0.149778,142,0.00646311,0.134606,0,0,0,0,10,10,14,10,22,21,66,21,0,0,0,0
nuscenes,scene-0103_023,pitch,deg,3,-3,34720,2965,3,0.173512,142,0.014241,0.134606,0,0,0,0,10,9,13,9,22,20,43,20,0,0,0,0
nuscenes,scene-0103_023,yaw,deg,0.25,0.25,34720,2985,3,0.259396,145,0.0555243,0.134606,0,0,0,0,10,10,12,10,22,22,52,22,0,0,0,0
nuscenes,scene-0103_023,yaw,deg,0.25,-0.25,34720,2989,3,0.235795,146,0.0386799,0.134606,0,0,0,0,10,9,14,9,22,20,46,20,0,0,0,0
nuscenes,scene-0103_023,yaw,deg,0.5,0.5,34720,2985,3,0.24892,139,0.049585,0.134606,0,0,0,0,10,10,13,10,22,22,54,22,0,0,0,0
nuscenes,scene-0103_023,yaw,deg,0.5,-0.5,34720,2988,3,0.227847,148,0.02869,0.134606,0,0,0,0,10,7,12,7,22,20,45,20,0,0,0,0
nuscenes,scene-0103_023,yaw,deg,1,1,34720,2988,3,0.226673,139,0.0386031,0.134606,0,0,0,0,10,9,15,9,22,18,51,18,0,0,0,0
nuscenes,scene-0103_023,yaw,deg,1,-1,34720,2988,3,0.213916,150,0.0185845,0.134606,0,0,0,0,10,5,12,5,22,15,38,15,0,0,0,0
nuscenes,scene-0103_023,yaw,deg,1.5,1.5,34720,2982,3,0.20456,139,0.0194862,0.134606,0,0,0,0,10,8,15,8,22,17,54,17,0,0,0,0
nuscenes,scene-0103_023,yaw,deg,1.5,-1.5,34720,2985,3,0.225106,154,0.0195539,0.134606,0,0,0,0,10,5,12,5,22,13,36,13,0,0,0,0
nuscenes,scene-0103_023,yaw,deg,2,2,34720,2987,3,0.209158,136,0.0188181,0.134606,0,0,0,0,10,6,16,6,22,15,55,15,0,0,0,0
nuscenes,scene-0103_023,yaw,deg,2,-2,34720,2986,3,0.207015,152,-0.0103366,0.134606,0,0,0,0,10,4,13,4,22,10,34,10,0,0,0,0
nuscenes,scene-0103_023,yaw,deg,3,3,34720,2979,3,0.203465,125,0.015332,0.134606,0,0,0,0,10,6,24,6,22,12,54,12,0,0,0,0
nuscenes,scene-0103_023,yaw,deg,3,-3,34720,2985,3,0.220972,155,-0.00142342,0.134606,0,0,0,0,10,4,16,4,22,4,32,4,0,0,0,0
nuscenes,scene-0103_023,tx,cm,2,2,34720,2990,3,0.239696,146,0.0341699,0.134606,0,0,0,0,10,9,13,9,22,22,48,22,0,0,0,0
nuscenes,scene-0103_023,tx,cm,2,-2,34720,2987,3,0.245054,142,0.0399328,0.134606,0,0,0,0,10,10,14,10,22,22,49,22,0,0,0,0
nuscenes,scene-0103_023,tx,cm,5,5,34720,2993,3,0.248129,141,0.0420707,0.134606,0,0,0,0,10,9,13,9,22,22,48,22,0,0,0,0
nuscenes,scene-0103_023,tx,cm,5,-5,34720,2986,3,0.251342,142,0.0428705,0.134606,0,0,0,0,10,10,14,10,22,22,50,22,0,0,0,0
nuscenes,scene-0103_023,tx,cm,10,10,34720,2990,3,0.246678,148,0.0406176,0.134606,0,0,0,0,10,9,13,9,22,22,48,22,0,0,0,0
nuscenes,scene-0103_023,tx,cm,10,-10,34720,2985,3,0.26644,137,0.0582132,0.134606,0,0,0,0,10,10,13,10,22,22,51,22,0,0,0,0
nuscenes,scene-0103_023,tx,cm,20,20,34720,2992,3,0.232119,152,0.026521,0.134606,0,0,0,0,10,7,12,7,22,20,46,20,0,0,0,0
nuscenes,scene-0103_023,tx,cm,20,-20,34720,2985,3,0.238035,139,0.0393209,0.134606,0,0,0,0,10,10,13,10,22,22,52,22,0,0,0,0
nuscenes,scene-0103_023,ty,cm,2,2,34720,3000,3,0.247049,145,0.0396291,0.134606,0,0,0,0,10,9,13,9,22,22,49,22,0,0,0,0
nuscenes,scene-0103_023,ty,cm,2,-2,34720,2983,3,0.245291,144,0.0371329,0.134606,0,0,0,0,10,9,13,9,22,22,48,22,0,0,0,0
nuscenes,scene-0103_023,ty,cm,5,5,34720,3015,3,0.244687,145,0.0369515,0.134606,0,0,0,0,10,9,13,9,22,22,49,22,0,0,0,0
nuscenes,scene-0103_023,ty,cm,5,-5,34720,2962,3,0.24728,144,0.0412621,0.134606,0,0,0,0,10,9,13,9,22,22,48,22,0,0,0,0
nuscenes,scene-0103_023,ty,cm,10,10,34720,3037,3,0.246724,142,0.0414747,0.134606,0,0,0,0,10,10,14,10,22,22,49,22,0,0,0,0
nuscenes,scene-0103_023,ty,cm,10,-10,34720,2939,3,0.246383,141,0.0437959,0.134606,0,0,0,0,10,9,13,9,22,22,48,22,0,0,0,0
nuscenes,scene-0103_023,ty,cm,20,20,34720,3195,3,0.177851,255,0.0256533,0.134606,0,0,0,0,10,10,14,10,22,22,49,22,0,0,0,0
nuscenes,scene-0103_023,ty,cm,20,-20,34720,2879,3,0.23871,137,0.0328249,0.134606,0,0,0,0,10,9,13,9,22,22,49,22,0,0,0,0
nuscenes,scene-0103_023,tz,cm,2,2,34720,3008,3,0.239425,145,0.0331348,0.134606,0,0,0,0,10,9,13,9,22,22,48,22,0,0,0,0
nuscenes,scene-0103_023,tz,cm,2,-2,34720,2973,3,0.24703,137,0.041892,0.134606,0,0,0,0,10,9,13,9,22,22,48,22,0,0,0,0
nuscenes,scene-0103_023,tz,cm,5,5,34720,3029,3,0.225415,152,0.0215334,0.134606,0,0,0,0,10,9,13,9,22,22,48,22,0,0,0,0
nuscenes,scene-0103_023,tz,cm,5,-5,34720,2939,3,0.205833,129,0.0143989,0.134606,0,0,0,0,10,9,13,9,22,22,48,22,0,0,0,0
nuscenes,scene-0103_023,tz,cm,10,10,34720,3134,3,0.2225,157,0.0262927,0.134606,0,0,0,0,10,9,13,9,22,22,49,22,0,0,0,0
nuscenes,scene-0103_023,tz,cm,10,-10,34720,2852,3,0.159202,126,-0.00961612,0.134606,0,0,0,0,10,9,13,9,22,22,48,22,0,0,0,0
nuscenes,scene-0103_023,tz,cm,20,20,34720,3353,3,0.12821,259,0.0200668,0.134606,0,0,0,0,10,9,13,9,22,22,50,22,0,0,0,0
nuscenes,scene-0103_023,tz,cm,20,-20,34720,2767,3,0.164918,127,-0.000988647,0.134606,0,0,0,0,10,9,12,9,22,22,50,22,0,0,0,0
nuscenes,scene-0103_024,baseline,,0,0,34688,2952,3,0.166013,137,0.0221786,0.142604,0,0,0,0,16,16,80,16,30,30,63,30,0,0,0,0
nuscenes,scene-0103_024,roll,deg,0.25,0.25,34688,2972,3,0.179066,139,0.0390276,0.142604,0,0,0,0,16,16,80,16,30,28,78,28,0,0,0,0
nuscenes,scene-0103_024,roll,deg,0.25,-0.25,34688,2926,3,0.146676,136,-0.00444792,0.142604,0,0,0,0,16,16,66,16,30,30,64,30,0,0,0,0
nuscenes,scene-0103_024,roll,deg,0.5,0.5,34688,2989,3,0.165922,138,0.0275808,0.142604,0,0,0,0,16,16,80,16,30,28,81,28,0,0,0,0
nuscenes,scene-0103_024,roll,deg,0.5,-0.5,34688,2897,3,0.146129,135,-0.00308415,0.142604,0,0,0,0,16,16,63,16,30,30,70,30,0,0,0,0
nuscenes,scene-0103_024,roll,deg,1,1,34688,3092,3,0.136986,141,0.00621846,0.142604,0,0,0,0,16,16,74,16,30,27,80,27,0,0,0,0
nuscenes,scene-0103_024,roll,deg,1,-1,34688,2803,3,0.141668,136,-0.0209304,0.142604,0,0,0,0,16,16,79,16,30,20,65,20,0,0,0,0
nuscenes,scene-0103_024,roll,deg,1.5,1.5,34688,3139,3,0.147931,139,0.0228931,0.142604,0,0,0,0,16,16,84,16,30,25,102,25,0,0,0,0
nuscenes,scene-0103_024,roll,deg,1.5,-1.5,34688,2758,3,0.155064,135,-0.0108555,0.142604,0,0,0,0,16,14,77,14,30,12,62,12,0,0,0,0
nuscenes,scene-0103_024,roll,deg,2,2,34688,3220,3,0.128704,144,0.00374992,0.142604,0,0,0,0,16,16,84,16,30,18,101,18,0,0,0,0
nuscenes,scene-0103_024,roll,deg,2,-2,34688,2676,3,0.162884,135,-0.00712222,0.142604,0,0,0,0,16,5,66,5,30,12,69,12,0,0,0,0
nuscenes,scene-0103_024,roll,deg,3,3,34688,3326,3,0.132863,141,-0.00258318,0.142604,0,0,0,0,16,16,102,16,30,0,117,0,0,0,0,0
nuscenes,scene-0103_024,roll,deg,3,-3,34688,2558,3,0.147807,135,-0.0319855,0.142604,0,0,0,0,16,5,86,5,30,2,71,2,0,0,0,0
nuscenes,scene-0103_024,pitch,deg,0.25,0.25,34688,2954,3,0.172526,140,0.0219609,0.142604,0,0,0,0,16,16,80,16,30,30,65,30,0,0,0,0
nuscenes,scene-0103_024,pitch,deg,0.25,-0.25,34688,2950,3,0.159668,138,0.0208545,0.142604,0,0,0,0,16,16,76,16,30,30,63,30,0,0,0,0
nuscenes,scene-0103_024,pitch,deg,0.5,0.5,34688,2958,3,0.164064,138,0.0105668,0.142604,0,0,0,0,16,16,80,16,30,30,70,30,0,0,0,0
nuscenes,scene-0103_024,pitch,deg,0.5,-0.5,34688,2950,3,0.161269,136,0.015266,0.142604,0,0,0,0,16,16,70,16,30,30,63,30,0,0,0,0
nuscenes,scene-0103_024,pitch,deg,1,1,34688,2961,3,0.164093,139,0.015257,0.142604,0,0,0,0,16,16,80,16,30,28,81,28,0,0,0,0
nuscenes,scene-0103_024,pitch,deg,1,-1,34688,2946,3,0.148479,137,0.00832149,0.142604,0,0,0,0,16,16,63,16,30,30,63,30,0,0,0,0
nuscenes,scene-0103_024,pitch,deg,1.5,1.5,34688,2958,3,0.161634,137,0.00795445,0.142604,0,0,0,0,16,16,77,16,30,28,76,28,0,0,0,0
nuscenes,scene-0103_024,pitch,deg,1.5,-1.5,34688,2946,3,0.162534,140,0.0263477,0.142604,0,0,0,0,16,16,64,16,30,30,63,30,0,0,0,0
nuscenes,scene-0103_024,pitch,deg,2,2,34688,2957,3,0.163547,139,0.0055607,0.142604,0,0,0,0,16,16,69,16,30,28,76,28,0,0,0,0
nuscenes,scene-0103_024,pitch,deg,2,-2,34688,2943,3,0.171386,137,0.0292244,0.142604,0,0,0,0,16,16,76,16,30,30,66,30,0,0,0,0
nuscenes,scene-0103_024,pitch,deg,3,3,34688,2954,3,0.147585,141,-0.00383972,0.142604,0,0,0,0,16,16,85,16,30,28,75,28,0,0,0,0
nuscenes,scene-0103_024,pitch,deg,3,-3,34688,2919,3,0.196912,137,0.0441297,0.142604,0,0,0,0,16,16,79,16,30,30,74,30,0,0,0,0
nuscenes,scene-0103_024,yaw,deg,0.25,0.25,34688,2949,3,0.180223,141,0.0334452,0.142604,0,0,0,0,16,16,80,16,30,30,63,30,0,0,0,0
nuscenes,scene-0103_024,yaw,deg,0.25,-0.25,34688,2956,3,0.149658,142,0.0106486,0.142604,0,0,0,0,16,16,81,16,30,30,60,30,0,0,0,0
nuscenes,scene-0103_024,yaw,deg,0.5,0.5,34688,2950,3,0.17283,140,0.0280423,0.142604,0,0,0,0,16,16,79,16,30,29,63,29,0,0,0,0
nuscenes,scene-0103_024,yaw,deg,0.5,-0.5,34688,2954,3,0.135303,139,-0.0118168,0.142604,0,0,0,0,16,16,82,16,30,28,57,28,0,0,0,0
nuscenes,scene-0103_024,yaw,deg,1,1,34688,2952,3,0.153286,136,0.0210486,0.142604,0,0,0,0,16,16,78,16,30,28,63,28,0,0,0,0
nuscenes,scene-0103_024,yaw,deg,1,-1,34688,2956,3,0.135304,147,0.00456832,0.142604,0,0,0,0,16,16,85,16,30,24,54,24,0,0,0,0
nuscenes,scene-0103_024,yaw,deg,1.5,1.5,34688,2955,3,0.165677,133,0.0266779,0.142604,0,0,0,0,16,16,76,16,30,23,59,23,0,0,0,0
nuscenes,scene-0103_024,yaw,deg,1.5,-1.5,34688,2954,3,0.150043,148,0.00844891,0.142604,0,0,0,0,16,16,88,16,30,20,50,20,0,0,0,0
nuscenes,scene-0103_024,yaw,deg,2,2,34688,2958,3,0.152415,131,0.0125686,0.142604,0,0,0,0,16,16,74,16,30,21,58,21,0,0,0,0
nuscenes,scene-0103_024,yaw,deg,2,-2,34688,2956,3,0.150258,148,0.00501454,0.142604,0,0,0,0,16,16,90,16,30,17,46,17,0,0,0,0
nuscenes,scene-0103_024,yaw,deg,3,3,34688,2956,3,0.140587,125,-0.0224519,0.142604,0,0,0,0,16,13,72,13,30,16,56,16,0,0,0,0
nuscenes,scene-0103_024,yaw,deg,3,-3,34688,2954,3,0.153512,151,-0.00644687,0.142604,0,0,0,0,16,15,95,15,30,11,37,11,0,0,0,0
nuscenes,scene-0103_024,tx,cm,2,2,34688,2950,3,0.162381,142,0.0150027,0.142604,0,0,0,0,16,16,81,16,30,30,63,30,0,0,0,0
nuscenes,scene-0103_024,tx,cm,2,-2,34688,2951,3,0.172258,138,0.0290422,0.142604,0,0,0,0,16,16,80,16,30,30,63,30,0,0,0,0
nuscenes,scene-0103_024,tx,cm,5,5,34688,2959,3,0.160853,142,0.0123836,0.142604,0,0,0,0,16,16,81,16,30,30,61,30,0,0,0,0
nuscenes,scene-0103_024,tx,cm,5,-5,34688,2949,3,0.183155,136,0.0336094,0.142604,0,0,0,0,16,16,79,16,30,30,63,30,0,0,0,0
nuscenes,scene-0103_024,tx,cm,10,10,34688,2956,3,0.155281,141,0.00922213,0.142604,0,0,0,0,16,16,81,16,30,30,60,30,0,0,0,0
nuscenes,scene-0103_024,tx,cm,10,-10,34688,2947,3,0.190176,140,0.0396606,0.142604,0,0,0,0,16,16,79,16,30,30,62,30,0,0,0,0
nuscenes,scene-0103_024,tx,cm,20,20,34688,2959,3,0.145562,147,-0.00162759,0.142604,0,0,0,0,16,16,82,16,30,29,59,29,0,0,0,0
nuscenes,scene-0103_024,tx,cm,20,-20,34688,2947,3,0.179408,135,0.0351258,0.142604,0,0,0,0,16,16,80,16,30,30,64,30,0,0,0,0
nuscenes,scene-0103_024,ty,cm,2,2,34688,2961,3,0.17348,139,0.029301,0.142604,0,0,0,0,16,16,80,16,30,30,63,30,0,0,0,0
nuscenes,scene-0103_024,ty,cm,2,-2,34688,2944,3,0.170177,138,0.0252473,0.142604,0,0,0,0,16,16,79,16,30,30,63,30,0,0,0,0
nuscenes,scene-0103_024,ty,cm,5,5,34688,2975,3,0.170804,140,0.0256952,0.142604,0,0,0,0,16,16,81,16,30,30,63,30,0,0,0,0
nuscenes,scene-0103_024,ty,cm,5,-5,34688,2926,3,0.165716,134,0.0186305,0.142604,0,0,0,0,16,16,79,16,30,30,63,30,0,0,0,0
nuscenes,scene-0103_024,ty,cm,10,10,34688,3001,3,0.172673,144,0.0280042,0.142604,0,0,0,0,16,16,81,16,30,30,63,30,0,0,0,0
nuscenes,scene-0103_024,ty,cm,10,-10,34688,2901,3,0.153998,132,0.00870055,0.142604,0,0,0,0,16,16,77,16,30,30,63,30,0,0,0,0
nuscenes,scene-0103_024,ty,cm,20,20,34688,3163,3,0.137452,234,0.00503483,0.142604,0,0,0,0,16,16,82,16,30,30,63,30,0,0,0,0
nuscenes,scene-0103_024,ty,cm,20,-20,34688,2843,3,0.156997,133,0.0095672,0.142604,0,0,0,0,16,16,76,16,30,30,63,30,0,0,0,0
nuscenes,scene-0103_024,tz,cm,2,2,34688,2969,3,0.176762,140,0.0338231,0.142604,0,0,0,0,16,16,80,16,30,30,65,30,0,0,0,0
nuscenes,scene-0103_024,tz,cm,2,-2,34688,2932,3,0.163075,132,0.0211106,0.142604,0,0,0,0,16,16,77,16,30,30,63,30,0,0,0,0
nuscenes,scene-0103_024,tz,cm,5,5,34688,2988,3,0.192216,148,0.0351625,0.142604,0,0,0,0,16,16,80,16,30,30,70,30,0,0,0,0
nuscenes,scene-0103_024,tz,cm,5,-5,34688,2898,3,0.167742,128,0.0173272,0.142604,0,0,0,0,16,16,73,16,30,30,63,30,0,0,0,0
nuscenes,scene-0103_024,tz,cm,10,10,34688,3093,3,0.191628,148,0.0386842,0.142604,0,0,0,0,16,16,89,16,30,30,81,30,0,0,0,0
nuscenes,scene-0103_024,tz,cm,10,-10,34688,2811,3,0.165824,132,0.0119524,0.142604,0,0,0,0,16,16,63,16,30,30,63,30,0,0,0,0
nuscenes,scene-0103_024,tz,cm,20,20,34688,3313,3,0.140125,247,0.0375237,0.142604,0,0,0,0,16,16,89,16,30,28,80,28,0,0,0,0
nuscenes,scene-0103_024,tz,cm,20,-20,34688,2728,3,0.142534,143,-0.0160009,0.142604,0,0,0,0,16,16,56,16,30,30,64,30,0,0,0,0
nuscenes,scene-0103_025,baseline,,0,0,34688,2941,4,0.136828,144,0.00263818,0.142976,0,0,0,0,52,52,191,52,10,10,25,10,0,0,0,0
nuscenes,scene-0103_025,roll,deg,0.25,0.25,34688,2963,4,0.137993,139,0.00294702,0.142976,0,0,0,0,52,51,177,51,10,10,25,10,0,0,0,0
nuscenes,scene-0103_025,roll,deg,0.25,-0.25,34688,2916,4,0.132528,139,-0.0116506,0.142976,0,0,0,0,52,52,202,52,10,10,25,10,0,0,0,0
nuscenes,scene-0103_025,roll,deg,0.5,0.5,34688,2979,4,0.144843,138,0.0126274,0.142976,0,0,0,0,52,51,201,51,10,10,25,10,0,0,0,0
nuscenes,scene-0103_025,roll,deg,0.5,-0.5,34688,2884,4,0.137536,138,-0.0130807,0.142976,0,0,0,0,52,52,182,52,10,10,26,10,0,0,0,0
nuscenes,scene-0103_025,roll,deg,1,1,34688,3083,4,0.133424,139,0.00906757,0.142976,0,0,0,0,52,47,215,47,10,6,19,6,0,0,0,0
nuscenes,scene-0103_025,roll,deg,1,-1,34688,2793,4,0.149874,139,0.00437883,0.142976,0,0,0,0,52,45,180,45,10,8,19,8,0,0,0,0
nuscenes,scene-0103_025,roll,deg,1.5,1.5,34688,3130,4,0.109064,136,-0.00663745,0.142976,0,0,0,0,52,41,215,41,10,6,18,6,0,0,0,0
nuscenes,scene-0103_025,roll,deg,1.5,-1.5,34688,2749,4,0.168178,140,0.0123127,0.142976,0,0,0,0,52,34,186,34,10,8,19,8,0,0,0,0
nuscenes,scene-0103_025,roll,deg,2,2,34688,3206,4,0.112507,139,0.00379904,0.142976,0,0,0,0,52,41,252,41,10,6,32,6,0,0,0,0
nuscenes,scene-0103_025,roll,deg,2,-2,34688,2670,4,0.178086,141,0.00880347,0.142976,0,0,0,0,52,29,182,29,10,4,15,4,0,0,0,0
nuscenes,scene-0103_025,roll,deg,3,3,34688,3315,4,0.112499,137,0.00767939,0.142976,0,0,0,0,52,25,270,25,10,2,38,2,0,0,0,0
nuscenes,scene-0103_025,roll,deg,3,-3,34688,2557,4,0.183555,138,0.0156206,0.142976,0,0,0,0,52,10,204,10,10,4,12,4,0,0,0,0
nuscenes,scene-0103_025,pitch,deg,0.25,0.25,34688,2943,4,0.133046,140,-0.00334524,0.142976,0,0,0,0,52,51,186,51,10,10,26,10,0,0,0,0
nuscenes,scene-0103_025,pitch,deg,0.25,-0.25,34688,2941,4,0.138433,140,0.00214146,0.142976,0,0,0,0,52,52,191,52,10,10,25,10,0,0,0,0
nuscenes,scene-0103_025,pitch,deg,0.5,0.5,34688,2946,4,0.143482,140,0.00177619,0.142976,0,0,0,0,52,51,184,51,10,10,26,10,0,0,0,0
nuscenes,scene-0103_025,pitch,deg,0.5,-0.5,34688,2940,4,0.136859,139,-0.000312701,0.142976,0,0,0,0,52,52,193,52,10,10,25,10,0,0,0,0
nuscenes,scene-0103_025,pitch,deg,1,1,34688,2948,4,0.13892,140,-0.0140152,0.142976,0,0,0,0,52,51,192,51,10,10,26,10,0,0,0,0
nuscenes,scene-0103_025,pitch,deg,1,-1,34688,2938,4,0.148386,139,0.0117728,0.142976,0,0,0,0,52,52,189,52,10,10,25,10,0,0,0,0
nuscenes,scene-0103_025,pitch,deg,1.5,1.5,34688,2944,4,0.154504,141,-0.0026163,0.142976,0,0,0,0,52,51,197,51,10,10,26,10,0,0,0,0
nuscenes,scene-0103_025,pitch,deg,1.5,-1.5,34688,2931,4,0.151244,140,0.0207747,0.142976,0,0,0,0,52,47,177,47,10,10,25,10,0,0,0,0
nuscenes,scene-0103_025,pitch,deg,2,2,34688,2944,4,0.16263,139,0.00798675,0.142976,0,0,0,0,52,51,189,51,10,10,26,10,0,0,0,0
nuscenes,scene-0103_025,pitch,deg,2,-2,34688,2927,4,0.136522,140,0.0199834,0.142976,0,0,0,0,52,45,196,45,10,10,25,10,0,0,0,0
nuscenes,scene-0103_025,pitch,deg,3,3,34688,2951,4,0.135058,142,-0.00164524,0.142976,0,0,0,0,52,51,216,51,10,10,26,10,0,0,0,0
nuscenes,scene-0103_025,pitch,deg,3,-3,34688,2909,4,0.130759,140,0.0110836,0.142976,0,0,0,0,52,45,182,45,10,10,25,10,0,0,0,0
nuscenes,scene-0103_025,yaw,deg,0.25,0.25,34688,2948,4,0.130559,140,-0.0102533,0.142976,0,0,0,0,52,52,191,52,10,10,24,10,0,0,0,0
nuscenes,scene-0103_025,yaw,deg,0.25,-0.25,34688,2941,4,0.13607,140,0.000831053,0.142976,0,0,0,0,52,51,187,51,10,10,26,10,0,0,0,0
nuscenes,scene-0103_025,yaw,deg,0.5,0.5,34688,2956,4,0.129197,141,-0.0118013,0.142976,0,0,0,0,52,52,190,52,10,10,22,10,0,0,0,0
nuscenes,scene-0103_025,yaw,deg,0.5,-0.5,34688,2944,4,0.119937,139,-0.00233901,0.142976,0,0,0,0,52,51,188,51,10,8,24,8,0,0,0,0
nuscenes,scene-0103_025,yaw,deg,1,1,34688,2954,4,0.110055,139,-0.0268403,0.142976,0,0,0,0,52,50,189,50,10,10,18,10,0,0,0,0
nuscenes,scene-0103_025,yaw,deg,1,-1,34688,2931,4,0.1127,132,-0.0172412,0.142976,0,0,0,0,52,45,182,45,10,8,28,8,0,0,0,0
nuscenes,scene-0103_025,yaw,deg,1.5,1.5,34688,2953,4,0.106115,137,-0.0257578,0.142976,0,0,0,0,52,46,183,46,10,10,14,10,0,0,0,0
nuscenes,scene-0103_025,yaw,deg,1.5,-1.5,34688,2933,4,0.117537,136,-0.013978,0.142976,0,0,0,0,52,41,176,41,10,3,26,3,0,0,0,0
nuscenes,scene-0103_025,yaw,deg,2,2,34688,2945,4,0.120869,137,-0.011364,0.142976,0,0,0,0,52,41,181,41,10,10,13,10,0,0,0,0
nuscenes,scene-0103_025,yaw,deg,2,-2,34688,2933,4,0.1419,139,-0.0049262,0.142976,0,0,0,0,52,36,173,36,10,2,26,2,0,0,0,0
nuscenes,scene-0103_025,yaw,deg,3,3,34688,2945,4,0.130981,134,0.000892699,0.142976,0,0,0,0,52,32,179,32,10,8,13,8,0,0,0,0
nuscenes,scene-0103_025,yaw,deg,3,-3,34688,2940,4,0.130027,143,-0.0123044,0.142976,0,0,0,0,52,29,168,29,10,0,31,0,0,0,0,0
nuscenes,scene-0103_025,tx,cm,2,2,34688,2943,4,0.141114,142,0.00499125,0.142976,0,0,0,0,52,52,190,52,10,10,26,10,0,0,0,0
nuscenes,scene-0103_025,tx,cm,2,-2,34688,2941,4,0.133421,139,-0.00400925,0.142976,0,0,0,0,52,52,191,52,10,10,25,10,0,0,0,0
nuscenes,scene-0103_025,tx,cm,5,5,34688,2940,4,0.140464,143,0.00610358,0.142976,0,0,0,0,52,52,190,52,10,10,26,10,0,0,0,0
nuscenes,scene-0103_025,tx,cm,5,-5,34688,2942,4,0.128585,139,-0.00654936,0.142976,0,0,0,0,52,52,188,52,10,10,25,10,0,0,0,0
nuscenes,scene-0103_025,tx,cm,10,10,34688,2939,4,0.13189,145,0.00238976,0.142976,0,0,0,0,52,52,190,52,10,10,25,10,0,0,0,0
nuscenes,scene-0103_025,tx,cm,10,-10,34688,2947,4,0.122904,141,-0.0135986,0.142976,0,0,0,0,52,52,191,52,10,10,25,10,0,0,0,0
nuscenes,scene-0103_025,tx,cm,20,20,34688,2939,4,0.123774,143,-0.00308848,0.142976,0,0,0,0,52,51,191,51,10,10,25,10,0,0,0,0
nuscenes,scene-0103_025,tx,cm,20,-20,34688,2958,4,0.12713,130,-0.00629871,0.142976,0,0,0,0,52,52,189,52,10,10,23,10,0,0,0,0
nuscenes,scene-0103_025,ty,cm,2,2,34688,2952,4,0.134315,139,-0.00273952,0.142976,0,0,0,0,52,52,191,52,10,10,26,10,0,0,0,0
nuscenes,scene-0103_025,ty,cm,2,-2,34688,2931,4,0.141163,139,0.00585045,0.142976,0,0,0,0,52,52,191,52,10,10,25,10,0,0,0,0
nuscenes,scene-0103_025,ty,cm,5,5,34688,2965,4,0.134294,138,-0.00469454,0.142976,0,0,0,0,52,52,190,52,10,10,26,10,0,0,0,0
nuscenes,scene-0103_025,ty,cm,5,-5,34688,2919,4,0.136503,139,0.001532,0.142976,0,0,0,0,52,52,190,52,10,10,25,10,0,0,0,0
nuscenes,scene-0103_025,ty,cm,10,10,34688,2989,4,0.13909,142,0.0019417,0.142976,0,0,0,0,52,52,191,52,10,10,26,10,0,0,0,0
nuscenes,scene-0103_025,ty,cm,10,-10,34688,2896,4,0.127607,141,-0.00248805,0.142976,0,0,0,0,52,52,187,52,10,10,25,10,0,0,0,0
nuscenes,scene-0103_025,ty,cm,20,20,34688,3165,4,0.0977813,268,-0.0141097,0.142976,0,0,0,0,52,52,196,52,10,10,26,10,0,0,0,0
nuscenes,scene-0103_025,ty,cm,20,-20,34688,2845,4,0.123919,139,-0.00284157,0.142976,0,0,0,0,52,52,188,52,10,10,25,10,0,0,0,0
nuscenes,scene-0103_025,tz,cm,2,2,34688,2958,4,0.140157,142,0.00864264,0.142976,0,0,0,0,52,51,189,51,10,10,25,10,0,0,0,0
nuscenes,scene-0103_025,tz,cm,2,-2,34688,2923,4,0.131949,141,-0.00616319,0.142976,0,0,0,0,52,52,191,52,10,10,25,10,0,0,0,0
nuscenes,scene-0103_025,tz,cm,5,5,34688,2977,4,0.139293,138,0.00823441,0.142976,0,0,0,0,52,51,187,51,10,10,25,10,0,0,0,0
nuscenes,scene-0103_025,tz,cm,5,-5,34688,2889,4,0.135442,141,-0.00407916,0.142976,0,0,0,0,52,52,194,52,10,10,25,10,0,0,0,0
nuscenes,scene-0103_025,tz,cm,10,10,34688,3083,4,0.138362,131,0.00339982,0.142976,0,0,0,0,52,51,192,51,10,10,25,10,0,0,0,0
nuscenes,scene-0103_025,tz,cm,10,-10,34688,2803,4,0.143832,133,0.000611261,0.142976,0,0,0,0,52,52,197,52,10,10,25,10,0,0,0,0
nuscenes,scene-0103_025,tz,cm,20,20,34688,3305,4,0.0903198,236,0.00638013,0.142976,0,0,0,0,52,51,215,51,10,10,25,10,0,0,0,0
nuscenes,scene-0103_025,tz,cm,20,-20,34688,2717,4,0.133335,138,-0.013021,0.142976,0,0,0,0,52,52,181,52,10,10,25,10,0,0,0,0
nuscenes,scene-0103_026,baseline,,0,0,34688,2882,4,0.147687,128,0.0275904,0.150486,0,0,0,0,59,59,210,59,15,15,31,15,0,0,0,0
nuscenes,scene-0103_026,roll,deg,0.25,0.25,34688,2904,4,0.132352,133,0.0133682,0.150486,0,0,0,0,59,59,223,59,15,15,31,15,0,0,0,0
nuscenes,scene-0103_026,roll,deg,0.25,-0.25,34688,2856,4,0.146747,128,0.0282074,0.150486,0,0,0,0,59,59,197,59,15,15,31,15,0,0,0,0
nuscenes,scene-0103_026,roll,deg,0.5,0.5,34688,2922,4,0.141917,127,0.0211105,0.150486,0,0,0,0,59,59,219,59,15,15,31,15,0,0,0,0
nuscenes,scene-0103_026,roll,deg,0.5,-0.5,34688,2824,4,0.13742,129,0.00984518,0.150486,0,0,0,0,59,59,207,59,15,15,31,15,0,0,0,0
nuscenes,scene-0103_026,roll,deg,1,1,34688,3023,4,0.115216,131,-0.000144564,0.150486,0,0,0,0,59,57,237,57,15,13,25,13,0,0,0,0
nuscenes,scene-0103_026,roll,deg,1,-1,34688,2736,4,0.142216,125,0.00705677,0.150486,0,0,0,0,59,58,193,58,15,15,31,15,0,0,0,0
nuscenes,scene-0103_026,roll,deg,1.5,1.5,34688,3071,4,0.0924104,132,-0.0108916,0.150486,0,0,0,0,59,55,264,55,15,13,40,13,0,0,0,0
nuscenes,scene-0103_026,roll,deg,1.5,-1.5,34688,2694,4,0.134587,127,-0.000203535,0.150486,0,0,0,0,59,46,175,46,15,9,19,9,0,0,0,0
nuscenes,scene-0103_026,roll,deg,2,2,34688,3139,4,0.0908296,134,-0.0210407,0.150486,0,0,0,0,59,53,268,53,15,6,27,6,0,0,0,0
nuscenes,scene-0103_026,roll,deg,2,-2,34688,2608,4,0.138301,125,-0.014608,0.150486,0,0,0,0,59,38,188,38,15,9,20,9,0,0,0,0
nuscenes,scene-0103_026,roll,deg,3,3,34688,3253,4,0.0847662,133,-0.0155071,0.150486,0,0,0,0,59,33,312,33,15,6,42,6,0,0,0,0
nuscenes,scene-0103_026,roll,deg,3,-3,34688,2500,4,0.128929,126,-0.0204379,0.150486,0,0,0,0,59,9,173,9,15,2,10,2,0,0,0,0
nuscenes,scene-0103_026,pitch,deg,0.25,0.25,34688,2886,4,0.133693,128,0.0192754,0.150486,0,0,0,0,59,59,221,59,15,15,31,15,0,0,0,0
nuscenes,scene-0103_026,pitch,deg,0.25,-0.25,34688,2881,4,0.158935,128,0.0383848,0.150486,0,0,0,0,59,59,202,59,15,15,31,15,0,0,0,0
nuscenes,scene-0103_026,pitch,deg,0.5,0.5,34688,2889,4,0.13707,130,0.0176027,0.150486,0,0,0,0,59,59,221,59,15,15,31,15,0,0,0,0
nuscenes,scene-0103_026,pitch,deg,0.5,-0.5,34688,2880,4,0.160776,128,0.0388932,0.150486,0,0,0,0,59,59,207,59,15,15,31,15,0,0,0,0
nuscenes,scene-0103_026,pitch,deg,1,1,34688,2894,4,0.133926,130,0.0156116,0.150486,0,0,0,0,59,59,222,59,15,15,31,15,0,0,0,0
nuscenes,scene-0103_026,pitch,deg,1,-1,34688,2882,4,0.154589,130,0.0332677,0.150486,0,0,0,0,59,59,205,59,15,15,32,15,0,0,0,0
nuscenes,scene-0103_026,pitch,deg,1.5,1.5,34688,2892,4,0.138824,133,0.0126712,0.150486,0,0,0,0,59,58,220,58,15,15,31,15,0,0,0,0
nuscenes,scene-0103_026,pitch,deg,1.5,-1.5,34688,2882,4,0.139615,131,0.0216905,0.150486,0,0,0,0,59,59,201,59,15,15,32,15,0,0,0,0
nuscenes,scene-0103_026,pitch,deg,2,2,34688,2887,4,0.167076,134,0.0284641,0.150486,0,0,0,0,59,58,231,58,15,15,30,15,0,0,0,0
nuscenes,scene-0103_026,pitch,deg,2,-2,34688,2872,4,0.112495,132,0.00110599,0.150486,0,0,0,0,59,59,191,59,15,15,32,15,0,0,0,0
nuscenes,scene-0103_026,pitch,deg,3,3,34688,2886,4,0.162645,132,0.0148948,0.150486,0,0,0,0,59,57,229,57,15,15,30,15,0,0,0,0
nuscenes,scene-0103_026,pitch,deg,3,-3,34688,2851,4,0.103469,135,0.0016673,0.150486,0,0,0,0,59,58,198,58,15,15,32,15,0,0,0,0
nuscenes,scene-0103_026,yaw,deg,0.25,0.25,34688,2886,4,0.153122,131,0.0366232,0.150486,0,0,0,0,59,58,214,58,15,15,30,15,0,0,0,0
nuscenes,scene-0103_026,yaw,deg,0.25,-0.25,34688,2881,4,0.162562,128,0.0432428,0.150486,0,0,0,0,59,59,207,59,15,15,32,15,0,0,0,0
nuscenes,scene-0103_026,yaw,deg,0.5,0.5,34688,2888,4,0.1584,132,0.0337751,0.150486,0,0,0,0,59,57,217,57,15,15,30,15,0,0,0,0
nuscenes,scene-0103_026,yaw,deg,0.5,-0.5,34688,2884,4,0.153451,129,0.0330808,0.150486,0,0,0,0,59,58,207,59,15,15,31,15,0,0,0,0
nuscenes,scene-0103_026,yaw,deg,1,1,34688,2887,4,0.121154,129,0.0102623,0.150486,0,0,0,0,59,54,218,54,15,15,27,15,0,0,0,0
nuscenes,scene-0103_026,yaw,deg,1,-1,34688,2884,4,0.14728,131,0.0222652,0.150486,0,0,0,0,59,56,204,59,15,14,32,14,0,0,0,0
nuscenes,scene-0103_026,yaw,deg,1.5,1.5,34688,2888,4,0.122321,128,-0.0028075,0.150486,0,0,0,0,59,49,217,49,15,15,23,15,0,0,0,0
nuscenes,scene-0103_026,yaw,deg,1.5,-1.5,34688,2892,4,0.143849,132,0.0188362,0.150486,0,0,0,0,59,52,201,56,15,10,29,10,0,0,0,0
nuscenes,scene-0103_026,yaw,deg,2,2,34688,2886,4,0.111964,125,-0.017774,0.150486,0,0,0,0,59,45,221,45,15,14,23,14,0,0,0,0
nuscenes,scene-0103_026,yaw,deg,2,-2,34688,2892,4,0.151593,134,0.0202065,0.150486,0,0,0,0,59,50,198,55,15,8,29,8,0,0,0,0
nuscenes,scene-0103_026,yaw,deg,3,3,34688,2882,4,0.127528,121,-0.0270039,0.150486,0,0,0,0,59,37,222,37,15,9,18,9,0,0,0,0
nuscenes,scene-0103_026,yaw,deg,3,-3,34688,2887,4,0.146928,132,-0.00572176,0.150486,0,0,0,0,59,43,197,48,15,2,30,2,0,0,0,0
nuscenes,scene-0103_026,tx,cm,2,2,34688,2880,4,0.144435,132,0.0272508,0.150486,0,0,0,0,59,59,211,59,15,15,31,15,0,0,0,0
nuscenes,scene-0103_026,tx,cm,2,-2,34688,2883,4,0.144533,135,0.0270642,0.150486,0,0,0,0,59,58,208,58,15,15,30,15,0,0,0,0
nuscenes,scene-0103_026,tx,cm,5,5,34688,2879,4,0.15142,135,0.0295694,0.150486,0,0,0,0,59,59,211,59,15,15,30,15,0,0,0,0
nuscenes,scene-0103_026,tx,cm,5,-5,34688,2884,4,0.148016,135,0.0335169,0.150486,0,0,0,0,59,58,211,58,15,15,29,15,0,0,0,0
nuscenes,scene-0103_026,tx,cm,10,10,34688,2883,4,0.156678,137,0.0405211,0.150486,0,0,0,0,59,59,210,60,15,15,30,15,0,0,0,0
nuscenes,scene-0103_026,tx,cm,10,-10,34688,2888,4,0.143782,139,0.0333698,0.150486,0,0,0,0,59,58,214,58,15,15,30,15,0,0,0,0
nuscenes,scene-0103_026,tx,cm,20,20,34688,2877,4,0.144641,138,0.0240347,0.150486,0,0,0,0,59,59,204,60,15,15,33,15,0,0,0,0
nuscenes,scene-0103_026,tx,cm,20,-20,34688,2893,4,0.151596,136,0.0332067,0.150486,0,0,0,0,59,57,218,57,15,15,30,15,0,0,0,0
nuscenes,scene-0103_026,ty,cm,2,2,34688,2894,4,0.146863,130,0.029299,0.150486,0,0,0,0,59,59,211,59,15,15,31,15,0,0,0,0
nuscenes,scene-0103_026,ty,cm,2,-2,34688,2872,4,0.14549,131,0.0260784,0.150486,0,0,0,0,59,59,210,59,15,15,31,15,0,0,0,0
nuscenes,scene-0103_026,ty,cm,5,5,34688,2908,4,0.144235,133,0.029775,0.150486,0,0,0,0,59,59,213,59,15,15,31,15,0,0,0,0
nuscenes,scene-0103_026,ty,cm,5,-5,34688,2859,4,0.137544,134,0.020519,0.150486,0,0,0,0,59,58,208,58,15,15,31,15,0,0,0,0
nuscenes,scene-0103_026,ty,cm,10,10,34688,2926,4,0.149167,135,0.0318285,0.150486,0,0,0,0,59,59,216,59,15,15,31,15,0,0,0,0
nuscenes,scene-0103_026,ty,cm,10,-10,34688,2832,4,0.142309,139,0.0245043,0.150486,0,0,0,0,59,58,209,58,15,15,30,15,0,0,0,0
nuscenes,scene-0103_026,ty,cm,20,20,34688,3057,4,0.113421,203,0.00448564,0.150486,0,0,0,0,59,59,223,60,15,15,31,15,0,0,0,0
nuscenes,scene-0103_026,ty,cm,20,-20,34688,2776,4,0.142954,143,0.0296583,0.150486,0,0,0,0,59,57,205,57,15,15,29,15,0,0,0,0
nuscenes,scene-0103_026,tz,cm,2,2,34688,2900,4,0.152877,131,0.0288669,0.150486,0,0,0,0,59,59,217,59,15,15,31,15,0,0,0,0
nuscenes,scene-0103_026,tz,cm,2,-2,34688,2864,4,0.147073,126,0.0317407,0.150486,0,0,0,0,59,59,203,59,15,15,31,15,0,0,0,0
nuscenes,scene-0103_026,tz,cm,5,5,34688,2920,4,0.151266,131,0.0276759,0.150486,0,0,0,0,59,59,227,59,15,15,31,15,0,0,0,0
nuscenes,scene-0103_026,tz,cm,5,-5,34688,2825,4,0.168114,123,0.0475332,0.150486,0,0,0,0,59,59,197,59,15,15,31,15,0,0,0,0
nuscenes,scene-0103_026,tz,cm,10,10,34688,3024,4,0.154012,134,0.0278094,0.150486,0,0,0,0,59,59,230,59,15,15,31,15,0,0,0,0
nuscenes,scene-0103_026,tz,cm,10,-10,34688,2742,4,0.17396,119,0.0433059,0.150486,0,0,0,0,59,59,191,59,15,15,31,15,0,0,0,0
nuscenes,scene-0103_026,tz,cm,20,20,34688,3244,4,0.11894,232,0.0225794,0.150486,0,0,0,0,59,59,229,59,15,15,31,15,0,0,0,0
nuscenes,scene-0103_026,tz,cm,20,-20,34688,2657,4,0.168692,132,0.0339849,0.150486,0,0,0,0,59,59,191,59,15,15,31,15,0,0,0,0
nuscenes,scene-0103_027,baseline,,0,0,34752,2840,3,0.183005,120,0.0480662,0.147699,0,0,0,0,67,67,168,67,18,18,39,18,0,0,0,0
nuscenes,scene-0103_027,roll,deg,0.25,0.25,34752,2858,3,0.186028,119,0.0432777,0.147699,0,0,0,0,67,67,182,67,18,18,39,18,0,0,0,0
nuscenes,scene-0103_027,roll,deg,0.25,-0.25,34752,2814,3,0.205661,120,0.0651514,0.147699,0,0,0,0,67,67,155,67,18,18,36,18,0,0,0,0
nuscenes,scene-0103_027,roll,deg,0.5,0.5,34752,2876,3,0.191872,119,0.0531984,0.147699,0,0,0,0,67,67,194,67,18,18,39,18,0,0,0,0
nuscenes,scene-0103_027,roll,deg,0.5,-0.5,34752,2781,3,0.196222,119,0.0505514,0.147699,0,0,0,0,67,67,184,67,18,18,36,18,0,0,0,0
nuscenes,scene-0103_027,roll,deg,1,1,34752,2977,3,0.163086,120,0.0163765,0.147699,0,0,0,0,67,65,190,65,18,18,34,18,0,0,0,0
nuscenes,scene-0103_027,roll,deg,1,-1,34752,2693,3,0.200698,120,0.0481133,0.147699,0,0,0,0,67,49,173,49,18,18,38,18,0,0,0,0
nuscenes,scene-0103_027,roll,deg,1.5,1.5,34752,3023,3,0.106484,120,-0.0286848,0.147699,0,0,0,0,67,65,214,65,18,18,50,18,0,0,0,0
nuscenes,scene-0103_027,roll,deg,1.5,-1.5,34752,2648,3,0.189535,121,0.0402257,0.147699,0,0,0,0,67,46,142,46,18,9,24,9,0,0,0,0
nuscenes,scene-0103_027,roll,deg,2,2,34752,3097,3,0.117397,119,-0.0125668,0.147699,0,0,0,0,67,54,231,54,18,9,37,9,0,0,0,0
nuscenes,scene-0103_027,roll,deg,2,-2,34752,2569,3,0.20332,119,0.0324561,0.147699,0,0,0,0,67,46,168,46,18,9,25,9,0,0,0,0
nuscenes,scene-0103_027,roll,deg,3,3,34752,3208,3,0.0987504,118,-0.0182644,0.147699,0,0,0,0,67,37,256,37,18,9,52,9,0,0,0,0
nuscenes,scene-0103_027,roll,deg,3,-3,34752,2456,3,0.149105,120,-0.0304235,0.147699,0,0,0,0,67,19,129,19,18,0,12,0,0,0,0,0
nuscenes,scene-0103_027,pitch,deg,0.25,0.25,34752,2840,3,0.191565,121,0.0530494,0.147699,0,0,0,0,67,67,173,67,18,18,39,18,0,0,0,0
nuscenes,scene-0103_027,pitch,deg,0.25,-0.25,34752,2837,3,0.186931,120,0.0545125,0.147699,0,0,0,0,67,67,163,67,18,18,39,18,0,0,0,0
nuscenes,scene-0103_027,pitch,deg,0.5,0.5,34752,2843,3,0.187765,122,0.0476821,0.147699,0,0,0,0,67,67,179,67,18,18,38,18,0,0,0,0
nuscenes,scene-0103_027,pitch,deg,0.5,-0.5,34752,2836,3,0.186681,120,0.0527409,0.147699,0,0,0,0,67,67,159,67,18,18,37,18,0,0,0,0
nuscenes,scene-0103_027,pitch,deg,1,1,34752,2845,3,0.200959,120,0.054909,0.147699,0,0,0,0,67,67,193,67,18,18,37,18,0,0,0,0
nuscenes,scene-0103_027,pitch,deg,1,-1,34752,2829,3,0.203594,117,0.0629464,0.147699,0,0,0,0,67,67,156,67,18,18,36,18,0,0,0,0
nuscenes,scene-0103_027,pitch,deg,1.5,1.5,34752,2845,3,0.204776,121,0.0514032,0.147699,0,0,0,0,67,67,201,67,18,18,37,18,0,0,0,0
nuscenes,scene-0103_027,pitch,deg,1.5,-1.5,34752,2826,3,0.19238,120,0.0557867,0.147699,0,0,0,0,67,67,170,67,18,18,36,18,0,0,0,0
nuscenes,scene-0103_027,pitch,deg,2,2,34752,2841,3,0.195284,119,0.0349466,0.147699,0,0,0,0,67,67,212,67,18,18,38,18,0,0,0,0
nuscenes,scene-0103_027,pitch,deg,2,-2,34752,2821,3,0.179029,120,0.0441611,0.147699,0,0,0,0,67,63,170,63,18,18,36,18,0,0,0,0
nuscenes,scene-0103_027,pitch,deg,3,3,34752,2848,3,0.144395,121,-0.0221391,0.147699,0,0,0,0,67,63,196,63,18,18,35,18,0,0,0,0
nuscenes,scene-0103_027,pitch,deg,3,-3,34752,2799,3,0.150386,116,0.0170411,0.147699,0,0,0,0,67,58,175,58,18,18,36,18,0,0,0,0
nuscenes,scene-0103_027,yaw,deg,0.25,0.25,34752,2837,3,0.175956,119,0.0401213,0.147699,0,0,0,0,67,67,171,67,18,18,36,18,0,0,0,0
nuscenes,scene-0103_027,yaw,deg,0.25,-0.25,34752,2836,3,0.165568,120,0.0262651,0.147699,0,0,0,0,67,66,165,66,18,18,39,18,0,0,0,0
nuscenes,scene-0103_027,yaw,deg,0.5,0.5,34752,2830,3,0.176403,115,0.0386543,0.147699,0,0,0,0,67,67,175,67,18,18,33,18,0,0,0,0
nuscenes,scene-0103_027,yaw,deg,0.5,-0.5,34752,2835,3,0.160368,122,0.0140609,0.147699,0,0,0,0,67,66,163,66,18,17,39,17,0,0,0,0
nuscenes,scene-0103_027,yaw,deg,1,1,34752,2839,3,0.145752,115,0.00330527,0.147699,0,0,0,0,67,65,179,65,18,18,31,18,0,0,0,0
nuscenes,scene-0103_027,yaw,deg,1,-1,34752,2838,3,0.160792,124,0.0192802,0.147699,0,0,0,0,67,60,154,60,18,16,38,16,0,0,0,0
nuscenes,scene-0103_027,yaw,deg,1.5,1.5,34752,2845,3,0.121986,122,0.00562312,0.147699,0,0,0,0,67,61,179,61,18,18,26,18,0,0,0,0
nuscenes,scene-0103_027,yaw,deg,1.5,-1.5,34752,2829,3,0.171154,124,0.0181447,0.147699,0,0,0,0,67,55,147,55,18,12,39,12,0,0,0,0
nuscenes,scene-0103_027,yaw,deg,2,2,34752,2863,3,0.0948751,130,-0.0328678,0.147699,0,0,0,0,67,57,178,57,18,17,27,17,0,0,0,0
nuscenes,scene-0103_027,yaw,deg,2,-2,34752,2826,3,0.158554,125,-0.00498991,0.147699,0,0,0,0,67,51,140,51,18,10,39,10,0,0,0,0
nuscenes,scene-0103_027,yaw,deg,3,3,34752,2873,3,0.116126,131,-0.0111281,0.147699,0,0,0,0,67,48,179,48,18,11,20,11,0,0,0,0
nuscenes,scene-0103_027,yaw,deg,3,-3,34752,2821,3,0.181093,129,0.00840886,0.147699,0,0,0,0,67,42,130,42,18,5,44,5,0,0,0,0
nuscenes,scene-0103_027,tx,cm,2,2,34752,2839,3,0.187951,121,0.0533749,0.147699,0,0,0,0,67,67,169,67,18,18,39,18,0,0,0,0
nuscenes,scene-0103_027,tx,cm,2,-2,34752,2838,3,0.180596,119,0.0458477,0.147699,0,0,0,0,67,67,169,67,18,18,37,18,0,0,0,0
nuscenes,scene-0103_027,tx,cm,5,5,34752,2839,3,0.189846,119,0.0569134,0.147699,0,0,0,0,67,67,168,67,18,18,38,18,0,0,0,0
nuscenes,scene-0103_027,tx,cm,5,-5,34752,2838,3,0.183429,119,0.0517605,0.147699,0,0,0,0,67,67,171,67,18,18,37,18,0,0,0,0
nuscenes,scene-0103_027,tx,cm,10,10,34752,2838,3,0.187005,121,0.0537887,0.147699,0,0,0,0,67,67,167,67,18,18,38,18,0,0,0,0
nuscenes,scene-0103_027,tx,cm,10,-10,34752,2837,3,0.166613,117,0.0341033,0.147699,0,0,0,0,67,67,172,67,18,18,37,18,0,0,0,0
nuscenes,scene-0103_027,tx,cm,20,20,34752,2832,3,0.163408,126,0.0224004,0.147699,0,0,0,0,67,66,163,66,18,18,40,18,0,0,0,0
nuscenes,scene-0103_027,tx,cm,20,-20,34752,2840,3,0.181375,116,0.046184,0.147699,0,0,0,0,67,67,176,67,18,18,36,18,0,0,0,0
nuscenes,scene-0103_027,ty,cm,2,2,34752,2847,3,0.184634,119,0.0530972,0.147699,0,0,0,0,67,67,169,67,18,18,39,18,0,0,0,0
nuscenes,scene-0103_027,ty,cm,2,-2,34752,2831,3,0.187032,119,0.0526891,0.147699,0,0,0,0,67,67,167,67,18,18,39,18,0,0,0,0
nuscenes,scene-0103_027,ty,cm,5,5,34752,2858,3,0.183369,118,0.049931,0.147699,0,0,0,0,67,67,171,67,18,18,39,18,0,0,0,0
nuscenes,scene-0103_027,ty,cm,5,-5,34752,2813,3,0.181674,118,0.0459655,0.147699,0,0,0,0,67,67,167,67,18,18,38,18,0,0,0,0
nuscenes,scene-0103_027,ty,cm,10,10,34752,2880,3,0.190612,119,0.0551078,0.147699,0,0,0,0,67,67,171,67,18,18,39,18,0,0,0,0
nuscenes,scene-0103_027,ty,cm,10,-10,34752,2793,3,0.183738,120,0.0548501,0.147699,0,0,0,0,67,67,166,67,18,18,37,18,0,0,0,0
nuscenes,scene-0103_027,ty,cm,20,20,34752,3021,3,0.122977,210,0.0194269,0.147699,0,0,0,0,67,67,174,67,18,18,38,18,0,0,0,0
nuscenes,scene-0103_027,ty,cm,20,-20,34752,2732,3,0.181283,119,0.0549176,0.147699,0,0,0,0,67,67,165,67,18,18,37,18,0,0,0,0
nuscenes,scene-0103_027,tz,cm,2,2,34752,2854,3,0.180406,119,0.0453122,0.147699,0,0,0,0,67,67,173,67,18,18,39,18,0,0,0,0
nuscenes,scene-0103_027,tz,cm,2,-2,34752,2820,3,0.181686,120,0.0478664,0.147699,0,0,0,0,67,67,162,67,18,18,39,18,0,0,0,0
nuscenes,scene-0103_027,tz,cm,5,5,34752,2874,3,0.184425,118,0.0451019,0.147699,0,0,0,0,67,67,179,67,18,18,39,18,0,0,0,0
nuscenes,scene-0103_027,tz,cm,5,-5,34752,2785,3,0.180696,121,0.0484174,0.147699,0,0,0,0,67,67,154,67,18,18,38,18,0,0,0,0
nuscenes,scene-0103_027,tz,cm,10,10,34752,2979,3,0.183972,115,0.0391029,0.147699,0,0,0,0,67,67,187,67,18,18,39,18,0,0,0,0
nuscenes,scene-0103_027,tz,cm,10,-10,34752,2699,3,0.194596,121,0.0605246,0.147699,0,0,0,0,67,67,154,67,18,18,36,18,0,0,0,0
nuscenes,scene-0103_027,tz,cm,20,20,34752,3198,3,0.138053,198,0.0330005,0.147699,0,0,0,0,67,67,197,67,18,18,39,18,0,0,0,0
nuscenes,scene-0103_027,tz,cm,20,-20,34752,2615,3,0.219825,121,0.0759861,0.147699,0,0,0,0,67,67,154,67,18,18,36,18,0,0,0,0
nuscenes,scene-0103_028,baseline,,0,0,34720,2791,4,0.157327,101,0.0174055,0.146661,0,0,0,0,94,94,287,94,22,22,40,22,0,0,0,0
nuscenes,scene-0103_028,roll,deg,0.25,0.25,34720,2811,4,0.157111,100,0.0170584,0.146661,0,0,0,0,94,94,301,94,22,22,40,22,0,0,0,0
nuscenes,scene-0103_028,roll,deg,0.25,-0.25,34720,2766,4,0.136524,100,-0.00606677,0.146661,0,0,0,0,94,94,276,94,22,22,40,22,0,0,0,0
nuscenes,scene-0103_028,roll,deg,0.5,0.5,34720,2827,4,0.158151,102,0.0223398,0.146661,0,0,0,0,94,92,302,92,22,22,43,22,0,0,0,0
nuscenes,scene-0103_028,roll,deg,0.5,-0.5,34720,2733,4,0.143732,101,0.00447921,0.146661,0,0,0,0,94,94,271,94,22,22,40,22,0,0,0,0
nuscenes,scene-0103_028,roll,deg,1,1,34720,2926,4,0.150256,99,0.0184136,0.146661,0,0,0,0,94,86,317,86,22,22,51,22,0,0,0,0
nuscenes,scene-0103_028,roll,deg,1,-1,34720,2649,4,0.172837,99,0.0181344,0.146661,0,0,0,0,94,83,269,83,22,19,34,19,0,0,0,0
nuscenes,scene-0103_028,roll,deg,1.5,1.5,34720,2973,4,0.153366,101,0.021585,0.146661,0,0,0,0,94,83,345,83,22,22,51,22,0,0,0,0
nuscenes,scene-0103_028,roll,deg,1.5,-1.5,34720,2603,4,0.156009,103,-0.00043717,0.146661,0,0,0,0,94,71,254,71,22,19,38,19,0,0,0,0
nuscenes,scene-0103_028,roll,deg,2,2,34720,3037,4,0.143185,99,0.0199639,0.146661,0,0,0,0,94,76,361,76,22,10,55,10,0,0,0,0
nuscenes,scene-0103_028,roll,deg,2,-2,34720,2518,4,0.155749,104,-0.00927733,0.146661,0,0,0,0,94,70,249,70,22,19,38,19,0,0,0,0
nuscenes,scene-0103_028,roll,deg,3,3,34720,3153,4,0.138998,98,0.00378188,0.146661,0,0,0,0,94,60,411,60,22,3,61,3,0,0,0,0
nuscenes,scene-0103_028,roll,deg,3,-3,34720,2410,4,0.145586,105,-0.0131109,0.146661,0,0,0,0,94,37,236,37,22,12,36,12,0,0,0,0
nuscenes,scene-0103_028,pitch,deg,0.25,0.25,34720,2791,4,0.16214,99,0.0194361,0.146661,0,0,0,0,94,94,292,94,22,22,40,22,0,0,0,0
nuscenes,scene-0103_028,pitch,deg,0.25,-0.25,34720,2790,4,0.157121,103,0.0164898,0.146661,0,0,0,0,94,94,282,94,22,22,40,22,0,0,0,0
nuscenes,scene-0103_028,pitch,deg,0.5,0.5,34720,2793,4,0.157223,100,0.0136322,0.146661,0,0,0,0,94,94,298,94,22,22,40,22,0,0,0,0
nuscenes,scene-0103_028,pitch,deg,0.5,-0.5,34720,2788,4,0.140245,102,-2.81334e-05,0.146661,0,0,0,0,94,94,274,94,22,22,40,22,0,0,0,0
nuscenes,scene-0103_028,pitch,deg,1,1,34720,2797,4,0.162623,101,0.00866714,0.146661,0,0,0,0,94,94,302,94,22,22,39,22,0,0,0,0
nuscenes,scene-0103_028,pitch,deg,1,-1,34720,2783,4,0.126728,101,-0.0143619,0.146661,0,0,0,0,94,94,275,94,22,22,40,22,0,0,0,0
nuscenes,scene-0103_028,pitch,deg,1.5,1.5,34720,2799,4,0.161664,99,0.0039829,0.146661,0,0,0,0,94,94,300,94,22,22,34,22,0,0,0,0
nuscenes,scene-0103_028,pitch,deg,1.5,-1.5,34720,2782,4,0.123768,102,-0.0107966,0.146661,0,0,0,0,94,94,267,94,22,22,39,22,0,0,0,0
nuscenes,scene-0103_028,pitch,deg,2,2,34720,2795,4,0.167036,98,0.00611956,0.146661,0,0,0,0,94,92,294,92,22,22,34,22,0,0,0,0
nuscenes,scene-0103_028,pitch,deg,2,-2,34720,2777,4,0.130813,105,0.000513062,0.146661,0,0,0,0,94,93,265,93,22,22,39,22,0,0,0,0
nuscenes,scene-0103_028,pitch,deg,3,3,34720,2793,4,0.172398,99,0.0164068,0.146661,0,0,0,0,94,82,333,82,22,22,52,22,0,0,0,0
nuscenes,scene-0103_028,pitch,deg,3,-3,34720,2759,4,0.132734,104,-0.00695066,0.146661,0,0,0,0,94,82,278,82,22,22,39,22,0,0,0,0
nuscenes,scene-0103_028,yaw,deg,0.25,0.25,34720,2795,4,0.139319,103,-0.00527373,0.146661,0,0,0,0,94,94,294,94,22,22,38,22,0,0,0,0
nuscenes,scene-0103_028,yaw,deg,0.25,-0.25,34720,2783,4,0.168564,100,0.021664,0.146661,0,0,0,0,94,94,287,94,22,22,41,22,0,0,0,0
nuscenes,scene-0103_028,yaw,deg,0.5,0.5,34720,2796,4,0.121728,105,-0.0102939,0.146661,0,0,0,0,94,93,294,93,22,22,37,22,0,0,0,0
nuscenes,scene-0103_028,yaw,deg,0.5,-0.5,34720,2792,4,0.175096,100,0.025452,0.146661,0,0,0,0,94,94,286,94,22,21,43,21,0,0,0,0
nuscenes,scene-0103_028,yaw,deg,1,1,34720,2802,4,0.124442,105,0.00221424,0.146661,0,0,0,0,94,89,293,89,22,21,33,21,0,0,0,0
nuscenes,scene-0103_028,yaw,deg,1,-1,34720,2783,4,0.161166,102,0.0151811,0.146661,0,0,0,0,94,89,278,89,22,19,44,19,0,0,0,0
nuscenes,scene-0103_028,yaw,deg,1.5,1.5,34720,2800,4,0.101094,109,-0.0213181,0.146661,0,0,0,0,94,84,293,84,22,20,32,20,0,0,0,0
nuscenes,scene-0103_028,yaw,deg,1.5,-1.5,34720,2787,4,0.158487,104,-4.67598e-05,0.146661,0,0,0,0,94,85,275,85,22,15,44,15,0,0,0,0
nuscenes,scene-0103_028,yaw,deg,2,2,34720,2807,4,0.0979204,105,-0.0256105,0.146661,0,0,0,0,94,81,298,81,22,18,32,18,0,0,0,0
nuscenes,scene-0103_028,yaw,deg,2,-2,34720,2786,4,0.197072,106,0.0210767,0.146661,0,0,0,0,94,78,265,78,22,13,44,13,0,0,0,0
nuscenes,scene-0103_028,yaw,deg,3,3,34720,2819,4,0.0883513,102,-0.0153911,0.146661,0,0,0,0,94,66,298,66,22,14,27,14,0,0,0,0
nuscenes,scene-0103_028,yaw,deg,3,-3,34720,2779,4,0.206394,111,0.0131293,0.146661,0,0,0,0,94,71,257,71,22,8,47,8,0,0,0,0
nuscenes,scene-0103_028,tx,cm,2,2,34720,2792,4,0.173398,100,0.0252566,0.146661,0,0,0,0,94,94,287,94,22,22,40,22,0,0,0,0
nuscenes,scene-0103_028,tx,cm,2,-2,34720,2788,4,0.161516,102,0.0182554,0.146661,0,0,0,0,94,94,290,94,22,22,40,22,0,0,0,0
nuscenes,scene-0103_028,tx,cm,5,5,34720,2787,4,0.159254,102,0.0136172,0.146661,0,0,0,0,94,94,289,94,22,22,40,22,0,0,0,0
nuscenes,scene-0103_028,tx,cm,5,-5,34720,2791,4,0.152376,103,0.0129288,0.146661,0,0,0,0,94,94,291,94,22,22,39,22,0,0,0,0
nuscenes,scene-0103_028,tx,cm,10,10,34720,2783,4,0.144939,100,0.00290398,0.146661,0,0,0,0,94,94,288,94,22,22,41,22,0,0,0,0
nuscenes,scene-0103_028,tx,cm,10,-10,34720,2795,4,0.137972,105,-0.00392418,0.146661,0,0,0,0,94,94,295,94,22,22,38,22,0,0,0,0
nuscenes,scene-0103_028,tx,cm,20,20,34720,2786,4,0.148357,98,0.00484015,0.146661,0,0,0,0,94,94,282,94,22,22,41,22,0,0,0,0
nuscenes,scene-0103_028,tx,cm,20,-20,34720,2796,4,0.125686,108,-0.0131456,0.146661,0,0,0,0,94,93,293,93,22,22,38,22,0,0,0,0
nuscenes,scene-0103_028,ty,cm,2,2,34720,2799,4,0.156667,101,0.0169875,0.146661,0,0,0,0,94,94,289,94,22,22,40,22,0,0,0,0
nuscenes,scene-0103_028,ty,cm,2,-2,34720,2780,4,0.168637,102,0.0266394,0.146661,0,0,0,0,94,94,286,94,22,22,40,22,0,0,0,0
nuscenes,scene-0103_028,ty,cm,5,5,34720,2812,4,0.158326,104,0.018452,0.146661,0,0,0,0,94,94,290,94,22,22,40,22,0,0,0,0
nuscenes,scene-0103_028,ty,cm,5,-5,34720,2764,4,0.170373,100,0.0252727,0.146661,0,0,0,0,94,94,283,94,22,22,40,22,0,0,0,0
nuscenes,scene-0103_028,ty,cm,10,10,34720,2836,4,0.156785,107,0.0108636,0.146661,0,0,0,0,94,94,293,94,22,22,40,22,0,0,0,0
nuscenes,scene-0103_028,ty,cm,10,-10,34720,2741,4,0.161545,99,0.0185989,0.146661,0,0,0,0,94,94,283,94,22,22,40,22,0,0,0,0
nuscenes,scene-0103_028,ty,cm,20,20,34720,2954,4,0.0879647,182,-0.0181717,0.146661,0,0,0,0,94,94,294,94,22,22,40,22,0,0,0,0
nuscenes,scene-0103_028,ty,cm,20,-20,34720,2678,4,0.154762,99,0.00352226,0.146661,0,0,0,0,94,94,286,94,22,22,39,22,0,0,0,0
nuscenes,scene-0103_028,tz,cm,2,2,34720,2807,4,0.166266,99,0.0236308,0.146661,0,0,0,0,94,94,290,94,22,22,40,22,0,0,0,0
nuscenes,scene-0103_028,tz,cm,2,-2,34720,2771,4,0.151646,103,0.0105878,0.146661,0,0,0,0,94,94,283,94,22,22,40,22,0,0,0,0
nuscenes,scene-0103_028,tz,cm,5,5,34720,2826,4,0.167903,97,0.023544,0.146661,0,0,0,0,94,94,290,94,22,22,40,22,0,0,0,0
nuscenes,scene-0103_028,tz,cm,5,-5,34720,2736,4,0.141323,104,0.000464216,0.146661,0,0,0,0,94,94,277,94,22,22,40,22,0,0,0,0
nuscenes,scene-0103_028,tz,cm,10,10,34720,2929,4,0.168303,96,0.0231497,0.146661,0,0,0,0,94,94,306,94,22,22,40,22,0,0,0,0
nuscenes,scene-0103_028,tz,cm,10,-10,34720,2652,4,0.134877,103,-0.0037239,0.146661,0,0,0,0,94,94,265,94,22,22,40,22,0,0,0,0
nuscenes,scene-0103_028,tz,cm,20,20,34720,3146,4,0.129822,195,0.0295418,0.146661,0,0,0,0,94,94,359,94,22,22,43,22,0,0,0,0
nuscenes,scene-0103_028,tz,cm,20,-20,34720,2570,4,0.139841,102,0.00287256,0.146661,0,0,0,0,94,94,254,94,22,22,40,22,0,0,0,0
nuscenes,scene-0103_029,baseline,,0,0,34720,2785,4,0.216329,93,0.0191408,0.150043,0,0,0,0,119,119,425,119,26,26,48,26,0,0,0,0
nuscenes,scene-0103_029,roll,deg,0.25,0.25,34720,2806,4,0.194329,93,0.0024779,0.150043,0,0,0,0,119,118,413,118,26,26,57,26,0,0,0,0
nuscenes,scene-0103_029,roll,deg,0.25,-0.25,34720,2761,4,0.230361,93,0.0230342,0.150043,0,0,0,0,119,119,417,119,26,26,48,26,0,0,0,0
nuscenes,scene-0103_029,roll,deg,0.5,0.5,34720,2822,4,0.172678,94,-0.0117263,0.150043,0,0,0,0,119,118,410,118,26,26,58,26,0,0,0,0
nuscenes,scene-0103_029,roll,deg,0.5,-0.5,34720,2729,4,0.21524,94,0.0292775,0.150043,0,0,0,0,119,119,396,119,26,26,48,26,0,0,0,0
nuscenes,scene-0103_029,roll,deg,1,1,34720,2921,4,0.170233,94,0.000900596,0.150043,0,0,0,0,119,114,436,114,26,26,49,26,0,0,0,0
nuscenes,scene-0103_029,roll,deg,1,-1,34720,2645,4,0.207409,96,0.0175481,0.150043,0,0,0,0,119,114,376,114,26,26,53,26,0,0,0,0
nuscenes,scene-0103_029,roll,deg,1.5,1.5,34720,2970,4,0.173251,94,0.00197031,0.150043,0,0,0,0,119,114,450,115,26,26,69,26,0,0,0,0
nuscenes,scene-0103_029,roll,deg,1.5,-1.5,34720,2597,4,0.190862,95,0.0084454,0.150043,0,0,0,0,119,114,382,114,26,19,41,19,0,0,0,0
nuscenes,scene-0103_029,roll,deg,2,2,34720,3039,4,0.181476,96,0.0159998,0.150043,0,0,0,0,119,106,483,108,26,13,54,13,0,0,0,0
nuscenes,scene-0103_029,roll,deg,2,-2,34720,2508,4,0.161326,93,-0.0103681,0.150043,0,0,0,0,119,88,358,88,26,19,41,19,0,0,0,0
nuscenes,scene-0103_029,roll,deg,3,3,34720,3155,4,0.153194,94,-0.0107222,0.150043,0,0,0,0,119,78,505,80,26,13,70,13,0,0,0,0
nuscenes,scene-0103_029,roll,deg,3,-3,34720,2403,4,0.160774,94,-0.0239989,0.150043,0,0,0,0,119,84,358,84,26,13,40,13,0,0,0,0
nuscenes,scene-0103_029,pitch,deg,0.25,0.25,34720,2789,4,0.219012,94,0.0226633,0.150043,0,0,0,0,119,119,430,119,26,26,48,26,0,0,0,0
nuscenes,scene-0103_029,pitch,deg,0.25,-0.25,34720,2783,4,0.238769,94,0.0413759,0.150043,0,0,0,0,119,119,413,119,26,26,47,26,0,0,0,0
nuscenes,scene-0103_029,pitch,deg,0.5,0.5,34720,2791,4,0.221027,93,0.0222723,0.150043,0,0,0,0,119,119,433,119,26,26,48,26,0,0,0,0
nuscenes,scene-0103_029,pitch,deg,0.5,-0.5,34720,2783,4,0.22229,95,0.0252926,0.150043,0,0,0,0,119,119,401,119,26,26,47,26,0,0,0,0
nuscenes,scene-0103_029,pitch,deg,1,1,34720,2793,4,0.214862,93,0.0191752,0.150043,0,0,0,0,119,118,431,118,26,26,58,26,0,0,0,0
nuscenes,scene-0103_029,pitch,deg,1,-1,34720,2783,4,0.204721,93,0.0182047,0.150043,0,0,0,0,119,119,387,119,26,26,47,26,0,0,0,0
nuscenes,scene-0103_029,pitch,deg,1.5,1.5,34720,2790,4,0.209878,95,0.0165543,0.150043,0,0,0,0,119,118,424,118,26,26,59,26,0,0,0,0
nuscenes,scene-0103_029,pitch,deg,1.5,-1.5,34720,2782,4,0.175876,94,0.0106823,0.150043,0,0,0,0,119,119,377,121,26,26,47,26,0,0,0,0
nuscenes,scene-0103_029,pitch,deg,2,2,34720,2789,4,0.210707,95,0.0209381,0.150043,0,0,0,0,119,118,419,118,26,26,55,26,0,0,0,0
nuscenes,scene-0103_029,pitch,deg,2,-2,34720,2774,4,0.168375,95,0.00267668,0.150043,0,0,0,0,119,119,381,121,26,26,47,26,0,0,0,0
nuscenes,scene-0103_029,pitch,deg,3,3,34720,2789,4,0.218327,93,0.0260887,0.150043,0,0,0,0,119,117,429,117,26,26,50,26,0,0,0,0
nuscenes,scene-0103_029,pitch,deg,3,-3,34720,2756,4,0.188789,95,0.0289287,0.150043,0,0,0,0,119,116,412,117,26,26,47,26,0,0,0,0
nuscenes,scene-0103_029,yaw,deg,0.25,0.25,34720,2792,4,0.230962,95,0.0345051,0.150043,0,0,0,0,119,118,427,118,26,26,46,26,0,0,0,0
nuscenes,scene-0103_029,yaw,deg,0.25,-0.25,34720,2782,4,0.241946,95,0.039509,0.150043,0,0,0,0,119,119,423,121,26,26,49,26,0,0,0,0
nuscenes,scene-0103_029,yaw,deg,0.5,0.5,34720,2793,4,0.262896,95,0.0701452,0.150043,0,0,0,0,119,116,432,116,26,26,44,26,0,0,0,0
nuscenes,scene-0103_029,yaw,deg,0.5,-0.5,34720,2784,4,0.24621,94,0.0500596,0.150043,0,0,0,0,119,119,425,122,26,26,50,26,0,0,0,0
nuscenes,scene-0103_029,yaw,deg,1,1,34720,2799,4,0.245,96,0.0445004,0.150043,0,0,0,0,119,108,430,108,26,26,43,26,0,0,0,0
nuscenes,scene-0103_029,yaw,deg,1,-1,34720,2774,4,0.21523,94,0.021195,0.150043,0,0,0,0,119,118,414,123,26,22,50,22,0,0,0,0
nuscenes,scene-0103_029,yaw,deg,1.5,1.5,34720,2804,4,0.22002,94,0.019064,0.150043,0,0,0,0,119,102,435,102,26,25,42,25,0,0,0,0
nuscenes,scene-0103_029,yaw,deg,1.5,-1.5,34720,2772,4,0.242359,88,0.0405953,0.150043,0,0,0,0,119,112,410,121,26,19,52,19,0,0,0,0
nuscenes,scene-0103_029,yaw,deg,2,2,34720,2805,4,0.211505,93,0.0118863,0.150043,0,0,0,0,119,93,430,93,26,23,42,23,0,0,0,0
nuscenes,scene-0103_029,yaw,deg,2,-2,34720,2768,4,0.240593,85,0.0169738,0.150043,0,0,0,0,119,107,401,118,26,13,49,13,0,0,0,0
nuscenes,scene-0103_029,yaw,deg,3,3,34720,2814,4,0.213154,95,0.0135385,0.150043,0,0,0,0,119,74,433,74,26,20,37,20,0,0,0,0
nuscenes,scene-0103_029,yaw,deg,3,-3,34720,2760,4,0.261676,88,0.00084278,0.150043,0,0,0,0,119,98,391,110,26,9,54,9,0,0,0,0
nuscenes,scene-0103_029,tx,cm,2,2,34720,2786,4,0.225197,94,0.0324629,0.150043,0,0,0,0,119,119,421,119,26,26,49,26,0,0,0,0
nuscenes,scene-0103_029,tx,cm,2,-2,34720,2791,4,0.217389,97,0.0195099,0.150043,0,0,0,0,119,119,426,119,26,26,47,26,0,0,0,0
nuscenes,scene-0103_029,tx,cm,5,5,34720,2784,4,0.225517,94,0.0225962,0.150043,0,0,0,0,119,119,423,121,26,26,49,26,0,0,0,0
nuscenes,scene-0103_029,tx,cm,5,-5,34720,2790,4,0.211762,97,0.0129048,0.150043,0,0,0,0,119,119,428,119,26,26,46,26,0,0,0,0
nuscenes,scene-0103_029,tx,cm,10,10,34720,2780,4,0.228474,91,0.0274593,0.150043,0,0,0,0,119,119,421,121,26,26,49,26,0,0,0,0
nuscenes,scene-0103_029,tx,cm,10,-10,34720,2789,4,0.213359,100,0.0146886,0.150043,0,0,0,0,119,117,430,117,26,26,46,26,0,0,0,0
nuscenes,scene-0103_029,tx,cm,20,20,34720,2776,4,0.24921,93,0.0569985,0.150043,0,0,0,0,119,119,418,122,26,26,49,26,0,0,0,0
nuscenes,scene-0103_029,tx,cm,20,-20,34720,2798,4,0.224181,99,0.017307,0.150043,0,0,0,0,119,114,434,114,26,26,46,26,0,0,0,0
nuscenes,scene-0103_029,ty,cm,2,2,34720,2793,4,0.223922,97,0.0238219,0.150043,0,0,0,0,119,119,424,119,26,26,48,26,0,0,0,0
nuscenes,scene-0103_029,ty,cm,2,-2,34720,2779,4,0.220852,94,0.0292618,0.150043,0,0,0,0,119,119,423,119,26,26,47,26,0,0,0,0
nuscenes,scene-0103_029,ty,cm,5,5,34720,2810,4,0.218623,96,0.0242643,0.150043,0,0,0,0,119,119,426,120,26,26,49,26,0,0,0,0
nuscenes,scene-0103_029,ty,cm,5,-5,34720,2764,4,0.224129,94,0.0329549,0.150043,0,0,0,0,119,119,419,119,26,26,47,26,0,0,0,0
nuscenes,scene-0103_029,ty,cm,10,10,34720,2830,4,0.212208,97,0.0143491,0.150043,0,0,0,0,119,119,430,121,26,26,49,26,0,0,0,0
nuscenes,scene-0103_029,ty,cm,10,-10,34720,2738,4,0.236275,92,0.036036,0.150043,0,0,0,0,119,118,418,118,26,26,47,26,0,0,0,0
nuscenes,scene-0103_029,ty,cm,20,20,34720,2937,4,0.179756,155,0.000829577,0.150043,0,0,0,0,119,119,441,122,26,26,49,26,0,0,0,0
nuscenes,scene-0103_029,ty,cm,20,-20,34720,2680,4,0.234308,91,0.0368555,0.150043,0,0,0,0,119,117,412,117,26,26,45,26,0,0,0,0
nuscenes,scene-0103_029,tz,cm,2,2,34720,2801,4,0.216876,92,0.0188341,0.150043,0,0,0,0,119,119,425,119,26,26,48,26,0,0,0,0
nuscenes,scene-0103_029,tz,cm,2,-2,34720,2766,4,0.219913,94,0.0196225,0.150043,0,0,0,0,119,119,421,119,26,26,48,26,0,0,0,0
nuscenes,scene-0103_029,tz,cm,5,5,34720,2822,4,0.217177,91,0.0246951,0.150043,0,0,0,0,119,119,427,119,26,26,48,26,0,0,0,0
nuscenes,scene-0103_029,tz,cm,5,-5,34720,2732,4,0.226977,93,0.0285783,0.150043,0,0,0,0,119,119,414,119,26,26,48,26,0,0,0,0
nuscenes,scene-0103_029,tz,cm,10,10,34720,2924,4,0.205399,90,0.0071477,0.150043,0,0,0,0,119,118,426,118,26,26,53,26,0,0,0,0
nuscenes,scene-0103_029,tz,cm,10,-10,34720,2649,4,0.226829,94,0.0189048,0.150043,0,0,0,0,119,119,405,119,26,26,48,26,0,0,0,0
nuscenes,scene-0103_029,tz,cm,20,20,34720,3138,4,0.139741,193,0.017226,0.150043,0,0,0,0,119,118,493,118,26,26,59,26,0,0,0,0
nuscenes,scene-0103_029,tz,cm,20,-20,34720,2566,4,0.212267,95,0.0166544,0.150043,0,0,0,0,119,119,366,119,26,26,48,26,0,0,0,0
nuscenes,scene-0103_030,baseline,,0,0,34688,2826,4,0.288343,89,0.0666158,0.160516,64,64,124,64,48,48,115,48,44,44,67,44,0,0,0,0
nuscenes,scene-0103_030,roll,deg,0.25,0.25,34688,2847,4,0.27303,87,0.0520953,0.160516,64,64,119,64,48,48,130,48,44,44,84,44,0,0,0,0
nuscenes,scene-0103_030,roll,deg,0.25,-0.25,34688,2798,4,0.271506,89,0.0522829,0.160516,64,64,102,64,48,48,126,48,44,44,69,44,0,0,0,0
nuscenes,scene-0103_030,roll,deg,0.5,0.5,34688,2862,4,0.281452,88,0.0648937,0.160516,64,64,115,64,48,47,135,47,44,44,85,44,0,0,0,0
nuscenes,scene-0103_030,roll,deg,0.5,-0.5,34688,2762,4,0.266487,89,0.0472158,0.160516,64,64,101,64,48,48,136,48,44,44,77,44,0,0,0,0
nuscenes,scene-0103_030,roll,deg,1,1,34688,2960,4,0.240958,91,0.0252997,0.160516,64,64,112,64,48,26,113,26,44,37,75,37,0,0,0,0
nuscenes,scene-0103_030,roll,deg,1,-1,34688,2676,4,0.234296,88,0.0134671,0.160516,64,64,108,64,48,45,136,45,44,44,77,44,0,0,0,0
nuscenes,scene-0103_030,roll,deg,1.5,1.5,34688,3004,4,0.213527,87,-0.0108938,0.160516,64,58,132,58,48,26,139,26,44,37,90,37,0,0,0,0
nuscenes,scene-0103_030,roll,deg,1.5,-1.5,34688,2636,4,0.258533,88,0.0173871,0.160516,64,50,104,50,48,38,125,38,44,37,64,37,0,0,0,0
nuscenes,scene-0103_030,roll,deg,2,2,34688,3070,4,0.193808,87,-0.0241446,0.160516,64,58,131,58,48,24,152,24,44,37,90,37,0,0,0,0
nuscenes,scene-0103_030,roll,deg,2,-2,34688,2552,4,0.209375,87,-0.0187925,0.160516,64,47,101,47,48,38,147,38,44,37,83,37,0,0,0,0
nuscenes,scene-0103_030,roll,deg,3,3,34688,3189,4,0.228432,88,0.0361438,0.160516,64,38,138,38,48,17,180,17,44,18,92,18,0,0,0,0
nuscenes,scene-0103_030,roll,deg,3,-3,34688,2443,4,0.235462,89,0.0108855,0.160516,64,26,102,26,48,24,141,24,44,26,69,26,0,0,0,0
nuscenes,scene-0103_030,pitch,deg,0.25,0.25,34688,2827,4,0.286276,87,0.0646678,0.160516,64,64,113,64,48,48,111,48,44,44,70,44,0,0,0,0
nuscenes,scene-0103_030,pitch,deg,0.25,-0.25,34688,2822,4,0.263441,90,0.0469712,0.160516,64,64,120,64,48,48,130,48,44,44,67,44,0,0,0,0
nuscenes,scene-0103_030,pitch,deg,0.5,0.5,34688,2830,4,0.293487,89,0.069299,0.160516,64,64,105,64,48,48,106,48,44,44,77,44,0,0,0,0
nuscenes,scene-0103_030,pitch,deg,0.5,-0.5,34688,2818,4,0.256249,88,0.0427134,0.160516,64,64,118,64,48,48,130,48,44,44,67,44,0,0,0,0
nuscenes,scene-0103_030,pitch,deg,1,1,34688,2832,4,0.305363,90,0.0805127,0.160516,64,64,102,64,48,48,125,48,44,44,85,44,0,0,0,0
nuscenes,scene-0103_030,pitch,deg,1,-1,34688,2817,4,0.2255,90,0.0188933,0.160516,64,64,117,64,48,48,129,48,44,44,69,44,0,0,0,0
nuscenes,scene-0103_030,pitch,deg,1.5,1.5,34688,2827,4,0.277231,89,0.0511749,0.160516,64,64,102,64,48,48,128,48,44,44,85,44,0,0,0,0
nuscenes,scene-0103_030,pitch,deg,1.5,-1.5,34688,2820,4,0.233733,89,0.0298344,0.160516,64,64,112,64,48,47,131,47,44,44,75,44,0,0,0,0
nuscenes,scene-0103_030,pitch,deg,2,2,34688,2825,4,0.280312,90,0.0432142,0.160516,64,64,102,64,48,48,146,48,44,44,85,44,0,0,0,0
nuscenes,scene-0103_030,pitch,deg,2,-2,34688,2814,4,0.220534,89,0.0222823,0.160516,64,64,112,64,48,38,123,38,44,44,74,44,0,0,0,0
nuscenes,scene-0103_030,pitch,deg,3,3,34688,2827,4,0.271504,91,0.0290094,0.160516,64,64,112,64,48,48,146,48,44,44,82,44,0,0,0,0
nuscenes,scene-0103_030,pitch,deg,3,-3,34688,2793,4,0.208164,92,0.00414966,0.160516,64,61,111,61,48,34,123,34,44,44,73,44,0,0,0,0
nuscenes,scene-0103_030,yaw,deg,0.25,0.25,34688,2824,4,0.253659,90,0.030747,0.160516,64,64,122,64,48,48,113,48,44,44,65,44,0,0,0,0
nuscenes,scene-0103_030,yaw,deg,0.25,-0.25,34688,2818,4,0.26839,88,0.0480407,0.160516,64,64,126,64,48,48,117,48,44,44,67,44,0,0,0,0
nuscenes,scene-0103_030,yaw,deg,0.5,0.5,34688,2826,4,0.252765,91,0.0424975,0.160516,64,64,124,64,48,48,115,48,44,44,63,44,0,0,0,0
nuscenes,scene-0103_030,yaw,deg,0.5,-0.5,34688,2820,4,0.256922,87,0.0162463,0.160516,64,64,124,64,48,48,113,48,44,43,68,43,0,0,0,0
nuscenes,scene-0103_030,yaw,deg,1,1,34688,2833,4,0.2439,89,0.0469362,0.160516,64,63,125,63,48,45,115,45,44,43,62,43,0,0,0,0
nuscenes,scene-0103_030,yaw,deg,1,-1,34688,2817,4,0.233557,88,-0.0151778,0.160516,64,61,122,61,48,48,111,48,44,41,71,41,0,0,0,0
nuscenes,scene-0103_030,yaw,deg,1.5,1.5,34688,2837,4,0.22459,89,0.0328029,0.160516,64,62,127,62,48,42,118,42,44,42,61,42,0,0,0,0
nuscenes,scene-0103_030,yaw,deg,1.5,-1.5,34688,2817,4,0.203007,90,-0.0416081,0.160516,64,58,120,58,48,48,110,48,44,35,69,35,0,0,0,0
nuscenes,scene-0103_030,yaw,deg,2,2,34688,2838,4,0.206225,91,0.00959653,0.160516,64,58,124,58,48,39,119,39,44,40,60,40,0,0,0,0
nuscenes,scene-0103_030,yaw,deg,2,-2,34688,2815,4,0.198193,89,-0.02923,0.160516,64,52,114,52,48,47,113,47,44,31,70,31,0,0,0,0
nuscenes,scene-0103_030,yaw,deg,3,3,34688,2841,4,0.196592,89,0.00621676,0.160516,64,51,121,51,48,30,124,30,44,37,60,37,0,0,0,0
nuscenes,scene-0103_030,yaw,deg,3,-3,34688,2804,4,0.271536,89,0.0364185,0.160516,64,41,109,41,48,41,106,41,44,22,73,22,0,0,0,0
nuscenes,scene-0103_030,tx,cm,2,2,34688,2821,4,0.288455,88,0.0633482,0.160516,64,64,123,64,48,48,113,48,44,44,67,44,0,0,0,0
nuscenes,scene-0103_030,tx,cm,2,-2,34688,2822,4,0.284787,89,0.063813,0.160516,64,64,123,64,48,48,118,48,44,44,67,44,0,0,0,0
nuscenes,scene-0103_030,tx,cm,5,5,34688,2823,4,0.293913,87,0.0734555,0.160516,64,64,124,64,48,48,114,48,44,44,66,44,0,0,0,0
nuscenes,scene-0103_030,tx,cm,5,-5,34688,2828,4,0.257374,93,0.0387883,0.160516,64,64,122,64,48,48,115,48,44,44,64,44,0,0,0,0
nuscenes,scene-0103_030,tx,cm,10,10,34688,2816,4,0.291509,90,0.062395,0.160516,64,64,128,64,48,48,116,48,44,44,66,44,0,0,0,0
nuscenes,scene-0103_030,tx,cm,10,-10,34688,2827,4,0.243099,95,0.0331205,0.160516,64,64,120,64,48,48,113,48,44,44,63,44,0,0,0,0
nuscenes,scene-0103_030,tx,cm,20,20,34688,2811,4,0.250645,90,0.0219502,0.160516,64,63,131,63,48,48,114,48,44,44,68,44,0,0,0,0
nuscenes,scene-0103_030,tx,cm,20,-20,34688,2835,4,0.22164,91,0.0179046,0.160516,64,63,118,63,48,48,118,48,44,44,66,44,0,0,0,0
nuscenes,scene-0103_030,ty,cm,2,2,34688,2833,4,0.291224,92,0.0747701,0.160516,64,64,124,64,48,48,118,48,44,44,67,44,0,0,0,0
nuscenes,scene-0103_030,ty,cm,2,-2,34688,2812,4,0.289324,88,0.0654274,0.160516,64,64,122,64,48,48,111,48,44,44,67,44,0,0,0,0
nuscenes,scene-0103_030,ty,cm,5,5,34688,2843,4,0.295304,87,0.0738279,0.160516,64,64,125,64,48,48,122,48,44,44,67,44,0,0,0,0
nuscenes,scene-0103_030,ty,cm,5,-5,34688,2800,4,0.286551,88,0.0616789,0.160516,64,64,121,64,48,48,108,48,44,44,67,44,0,0,0,0
nuscenes,scene-0103_030,ty,cm,10,10,34688,2869,4,0.269388,92,0.0601852,0.160516,64,64,127,64,48,48,127,48,44,44,67,44,0,0,0,0
nuscenes,scene-0103_030,ty,cm,10,-10,34688,2774,4,0.291142,88,0.0683324,0.160516,64,64,119,64,48,48,107,48,44,44,66,44,0,0,0,0
nuscenes,scene-0103_030,ty,cm,20,20,34688,2972,4,0.225739,142,0.0466906,0.160516,64,64,131,64,48,48,131,48,44,44,67,44,0,0,0,0
nuscenes,scene-0103_030,ty,cm,20,-20,34688,2715,4,0.272716,91,0.0561327,0.160516,64,64,112,64,48,48,107,48,44,44,63,44,0,0,0,0
nuscenes,scene-0103_030,tz,cm,2,2,34688,2843,4,0.29376,90,0.0681042,0.160516,64,64,121,64,48,48,129,48,44,44,69,44,0,0,0,0
nuscenes,scene-0103_030,tz,cm,2,-2,34688,2804,4,0.282773,88,0.0580618,0.160516,64,64,114,64,48,48,110,48,44,44,67,44,0,0,0,0
nuscenes,scene-0103_030,tz,cm,5,5,34688,2863,4,0.290433,86,0.0644295,0.160516,64,64,119,64,48,48,129,48,44,44,74,44,0,0,0,0
nuscenes,scene-0103_030,tz,cm,5,-5,34688,2768,4,0.264531,89,0.0432746,0.160516,64,64,102,64,48,48,104,48,44,44,67,44,0,0,0,0
nuscenes,scene-0103_030,tz,cm,10,10,34688,2965,4,0.295289,86,0.0687213,0.160516,64,64,119,64,48,48,129,48,44,44,82,44,0,0,0,0
nuscenes,scene-0103_030,tz,cm,10,-10,34688,2685,4,0.259195,90,0.0365576,0.160516,64,64,102,64,48,48,112,48,44,44,67,44,0,0,0,0
nuscenes,scene-0103_030,tz,cm,20,20,34688,3183,4,0.164477,200,0.0374412,0.160516,64,64,118,64,48,36,131,36,44,44,85,44,0,0,0,0
nuscenes,scene-0103_030,tz,cm,20,-20,34688,2600,4,0.238188,90,0.0163239,0.160516,64,64,101,64,48,48,125,48,44,44,68,44,0,0,0,0
nuscenes,scene-0103_031,baseline,,0,0,34688,2820,6,0.326217,74,0.0985676,0.174144,108,108,194,108,131,131,408,131,0,0,0,0,0,0,0,0
nuscenes,scene-0103_031,roll,deg,0.25,0.25,34688,2839,6,0.270532,75,0.0436975,0.174144,108,108,195,108,131,129,402,129,0,0,0,0,0,0,0,0
nuscenes,scene-0103_031,roll,deg,0.25,-0.25,34688,2795,6,0.311888,75,0.079353,0.174144,108,108,184,108,131,131,382,131,0,0,0,0,0,0,0,0
nuscenes,scene-0103_031,roll,deg,0.5,0.5,34688,2859,6,0.260782,76,0.044852,0.174144,108,97,183,97,131,129,400,129,0,0,0,0,0,0,0,0
nuscenes,scene-0103_031,roll,deg,0.5,-0.5,34688,2764,6,0.294788,74,0.050573,0.174144,108,107,178,107,131,129,398,129,0,0,0,0,0,0,0,0
nuscenes,scene-0103_031,roll,deg,1,1,34688,2957,6,0.22592,77,0.0175724,0.174144,108,94,180,94,131,122,423,122,0,0,0,0,0,0,0,0
nuscenes,scene-0103_031,roll,deg,1,-1,34688,2681,6,0.277484,73,0.0540181,0.174144,108,107,179,107,131,122,389,122,0,0,0,0,0,0,0,0
nuscenes,scene-0103_031,roll,deg,1.5,1.5,34688,3007,6,0.193587,76,0.0103981,0.174144,108,94,199,94,131,115,438,115,0,0,0,0,0,0,0,0
nuscenes,scene-0103_031,roll,deg,1.5,-1.5,34688,2634,6,0.291753,74,0.0566754,0.174144,108,105,169,105,131,118,387,118,0,0,0,0,0,0,0,0
nuscenes,scene-0103_031,roll,deg,2,2,34688,3058,6,0.189493,76,0.0224095,0.174144,108,86,196,86,131,105,472,105,0,0,0,0,0,0,0,0
nuscenes,scene-0103_031,roll,deg,2,-2,34688,2543,6,0.32303,71,0.059874,0.174144,108,103,173,103,131,96,394,96,0,0,0,0,0,0,0,0
nuscenes,scene-0103_031,roll,deg,3,3,34688,3185,6,0.166248,77,-0.0268386,0.174144,108,83,217,83,131,81,496,81,0,0,0,0,0,0,0,0
nuscenes,scene-0103_031,roll,deg,3,-3,34688,2439,6,0.309665,70,0.0475843,0.174144,108,80,154,80,131,70,386,70,0,0,0,0,0,0,0,0
nuscenes,scene-0103_031,pitch,deg,0.25,0.25,34688,2824,6,0.3043,74,0.0829722,0.174144,108,108,191,108,131,131,409,131,0,0,0,0,0,0,0,0
nuscenes,scene-0103_031,pitch,deg,0.25,-0.25,34688,2819,6,0.335796,75,0.0945895,0.174144,108,108,197,108,131,129,407,129,0,0,0,0,0,0,0,0
nuscenes,scene-0103_031,pitch,deg,0.5,0.5,34688,2828,6,0.29719,74,0.0756108,0.174144,108,108,185,108,131,131,383,131,0,0,0,0,0,0,0,0
nuscenes,scene-0103_031,pitch,deg,0.5,-0.5,34688,2819,6,0.292693,74,0.0577383,0.174144,108,108,197,108,131,129,415,129,0,0,0,0,0,0,0,0
nuscenes,scene-0103_031,pitch,deg,1,1,34688,2828,6,0.273252,75,0.0384743,0.174144,108,108,176,108,131,131,365,131,0,0,0,0,0,0,0,0
nuscenes,scene-0103_031,pitch,deg,1,-1,34688,2819,6,0.263051,76,0.0325379,0.174144,108,99,188,99,131,129,413,129,0,0,0,0,0,0,0,0
nuscenes,scene-0103_031,pitch,deg,1.5,1.5,34688,2826,6,0.268657,74,0.0331725,0.174144,108,108,176,108,131,131,369,131,0,0,0,0,0,0,0,0
nuscenes,scene-0103_031,pitch,deg,1.5,-1.5,34688,2820,6,0.254843,75,0.0342275,0.174144,108,93,179,93,131,127,404,127,0,0,0,0,0,0,0,0
nuscenes,scene-0103_031,pitch,deg,2,2,34688,2825,6,0.265383,73,0.0360311,0.174144,108,108,176,108,131,129,403,129,0,0,0,0,0,0,0,0
nuscenes,scene-0103_031,pitch,deg,2,-2,34688,2810,6,0.238594,75,0.0469704,0.174144,108,93,178,93,131,125,391,125,0,0,0,0,0,0,0,0
nuscenes,scene-0103_031,pitch,deg,3,3,34688,2825,6,0.303039,74,0.0438392,0.174144,108,108,163,108,131,129,435,129,0,0,0,0,0,0,0,0
nuscenes,scene-0103_031,pitch,deg,3,-3,34688,2793,6,0.241907,75,0.0765731,0.174144,108,92,204,92,131,124,416,124,0,0,0,0,0,0,0,0
nuscenes,scene-0103_031,yaw,deg,0.25,0.25,34688,2827,6,0.353368,74,0.124401,0.174144,108,108,194,109,131,131,405,132,0,0,0,0,0,0,0,0
nuscenes,scene-0103_031,yaw,deg,0.25,-0.25,34688,2821,6,0.325231,75,0.0833458,0.174144,108,105,191,105,131,129,404,129,0,0,0,0,0,0,0,0
nuscenes,scene-0103_031,yaw,deg,0.5,0.5,34688,2829,6,0.335878,73,0.105463,0.174144,108,108,193,111,131,131,407,133,0,0,0,0,0,0,0,0
nuscenes,scene-0103_031,yaw,deg,0.5,-0.5,34688,2822,6,0.318063,74,0.0573128,0.174144,108,102,189,102,131,128,414,128,0,0,0,0,0,0,0,0
nuscenes,scene-0103_031,yaw,deg,1,1,34688,2832,6,0.302045,76,0.084291,0.174144,108,107,196,112,131,128,400,134,0,0,0,0,0,0,0,0
nuscenes,scene-0103_031,yaw,deg,1,-1,34688,2816,6,0.301234,74,0.0312136,0.174144,108,99,193,99,131,124,413,124,0,0,0,0,0,0,0,0
nuscenes,scene-0103_031,yaw,deg,1.5,1.5,34688,2840,6,0.313439,75,0.0752041,0.174144,108,105,196,110,131,120,393,126,0,0,0,0,0,0,0,0
nuscenes,scene-0103_031,yaw,deg,1.5,-1.5,34688,2821,6,0.243935,76,-0.00767805,0.174144,108,92,193,92,131,119,417,119,0,0,0,0,0,0,0,0
nuscenes,scene-0103_031,yaw,deg,2,2,34688,2833,6,0.296356,74,0.0632228,0.174144,108,103,196,108,131,113,392,122,0,0,0,0,0,0,0,0
nuscenes,scene-0103_031,yaw,deg,2,-2,34688,2809,6,0.23919,73,-0.0148572,0.174144,108,87,189,87,131,114,407,114,0,0,0,0,0,0,0,0
nuscenes,scene-0103_031,yaw,deg,3,3,34688,2837,6,0.215298,74,-0.0432714,0.174144,108,93,200,98,131,92,384,102,0,0,0,0,0,0,0,0
nuscenes,scene-0103_031,yaw,deg,3,-3,34688,2811,6,0.201457,74,-0.0465745,0.174144,108,76,188,76,131,99,407,99,0,0,0,0,0,0,0,0
nuscenes,scene-0103_031,tx,cm,2,2,34688,2821,6,0.32085,76,0.0930405,0.174144,108,106,195,106,131,131,410,131,0,0,0,0,0,0,0,0
nuscenes,scene-0103_031,tx,cm,2,-2,34688,2823,6,0.334773,73,0.104306,0.174144,108,108,193,108,131,131,409,131,0,0,0,0,0,0,0,0
nuscenes,scene-0103_031,tx,cm,5,5,34688,2818,6,0.306569,75,0.0884551,0.174144,108,105,193,105,131,130,408,130,0,0,0,0,0,0,0,0
nuscenes,scene-0103_031,tx,cm,5,-5,34688,2823,6,0.337854,73,0.11031,0.174144,108,108,192,109,131,131,413,131,0,0,0,0,0,0,0,0
nuscenes,scene-0103_031,tx,cm,10,10,34688,2818,6,0.299976,77,0.0755232,0.174144,108,103,193,103,131,129,406,129,0,0,0,0,0,0,0,0
nuscenes,scene-0103_031,tx,cm,10,-10,34688,2828,6,0.339208,74,0.111952,0.174144,108,108,192,111,131,131,406,131,0,0,0,0,0,0,0,0
nuscenes,scene-0103_031,tx,cm,20,20,34688,2812,6,0.295131,74,0.0609203,0.174144,108,99,195,99,131,129,408,129,0,0,0,0,0,0,0,0
nuscenes,scene-0103_031,tx,cm,20,-20,34688,2833,6,0.326956,78,0.0947435,0.174144,108,108,190,112,131,131,410,133,0,0,0,0,0,0,0,0
nuscenes,scene-0103_031,ty,cm,2,2,34688,2832,6,0.326024,74,0.100559,0.174144,108,108,194,108,131,131,409,131,0,0,0,0,0,0,0,0
nuscenes,scene-0103_031,ty,cm,2,-2,34688,2814,6,0.333229,74,0.0971625,0.174144,108,107,194,107,131,131,408,131,0,0,0,0,0,0,0,0
nuscenes,scene-0103_031,ty,cm,5,5,34688,2845,6,0.32385,74,0.0995072,0.174144,108,108,195,108,131,131,409,131,0,0,0,0,0,0,0,0
nuscenes,scene-0103_031,ty,cm,5,-5,34688,2802,6,0.331888,75,0.0987217,0.174144,108,106,192,106,131,131,407,131,0,0,0,0,0,0,0,0
nuscenes,scene-0103_031,ty,cm,10,10,34688,2869,6,0.324118,76,0.0975756,0.174144,108,108,197,109,131,131,410,131,0,0,0,0,0,0,0,0
nuscenes,scene-0103_031,ty,cm,10,-10,34688,2772,6,0.340753,77,0.11053,0.174144,108,105,188,105,131,129,405,129,0,0,0,0,0,0,0,0
nuscenes,scene-0103_031,ty,cm,20,20,34688,2964,6,0.243243,111,0.055831,0.174144,108,108,206,111,131,131,419,132,0,0,0,0,0,0,0,0
nuscenes,scene-0103_031,ty,cm,20,-20,34688,2704,6,0.321515,75,0.101576,0.174144,108,102,179,102,131,129,403,129,0,0,0,0,0,0,0,0
nuscenes,scene-0103_031,tz,cm,2,2,34688,2837,6,0.325032,77,0.087887,0.174144,108,108,200,108,131,131,407,131,0,0,0,0,0,0,0,0
nuscenes,scene-0103_031,tz,cm,2,-2,34688,2802,6,0.317423,73,0.0948373,0.174144,108,108,190,108,131,131,409,131,0,0,0,0,0,0,0,0
nuscenes,scene-0103_031,tz,cm,5,5,34688,2858,6,0.297406,83,0.0636638,0.174144,108,108,201,108,131,129,405,129,0,0,0,0,0,0,0,0
nuscenes,scene-0103_031,tz,cm,5,-5,34688,2764,6,0.292727,69,0.0767913,0.174144,108,108,181,108,131,131,372,131,0,0,0,0,0,0,0,0
nuscenes,scene-0103_031,tz,cm,10,10,34688,2957,6,0.2821,96,0.0526219,0.174144,108,97,185,97,131,129,405,129,0,0,0,0,0,0,0,0
nuscenes,scene-0103_031,tz,cm,10,-10,34688,2685,6,0.282027,68,0.0690348,0.174144,108,108,178,108,131,131,364,131,0,0,0,0,0,0,0,0
nuscenes,scene-0103_031,tz,cm,20,20,34688,3173,6,0.170044,193,0.0309418,0.174144,108,94,199,94,131,129,409,129,0,0,0,0,0,0,0,0
nuscenes,scene-0103_031,tz,cm,20,-20,34688,2598,6,0.272235,69,0.0365123,0.174144,108,108,179,108,131,130,369,130,0,0,0,0,0,0,0,0
nuscenes,scene-0103_032,baseline,,0,0,34752,2837,6,0.249381,71,0.0523091,0.171761,111,111,232,111,129,129,334,129,10,10,30,10,0,0,0,0
nuscenes,scene-0103_032,roll,deg,0.25,0.25,34752,2861,6,0.290226,69,0.0803331,0.171761,111,111,227,111,129,129,351,129,10,10,29,10,0,0,0,0
nuscenes,scene-0103_032,roll,deg,0.25,-0.25,34752,2815,6,0.218032,70,0.00441565,0.171761,111,111,247,111,129,129,321,129,10,10,30,10,0,0,0,0
nuscenes,scene-0103_032,roll,deg,0.5,0.5,34752,2881,6,0.26421,68,0.0593777,0.171761,111,111,238,111,129,128,343,128,10,10,30,10,0,0,0,0
nuscenes,scene-0103_032,roll,deg,0.5,-0.5,34752,2781,6,0.275482,71,0.0547534,0.171761,111,111,261,111,129,129,325,129,10,10,30,10,0,0,0,0
nuscenes,scene-0103_032,roll,deg,1,1,34752,2981,6,0.280469,70,0.0678914,0.171761,111,111,264,111,129,119,338,119,10,10,37,10,0,0,0,0
nuscenes,scene-0103_032,roll,deg,1,-1,34752,2699,6,0.283812,69,0.0640115,0.171761,111,111,222,111,129,129,345,129,10,8,27,8,0,0,0,0
nuscenes,scene-0103_032,roll,deg,1.5,1.5,34752,3028,6,0.18815,69,-0.0206063,0.171761,111,111,246,111,129,110,372,110,10,10,37,10,0,0,0,0
nuscenes,scene-0103_032,roll,deg,1.5,-1.5,34752,2654,6,0.257861,69,0.0448069,0.171761,111,111,232,111,129,118,335,118,10,8,27,8,0,0,0,0
nuscenes,scene-0103_032,roll,deg,2,2,34752,3080,6,0.208949,68,0.0244468,0.171761,111,101,254,101,129,103,365,103,10,2,39,2,0,0,0,0
nuscenes,scene-0103_032,roll,deg,2,-2,34752,2566,6,0.191266,68,-0.00758184,0.171761,111,111,254,111,129,104,335,104,10,8,28,8,0,0,0,0
nuscenes,scene-0103_032,roll,deg,3,3,34752,3205,6,0.156317,67,-0.0218505,0.171761,111,100,274,100,129,73,409,73,10,2,55,2,0,0,0,0
nuscenes,scene-0103_032,roll,deg,3,-3,34752,2463,6,0.198547,67,-0.0158878,0.171761,111,97,235,97,129,73,324,73,10,0,16,0,0,0,0,0
nuscenes,scene-0103_032,pitch,deg,0.25,0.25,34752,2840,6,0.257556,71,0.0632576,0.171761,111,111,239,111,129,129,331,129,10,10,30,10,0,0,0,0
nuscenes,scene-0103_032,pitch,deg,0.25,-0.25,34752,2838,6,0.242263,68,0.0362144,0.171761,111,111,230,111,129,129,338,129,10,10,30,10,0,0,0,0
nuscenes,scene-0103_032,pitch,deg,0.5,0.5,34752,2847,6,0.255224,71,0.052352,0.171761,111,111,247,111,129,129,331,129,10,10,30,10,0,0,0,0
nuscenes,scene-0103_032,pitch,deg,0.5,-0.5,34752,2837,6,0.262344,69,0.0435155,0.171761,111,111,230,111,129,129,347,129,10,10,30,10,0,0,0,0
nuscenes,scene-0103_032,pitch,deg,1,1,34752,2848,6,0.251339,68,0.0405321,0.171761,111,111,261,111,129,129,328,129,10,10,26,10,0,0,0,0
nuscenes,scene-0103_032,pitch,deg,1,-1,34752,2836,6,0.23575,69,0.0343427,0.171761,111,111,224,111,129,129,346,129,10,10,30,10,0,0,0,0
nuscenes,scene-0103_032,pitch,deg,1.5,1.5,34752,2845,6,0.2883,71,0.0609258,0.171761,111,111,255,111,129,129,322,129,10,10,25,10,0,0,0,0
nuscenes,scene-0103_032,pitch,deg,1.5,-1.5,34752,2836,6,0.267331,69,0.0764233,0.171761,111,111,250,111,129,128,338,128,10,10,30,10,0,0,0,0
nuscenes,scene-0103_032,pitch,deg,2,2,34752,2843,6,0.30753,67,0.0644284,0.171761,111,111,240,111,129,129,336,129,10,10,30,10,0,0,0,0
nuscenes,scene-0103_032,pitch,deg,2,-2,34752,2827,6,0.268312,70,0.083075,0.171761,111,111,264,111,129,128,337,128,10,10,30,10,0,0,0,0
nuscenes,scene-0103_032,pitch,deg,3,3,34752,2844,6,0.266108,69,0.00102547,0.171761,111,111,225,111,129,125,360,125,10,10,39,10,0,0,0,0
nuscenes,scene-0103_032,pitch,deg,3,-3,34752,2811,6,0.233299,71,0.0414549,0.171761,111,111,257,111,129,122,330,122,10,9,30,9,0,0,0,0
nuscenes,scene-0103_032,yaw,deg,0.25,0.25,34752,2839,6,0.257115,71,0.0481464,0.171761,111,111,231,111,129,129,335,129,10,10,31,10,0,0,0,0
nuscenes,scene-0103_032,yaw,deg,0.25,-0.25,34752,2844,6,0.233157,68,0.0301868,0.171761,111,111,232,111,129,129,341,129,10,10,32,10,0,0,0,0
nuscenes,scene-0103_032,yaw,deg,0.5,0.5,34752,2839,6,0.237155,70,0.0315297,0.171761,111,111,229,111,129,129,336,129,10,10,28,10,0,0,0,0
nuscenes,scene-0103_032,yaw,deg,0.5,-0.5,34752,2847,6,0.241864,66,0.0396804,0.171761,111,111,236,111,129,129,338,129,10,10,34,10,0,0,0,0
nuscenes,scene-0103_032,yaw,deg,1,1,34752,2831,6,0.243207,73,0.0415175,0.171761,111,109,228,109,129,126,333,126,10,10,27,10,0,0,0,0
nuscenes,scene-0103_032,yaw,deg,1,-1,34752,2843,6,0.22179,67,0.0260913,0.171761,111,110,239,110,129,126,339,126,10,8,34,8,0,0,0,0
nuscenes,scene-0103_032,yaw,deg,1.5,1.5,34752,2827,6,0.225386,74,0.00853735,0.171761,111,107,227,107,129,118,331,118,10,10,22,10,0,0,0,0
nuscenes,scene-0103_032,yaw,deg,1.5,-1.5,34752,2839,6,0.189993,66,-0.0164051,0.171761,111,108,240,108,129,117,340,117,10,7,36,7,0,0,0,0
nuscenes,scene-0103_032,yaw,deg,2,2,34752,2823,6,0.269003,74,0.0254538,0.171761,111,102,227,102,129,111,336,111,10,10,19,10,0,0,0,0
nuscenes,scene-0103_032,yaw,deg,2,-2,34752,2839,6,0.194966,66,-0.0127521,0.171761,111,104,242,104,129,107,342,107,10,5,37,5,0,0,0,0
nuscenes,scene-0103_032,yaw,deg,3,3,34752,2821,6,0.252582,74,0.0508031,0.171761,111,93,223,93,129,85,341,85,10,8,16,8,0,0,0,0
nuscenes,scene-0103_032,yaw,deg,3,-3,34752,2843,6,0.260539,63,0.0664266,0.171761,111,101,251,101,129,85,335,85,10,1,41,1,0,0,0,0
nuscenes,scene-0103_032,tx,cm,2,2,34752,2842,6,0.259464,70,0.0608397,0.171761,111,111,232,111,129,129,335,129,10,10,32,10,0,0,0,0
nuscenes,scene-0103_032,tx,cm,2,-2,34752,2842,6,0.25473,71,0.0578881,0.171761,111,111,233,111,129,129,337,129,10,10,29,10,0,0,0,0
nuscenes,scene-0103_032,tx,cm,5,5,34752,2840,6,0.243541,68,0.0376954,0.171761,111,111,231,111,129,129,338,129,10,10,32,10,0,0,0,0
nuscenes,scene-0103_032,tx,cm,5,-5,34752,2840,6,0.245412,70,0.0470922,0.171761,111,111,231,111,129,129,335,129,10,10,29,10,0,0,0,0
nuscenes,scene-0103_032,tx,cm,10,10,34752,2840,6,0.228788,67,0.0218981,0.171761,111,111,235,111,129,129,336,129,10,10,32,10,0,0,0,0
nuscenes,scene-0103_032,tx,cm,10,-10,34752,2844,6,0.229108,77,0.0392991,0.171761,111,111,232,111,129,129,338,129,10,10,29,10,0,0,0,0
nuscenes,scene-0103_032,tx,cm,20,20,34752,2839,6,0.232987,70,0.0272048,0.171761,111,111,237,111,129,129,337,129,10,10,35,10,0,0,0,0
nuscenes,scene-0103_032,tx,cm,20,-20,34752,2846,6,0.213836,87,0.0328976,0.171761,111,111,234,111,129,129,337,129,10,10,28,10,0,0,0,0
nuscenes,scene-0103_032,ty,cm,2,2,34752,2854,6,0.267227,70,0.0658148,0.171761,111,111,233,111,129,129,335,129,10,10,31,10,0,0,0,0
nuscenes,scene-0103_032,ty,cm,2,-2,34752,2830,6,0.236788,68,0.046405,0.171761,111,111,232,111,129,129,332,129,10,10,30,10,0,0,0,0
nuscenes,scene-0103_032,ty,cm,5,5,34752,2866,6,0.254466,70,0.0516945,0.171761,111,111,235,111,129,129,339,129,10,10,32,10,0,0,0,0
nuscenes,scene-0103_032,ty,cm,5,-5,34752,2817,6,0.226018,69,0.033018,0.171761,111,111,231,111,129,129,334,129,10,10,29,10,0,0,0,0
nuscenes,scene-0103_032,ty,cm,10,10,34752,2885,6,0.254263,68,0.049435,0.171761,111,111,231,111,129,129,342,129,10,10,32,10,0,0,0,0
nuscenes,scene-0103_032,ty,cm,10,-10,34752,2790,6,0.216023,66,0.0244003,0.171761,111,111,229,111,129,129,334,129,10,10,29,10,0,0,0,0
nuscenes,scene-0103_032,ty,cm,20,20,34752,2985,6,0.185362,125,0.01079,0.171761,111,111,242,111,129,129,345,129,10,10,32,10,0,0,0,0
nuscenes,scene-0103_032,ty,cm,20,-20,34752,2734,6,0.212567,72,0.0273667,0.171761,111,111,228,111,129,129,331,129,10,10,29,10,0,0,0,0
nuscenes,scene-0103_032,tz,cm,2,2,34752,2855,6,0.246015,66,0.0450684,0.171761,111,111,230,111,129,129,335,129,10,10,30,10,0,0,0,0
nuscenes,scene-0103_032,tz,cm,2,-2,34752,2819,6,0.241531,69,0.0422913,0.171761,111,111,234,111,129,129,332,129,10,10,30,10,0,0,0,0
nuscenes,scene-0103_032,tz,cm,5,5,34752,2877,6,0.267088,66,0.0628195,0.171761,111,111,230,111,129,129,350,129,10,10,30,10,0,0,0,0
nuscenes,scene-0103_032,tz,cm,5,-5,34752,2782,6,0.228784,68,0.0270515,0.171761,111,111,239,111,129,129,331,129,10,10,30,10,0,0,0,0
nuscenes,scene-0103_032,tz,cm,10,10,34752,2977,6,0.31315,69,0.0922296,0.171761,111,111,251,111,129,129,357,129,10,10,30,10,0,0,0,0
nuscenes,scene-0103_032,tz,cm,10,-10,34752,2702,6,0.224665,68,0.0148406,0.171761,111,111,245,111,129,129,299,129,10,10,30,10,0,0,0,0
nuscenes,scene-0103_032,tz,cm,20,20,34752,3194,6,0.180208,174,0.0508309,0.171761,111,111,264,111,129,128,345,128,10,10,25,10,0,0,0,0
nuscenes,scene-0103_032,tz,cm,20,-20,34752,2617,6,0.24892,66,0.0217528,0.171761,111,111,222,111,129,129,303,129,10,10,30,10,0,0,0,0
nuscenes,scene-0103_033,baseline,,0,0,34784,2853,5,0.330305,61,0.111658,0.16967,87,87,245,87,166,166,340,166,0,0,0,0,0,0,0,0
nuscenes,scene-0103_033,roll,deg,0.25,0.25,34784,2873,5,0.337735,62,0.105724,0.16967,87,87,238,87,166,166,352,166,0,0,0,0,0,0,0,0
nuscenes,scene-0103_033,roll,deg,0.25,-0.25,34784,2828,5,0.241674,61,0.027109,0.16967,87,87,254,87,166,166,352,166,0,0,0,0,0,0,0,0
nuscenes,scene-0103_033,roll,deg,0.5,0.5,34784,2890,5,0.266958,61,0.0499215,0.16967,87,87,244,87,166,166,332,166,0,0,0,0,0,0,0,0
nuscenes,scene-0103_033,roll,deg,0.5,-0.5,34784,2793,5,0.287376,61,0.0465607,0.16967,87,86,243,86,166,166,343,166,0,0,0,0,0,0,0,0
nuscenes,scene-0103_033,roll,deg,1,1,34784,2987,5,0.264509,61,0.0496683,0.16967,87,83,271,84,166,159,360,159,0,0,0,0,0,0,0,0
nuscenes,scene-0103_033,roll,deg,1,-1,34784,2706,5,0.293886,61,0.0297773,0.16967,87,86,237,86,166,166,326,166,0,0,0,0,0,0,0,0
nuscenes,scene-0103_033,roll,deg,1.5,1.5,34784,3034,5,0.222954,64,0.0299918,0.16967,87,83,243,84,166,142,369,142,0,0,0,0,0,0,0,0
nuscenes,scene-0103_033,roll,deg,1.5,-1.5,34784,2664,5,0.261452,61,0.00803417,0.16967,87,86,240,86,166,149,329,149,0,0,0,0,0,0,0,0
nuscenes,scene-0103_033,roll,deg,2,2,34784,3095,5,0.188909,65,0.00532076,0.16967,87,76,252,77,166,130,374,130,0,0,0,0,0,0,0,0
nuscenes,scene-0103_033,roll,deg,2,-2,34784,2584,5,0.231147,60,-0.00342011,0.16967,87,77,227,77,166,142,325,142,0,0,0,0,0,0,0,0
nuscenes,scene-0103_033,roll,deg,3,3,34784,3212,5,0.174027,64,-0.0136907,0.16967,87,74,270,75,166,94,404,94,0,0,0,0,0,0,0,0
nuscenes,scene-0103_033,roll,deg,3,-3,34784,2473,5,0.192585,60,-0.0349967,0.16967,87,73,234,73,166,111,317,111,0,0,0,0,0,0,0,0
nuscenes,scene-0103_033,pitch,deg,0.25,0.25,34784,2855,5,0.304834,62,0.0988988,0.16967,87,87,248,87,166,166,341,166,0,0,0,0,0,0,0,0
nuscenes,scene-0103_033,pitch,deg,0.25,-0.25,34784,2850,5,0.320505,63,0.0893166,0.16967,87,87,241,87,166,166,341,166,0,0,0,0,0,0,0,0
nuscenes,scene-0103_033,pitch,deg,0.5,0.5,34784,2858,5,0.267402,59,0.0665185,0.16967,87,87,255,87,166,166,351,166,0,0,0,0,0,0,0,0
nuscenes,scene-0103_033,pitch,deg,0.5,-0.5,34784,2846,5,0.322384,60,0.0840424,0.16967,87,87,236,87,166,166,338,166,0,0,0,0,0,0,0,0
nuscenes,scene-0103_033,pitch,deg,1,1,34784,2857,5,0.268084,60,0.0443031,0.16967,87,86,265,86,166,166,357,166,0,0,0,0,0,0,0,0
nuscenes,scene-0103_033,pitch,deg,1,-1,34784,2845,5,0.302234,61,0.0543528,0.16967,87,87,250,88,166,166,330,166,0,0,0,0,0,0,0,0
nuscenes,scene-0103_033,pitch,deg,1.5,1.5,34784,2856,5,0.293387,62,0.0559254,0.16967,87,86,252,86,166,166,351,166,0,0,0,0,0,0,0,0
nuscenes,scene-0103_033,pitch,deg,1.5,-1.5,34784,2847,5,0.297315,59,0.04213,0.16967,87,86,244,87,166,166,324,166,0,0,0,0,0,0,0,0
nuscenes,scene-0103_033,pitch,deg,2,2,34784,2850,5,0.314272,58,0.0750286,0.16967,87,86,234,86,166,166,353,166,0,0,0,0,0,0,0,0
nuscenes,scene-0103_033,pitch,deg,2,-2,34784,2841,5,0.286898,63,0.0391776,0.16967,87,83,235,84,166,165,321,165,0,0,0,0,0,0,0,0
nuscenes,scene-0103_033,pitch,deg,3,3,34784,2854,5,0.289278,59,0.0366453,0.16967,87,83,231,83,166,160,363,160,0,0,0,0,0,0,0,0
nuscenes,scene-0103_033,pitch,deg,3,-3,34784,2820,5,0.284855,64,0.0600048,0.16967,87,83,254,84,166,159,367,159,0,0,0,0,0,0,0,0
nuscenes,scene-0103_033,yaw,deg,0.25,0.25,34784,2848,5,0.332562,61,0.119672,0.16967,87,85,243,85,166,166,337,166,0,0,0,0,0,0,0,0
nuscenes,scene-0103_033,yaw,deg,0.25,-0.25,34784,2854,5,0.327908,61,0.107046,0.16967,87,87,249,89,166,165,341,165,0,0,0,0,0,0,0,0
nuscenes,scene-0103_033,yaw,deg,0.5,0.5,34784,2846,5,0.322887,63,0.103646,0.16967,87,82,236,82,166,166,336,166,0,0,0,0,0,0,0,0
nuscenes,scene-0103_033,yaw,deg,0.5,-0.5,34784,2854,5,0.3049,58,0.077658,0.16967,87,87,252,91,166,165,343,165,0,0,0,0,0,0,0,0
nuscenes,scene-0103_033,yaw,deg,1,1,34784,2850,5,0.266321,60,0.0443179,0.16967,87,75,237,75,166,165,331,165,0,0,0,0,0,0,0,0
nuscenes,scene-0103_033,yaw,deg,1,-1,34784,2857,5,0.271881,58,0.0149978,0.16967,87,87,253,94,166,161,350,161,0,0,0,0,0,0,0,0
nuscenes,scene-0103_033,yaw,deg,1.5,1.5,34784,2843,5,0.243218,60,0.0191871,0.16967,87,65,229,65,166,162,325,162,0,0,0,0,0,0,0,0
nuscenes,scene-0103_033,yaw,deg,1.5,-1.5,34784,2861,5,0.277559,64,0.00831929,0.16967,87,87,263,96,166,151,346,151,0,0,0,0,0,0,0,0
nuscenes,scene-0103_033,yaw,deg,2,2,34784,2844,5,0.270262,61,0.0304611,0.16967,87,57,225,57,166,161,328,161,0,0,0,0,0,0,0,0
nuscenes,scene-0103_033,yaw,deg,2,-2,34784,2855,5,0.282475,64,0.0230918,0.16967,87,86,268,96,166,142,352,142,0,0,0,0,0,0,0,0
nuscenes,scene-0103_033,yaw,deg,3,3,34784,2840,5,0.256293,60,-0.000448346,0.16967,87,43,219,43,166,144,324,144,0,0,0,0,0,0,0,0
nuscenes,scene-0103_033,yaw,deg,3,-3,34784,2856,5,0.247588,62,0.0172109,0.16967,87,74,269,84,166,121,356,121,0,0,0,0,0,0,0,0
nuscenes,scene-0103_033,tx,cm,2,2,34784,2853,5,0.326803,60,0.105879,0.16967,87,87,249,88,166,166,341,166,0,0,0,0,0,0,0,0
nuscenes,scene-0103_033,tx,cm,2,-2,34784,2849,5,0.31035,63,0.101748,0.16967,87,86,244,86,166,166,341,166,0,0,0,0,0,0,0,0
nuscenes,scene-0103_033,tx,cm,5,5,34784,2855,5,0.330625,60,0.107439,0.16967,87,87,249,89,166,165,339,165,0,0,0,0,0,0,0,0
nuscenes,scene-0103_033,tx,cm,5,-5,34784,2853,5,0.31028,63,0.0999039,0.16967,87,85,243,85,166,166,340,166,0,0,0,0,0,0,0,0
nuscenes,scene-0103_033,tx,cm,10,10,34784,2849,5,0.327349,57,0.100244,0.16967,87,87,250,90,166,165,340,165,0,0,0,0,0,0,0,0
nuscenes,scene-0103_033,tx,cm,10,-10,34784,2854,5,0.302385,62,0.0926997,0.16967,87,83,241,83,166,166,341,166,0,0,0,0,0,0,0,0
nuscenes,scene-0103_033,tx,cm,20,20,34784,2842,5,0.337134,54,0.105446,0.16967,87,87,249,92,166,165,344,165,0,0,0,0,0,0,0,0
nuscenes,scene-0103_033,tx,cm,20,-20,34784,2863,5,0.325312,60,0.105912,0.16967,87,80,240,80,166,166,340,166,0,0,0,0,0,0,0,0
nuscenes,scene-0103_033,ty,cm,2,2,34784,2861,5,0.323528,61,0.111628,0.16967,87,87,244,87,166,166,341,166,0,0,0,0,0,0,0,0
nuscenes,scene-0103_033,ty,cm,2,-2,34784,2842,5,0.33265,61,0.110543,0.16967,87,86,244,86,166,166,338,166,0,0,0,0,0,0,0,0
nuscenes,scene-0103_033,ty,cm,5,5,34784,2872,5,0.315764,62,0.105137,0.16967,87,87,246,88,166,166,342,166,0,0,0,0,0,0,0,0
nuscenes,scene-0103_033,ty,cm,5,-5,34784,2826,5,0.327257,61,0.111899,0.16967,87,86,246,86,166,166,340,166,0,0,0,0,0,0,0,0
nuscenes,scene-0103_033,ty,cm,10,10,34784,2902,5,0.313251,64,0.103458,0.16967,87,87,252,89,166,166,344,166,0,0,0,0,0,0,0,0
nuscenes,scene-0103_033,ty,cm,10,-10,34784,2800,5,0.336369,59,0.117935,0.16967,87,85,242,85,166,166,338,166,0,0,0,0,0,0,0,0
nuscenes,scene-0103_033,ty,cm,20,20,34784,3021,5,0.200369,119,0.0274527,0.16967,87,87,254,91,166,165,348,165,0,0,0,0,0,0,0,0
nuscenes,scene-0103_033,ty,cm,20,-20,34784,2739,5,0.345137,55,0.122351,0.16967,87,82,237,82,166,166,336,166,0,0,0,0,0,0,0,0
nuscenes,scene-0103_033,tz,cm,2,2,34784,2869,5,0.313346,65,0.112051,0.16967,87,87,243,87,166,166,340,166,0,0,0,0,0,0,0,0
nuscenes,scene-0103_033,tz,cm,2,-2,34784,2833,5,0.315023,61,0.0993292,0.16967,87,87,246,87,166,166,339,166,0,0,0,0,0,0,0,0
nuscenes,scene-0103_033,tz,cm,5,5,34784,2891,5,0.319401,65,0.115473,0.16967,87,87,244,87,166,166,344,166,0,0,0,0,0,0,0,0
nuscenes,scene-0103_033,tz,cm,5,-5,34784,2796,5,0.284243,61,0.0750385,0.16967,87,87,249,87,166,166,339,166,0,0,0,0,0,0,0,0
nuscenes,scene-0103_033,tz,cm,10,10,34784,2994,5,0.292721,65,0.0921673,0.16967,87,87,249,87,166,166,351,166,0,0,0,0,0,0,0,0
nuscenes,scene-0103_033,tz,cm,10,-10,34784,2714,5,0.255746,58,0.0277387,0.16967,87,87,243,87,166,166,341,166,0,0,0,0,0,0,0,0
nuscenes,scene-0103_033,tz,cm,20,20,34784,3210,5,0.152255,165,0.0317238,0.16967,87,83,278,83,166,166,379,166,0,0,0,0,0,0,0,0
nuscenes,scene-0103_033,tz,cm,20,-20,34784,2628,5,0.259899,58,0.0113214,0.16967,87,87,221,87,166,166,340,166,0,0,0,0,0,0,0,0
nuscenes,scene-0103_034,baseline,,0,0,34688,2844,5,0.26784,49,0.0696531,0.176867,109,108,222,108,248,248,492,248,0,0,0,0,0,0,0,0
nuscenes,scene-0103_034,roll,deg,0.25,0.25,34688,2864,5,0.31001,50,0.101422,0.176867,109,108,229,108,248,248,511,248,0,0,0,0,0,0,0,0
nuscenes,scene-0103_034,roll,deg,0.25,-0.25,34688,2816,5,0.271693,46,0.0583138,0.176867,109,108,231,108,248,248,508,248,0,0,0,0,0,0,0,0
nuscenes,scene-0103_034,roll,deg,0.5,0.5,34688,2880,5,0.300104,48,0.080613,0.176867,109,109,242,109,248,248,541,248,0,0,0,0,0,0,0,0
nuscenes,scene-0103_034,roll,deg,0.5,-0.5,34688,2784,5,0.250338,45,0.0515156,0.176867,109,108,237,108,248,248,523,248,0,0,0,0,0,0,0,0
nuscenes,scene-0103_034,roll,deg,1,1,34688,2976,5,0.298844,49,0.0566602,0.176867,109,109,238,109,248,226,532,226,0,0,0,0,0,0,0,0
nuscenes,scene-0103_034,roll,deg,1,-1,34688,2700,5,0.234269,44,0.0278693,0.176867,109,108,232,108,248,245,506,245,0,0,0,0,0,0,0,0
nuscenes,scene-0103_034,roll,deg,1.5,1.5,34688,3025,5,0.232289,51,0.0303904,0.176867,109,109,237,109,248,226,531,226,0,0,0,0,0,0,0,0
nuscenes,scene-0103_034,roll,deg,1.5,-1.5,34688,2657,5,0.233739,46,0.00405313,0.176867,109,108,219,108,248,237,478,237,0,0,0,0,0,0,0,0
nuscenes,scene-0103_034,roll,deg,2,2,34688,3086,5,0.14249,49,-0.0258545,0.176867,109,103,252,103,248,203,561,203,0,0,0,0,0,0,0,0
nuscenes,scene-0103_034,roll,deg,2,-2,34688,2582,5,0.196042,43,-0.0354538,0.176867,109,108,225,108,248,218,499,218,0,0,0,0,0,0,0,0
nuscenes,scene-0103_034,roll,deg,3,3,34688,3207,5,0.171405,50,-0.00502217,0.176867,109,103,274,103,248,189,613,189,0,0,0,0,0,0,0,0
nuscenes,scene-0103_034,roll,deg,3,-3,34688,2469,5,0.153921,42,-0.0654656,0.176867,109,101,216,101,248,195,486,195,0,0,0,0,0,0,0,0
nuscenes,scene-0103_034,pitch,deg,0.25,0.25,34688,2846,5,0.297349,48,0.0800573,0.176867,109,108,227,108,248,248,492,248,0,0,0,0,0,0,0,0
nuscenes,scene-0103_034,pitch,deg,0.25,-0.25,34688,2840,5,0.255374,47,0.0589966,0.176867,109,108,224,108,248,248,494,248,0,0,0,0,0,0,0,0
nuscenes,scene-0103_034,pitch,deg,0.5,0.5,34688,2849,5,0.305907,49,0.0895141,0.176867,109,109,230,109,248,248,494,248,0,0,0,0,0,0,0,0
nuscenes,scene-0103_034,pitch,deg,0.5,-0.5,34688,2837,5,0.272622,47,0.073983,0.176867,109,108,229,108,248,248,497,248,0,0,0,0,0,0,0,0
nuscenes,scene-0103_034,pitch,deg,1,1,34688,2852,5,0.27539,44,0.0449826,0.176867,109,109,238,109,248,248,513,248,0,0,0,0,0,0,0,0
nuscenes,scene-0103_034,pitch,deg,1,-1,34688,2838,5,0.313637,45,0.0997711,0.176867,109,108,242,108,248,248,513,248,0,0,0,0,0,0,0,0
nuscenes,scene-0103_034,pitch,deg,1.5,1.5,34688,2849,5,0.276506,47,0.0542704,0.176867,109,109,246,109,248,248,529,248,0,0,0,0,0,0,0,0
nuscenes,scene-0103_034,pitch,deg,1.5,-1.5,34688,2837,5,0.328013,49,0.109195,0.176867,109,108,250,108,248,246,530,246,0,0,0,0,0,0,0,0
nuscenes,scene-0103_034,pitch,deg,2,2,34688,2849,5,0.268487,47,0.0378775,0.176867,109,109,236,109,248,247,538,247,0,0,0,0,0,0,0,0
nuscenes,scene-0103_034,pitch,deg,2,-2,34688,2829,5,0.275742,48,0.0670786,0.176867,109,108,241,108,248,234,519,234,0,0,0,0,0,0,0,0
nuscenes,scene-0103_034,pitch,deg,3,3,34688,2849,5,0.309532,46,0.0631205,0.176867,109,109,222,109,248,247,534,247,0,0,0,0,0,0,0,0
nuscenes,scene-0103_034,pitch,deg,3,-3,34688,2814,5,0.21413,48,0.019958,0.176867,109,104,228,104,248,221,493,222,0,0,0,0,0,0,0,0
nuscenes,scene-0103_034,yaw,deg,0.25,0.25,34688,2838,5,0.284553,47,0.0607582,0.176867,109,109,220,110,248,243,485,243,0,0,0,0,0,0,0,0
nuscenes,scene-0103_034,yaw,deg,0.25,-0.25,34688,2851,5,0.265862,49,0.0607426,0.176867,109,108,226,108,248,248,494,252,0,0,0,0,0,0,0,0
nuscenes,scene-0103_034,yaw,deg,0.5,0.5,34688,2836,5,0.263427,47,0.0510388,0.176867,109,109,219,112,248,239,485,239,0,0,0,0,0,0,0,0
nuscenes,scene-0103_034,yaw,deg,0.5,-0.5,34688,2848,5,0.246206,46,0.0370656,0.176867,109,106,227,106,248,248,499,253,0,0,0,0,0,0,0,0
nuscenes,scene-0103_034,yaw,deg,1,1,34688,2836,5,0.297381,49,0.0857562,0.176867,109,107,222,116,248,232,482,232,0,0,0,0,0,0,0,0
nuscenes,scene-0103_034,yaw,deg,1,-1,34688,2856,5,0.258163,48,0.0240048,0.176867,109,101,231,101,248,242,500,253,0,0,0,0,0,0,0,0
nuscenes,scene-0103_034,yaw,deg,1.5,1.5,34688,2830,5,0.286592,56,0.0682762,0.176867,109,104,218,117,248,222,480,222,0,0,0,0,0,0,0,0
nuscenes,scene-0103_034,yaw,deg,1.5,-1.5,34688,2853,5,0.227737,43,-0.0352324,0.176867,109,95,229,95,248,235,503,250,0,0,0,0,0,0,0,0
nuscenes,scene-0103_034,yaw,deg,2,2,34688,2830,5,0.22521,57,0.000895545,0.176867,109,103,226,120,248,209,471,209,0,0,0,0,0,0,0,0
nuscenes,scene-0103_034,yaw,deg,2,-2,34688,2858,5,0.224103,43,-0.0318248,0.176867,109,89,232,89,248,225,498,242,0,0,0,0,0,0,0,0
nuscenes,scene-0103_034,yaw,deg,3,3,34688,2824,5,0.266563,53,0.0338317,0.176867,109,96,223,117,248,180,462,180,0,0,0,0,0,0,0,0
nuscenes,scene-0103_034,yaw,deg,3,-3,34688,2865,5,0.177166,43,-0.0313506,0.176867,109,80,234,80,248,202,508,221,0,0,0,0,0,0,0,0
nuscenes,scene-0103_034,tx,cm,2,2,34688,2840,5,0.275462,47,0.0681908,0.176867,109,108,224,108,248,248,492,248,0,0,0,0,0,0,0,0
nuscenes,scene-0103_034,tx,cm,2,-2,34688,2848,5,0.275144,49,0.0731369,0.176867,109,109,223,109,248,248,491,248,0,0,0,0,0,0,0,0
nuscenes,scene-0103_034,tx,cm,5,5,34688,2844,5,0.269408,49,0.0610337,0.176867,109,108,225,108,248,248,489,249,0,0,0,0,0,0,0,0
nuscenes,scene-0103_034,tx,cm,5,-5,34688,2847,5,0.27546,51,0.0642881,0.176867,109,109,221,110,248,246,492,246,0,0,0,0,0,0,0,0
nuscenes,scene-0103_034,tx,cm,10,10,34688,2844,5,0.243215,51,0.0387989,0.176867,109,106,229,106,248,248,493,252,0,0,0,0,0,0,0,0
nuscenes,scene-0103_034,tx,cm,10,-10,34688,2848,5,0.265269,55,0.0480798,0.176867,109,109,223,112,248,243,483,243,0,0,0,0,0,0,0,0
nuscenes,scene-0103_034,tx,cm,20,20,34688,2840,5,0.22893,52,0.0209246,0.176867,109,102,233,102,248,248,494,256,0,0,0,0,0,0,0,0
nuscenes,scene-0103_034,tx,cm,20,-20,34688,2852,5,0.245313,58,0.0446541,0.176867,109,108,222,115,248,239,487,239,0,0,0,0,0,0,0,0
nuscenes,scene-0103_034,ty,cm,2,2,34688,2854,5,0.271965,48,0.0700867,0.176867,109,109,225,109,248,248,491,248,0,0,0,0,0,0,0,0
nuscenes,scene-0103_034,ty,cm,2,-2,34688,2831,5,0.283996,48,0.0759844,0.176867,109,108,223,108,248,248,491,248,0,0,0,0,0,0,0,0
nuscenes,scene-0103_034,ty,cm,5,5,34688,2869,5,0.278973,47,0.0734796,0.176867,109,109,228,109,248,248,493,248,0,0,0,0,0,0,0,0
nuscenes,scene-0103_034,ty,cm,5,-5,34688,2820,5,0.275133,47,0.0707867,0.176867,109,108,222,108,248,247,489,247,0,0,0,0,0,0,0,0
nuscenes,scene-0103_034,ty,cm,10,10,34688,2893,5,0.281499,49,0.0761124,0.176867,109,109,232,111,248,248,497,250,0,0,0,0,0,0,0,0
nuscenes,scene-0103_034,ty,cm,10,-10,34688,2792,5,0.260148,47,0.0583582,0.176867,109,108,221,108,248,243,482,243,0,0,0,0,0,0,0,0
nuscenes,scene-0103_034,ty,cm,20,20,34688,3014,5,0.18375,118,0.0426867,0.176867,109,109,247,113,248,248,509,252,0,0,0,0,0,0,0,0
nuscenes,scene-0103_034,ty,cm,20,-20,34688,2731,5,0.256655,49,0.0434061,0.176867,109,106,221,106,248,243,480,243,0,0,0,0,0,0,0,0
nuscenes,scene-0103_034,tz,cm,2,2,34688,2862,5,0.260358,51,0.0586646,0.176867,109,108,229,108,248,248,497,248,0,0,0,0,0,0,0,0
nuscenes,scene-0103_034,tz,cm,2,-2,34688,2824,5,0.230922,43,0.0443601,0.176867,109,108,224,108,248,248,490,248,0,0,0,0,0,0,0,0
nuscenes,scene-0103_034,tz,cm,5,5,34688,2882,5,0.271914,49,0.0666152,0.176867,109,108,238,108,248,248,506,248,0,0,0,0,0,0,0,0
nuscenes,scene-0103_034,tz,cm,5,-5,34688,2788,5,0.220799,43,0.0241357,0.176867,109,108,229,108,248,248,486,248,0,0,0,0,0,0,0,0
nuscenes,scene-0103_034,tz,cm,10,10,34688,2984,5,0.332011,51,0.114756,0.176867,109,109,249,109,248,248,536,248,0,0,0,0,0,0,0,0
nuscenes,scene-0103_034,tz,cm,10,-10,34688,2702,5,0.205127,44,0.00550878,0.176867,109,108,232,108,248,248,491,248,0,0,0,0,0,0,0,0
nuscenes,scene-0103_034,tz,cm,20,20,34688,3204,5,0.183812,160,0.057074,0.176867,109,109,260,109,248,234,550,234,0,0,0,0,0,0,0,0
nuscenes,scene-0103_034,tz,cm,20,-20,34688,2617,5,0.219369,43,0.016571,0.176867,109,108,217,108,248,248,497,248,0,0,0,0,0,0,0,0
nuscenes,scene-0103_035,baseline,,0,0,34720,2809,5,0.307609,43,0.104445,0.171222,129,129,251,129,79,79,184,79,13,13,21,13,0,0,0,0
nuscenes,scene-0103_035,roll,deg,0.25,0.25,34720,2831,5,0.269556,44,0.0619349,0.171222,129,129,242,129,79,79,216,79,13,13,21,13,0,0,0,0
nuscenes,scene-0103_035,roll,deg,0.25,-0.25,34720,2785,5,0.26012,41,0.0639668,0.171222,129,129,256,129,79,79,188,79,13,13,22,13,0,0,0,0
nuscenes,scene-0103_035,roll,deg,0.5,0.5,34720,2844,5,0.211733,41,-0.00268339,0.171222,129,129,245,129,79,79,215,79,13,13,21,13,0,0,0,0
nuscenes,scene-0103_035,roll,deg,0.5,-0.5,34720,2753,5,0.229002,40,0.0256785,0.171222,129,129,256,129,79,79,190,79,13,13,17,13,0,0,0,0
nuscenes,scene-0103_035,roll,deg,1,1,34720,2940,5,0.176467,44,-0.00512831,0.171222,129,110,246,110,79,66,201,66,13,13,30,13,0,0,0,0
nuscenes,scene-0103_035,roll,deg,1,-1,34720,2664,5,0.248776,39,0.012539,0.171222,129,129,235,129,79,79,199,79,13,13,17,13,0,0,0,0
nuscenes,scene-0103_035,roll,deg,1.5,1.5,34720,2986,5,0.162554,46,-0.0291162,0.171222,129,106,239,106,79,66,240,66,13,7,29,7,0,0,0,0
nuscenes,scene-0103_035,roll,deg,1.5,-1.5,34720,2621,5,0.233104,39,0.0102861,0.171222,129,129,246,129,79,63,170,63,13,13,21,13,0,0,0,0
nuscenes,scene-0103_035,roll,deg,2,2,34720,3050,5,0.118087,45,-0.06921,0.171222,129,106,258,106,79,60,245,60,13,7,29,7,0,0,0,0
nuscenes,scene-0103_035,roll,deg,2,-2,34720,2545,5,0.255187,38,0.0581699,0.171222,129,127,243,127,79,55,187,55,13,6,14,6,0,0,0,0
nuscenes,scene-0103_035,roll,deg,3,3,34720,3167,5,0.141971,46,-0.0611355,0.171222,129,98,264,98,79,52,283,52,13,0,36,0,0,0,0,0
nuscenes,scene-0103_035,roll,deg,3,-3,34720,2430,5,0.239573,38,0.0442536,0.171222,129,116,241,116,79,34,177,34,13,6,19,6,0,0,0,0
nuscenes,scene-0103_035,pitch,deg,0.25,0.25,34720,2811,5,0.294255,44,0.0977126,0.171222,129,129,256,129,79,79,182,79,13,13,21,13,0,0,0,0
nuscenes,scene-0103_035,pitch,deg,0.25,-0.25,34720,2806,5,0.299408,42,0.09738,0.171222,129,129,247,129,79,79,190,79,13,13,21,13,0,0,0,0
nuscenes,scene-0103_035,pitch,deg,0.5,0.5,34720,2815,5,0.275517,43,0.0827456,0.171222,129,129,256,129,79,79,180,79,13,13,21,13,0,0,0,0
nuscenes,scene-0103_035,pitch,deg,0.5,-0.5,34720,2805,5,0.262339,42,0.0606055,0.171222,129,129,242,129,79,79,191,79,13,13,25,13,0,0,0,0
nuscenes,scene-0103_035,pitch,deg,1,1,34720,2815,5,0.238636,43,0.0448829,0.171222,129,129,258,129,79,79,182,79,13,13,21,13,0,0,0,0
nuscenes,scene-0103_035,pitch,deg,1,-1,34720,2798,5,0.225853,44,0.0241206,0.171222,129,129,239,129,79,79,214,79,13,13,18,13,0,0,0,0
nuscenes,scene-0103_035,pitch,deg,1.5,1.5,34720,2814,5,0.243759,42,0.0378572,0.171222,129,129,244,129,79,79,180,79,13,13,21,13,0,0,0,0
nuscenes,scene-0103_035,pitch,deg,1.5,-1.5,34720,2799,5,0.198429,43,-0.0193458,0.171222,129,124,252,124,79,79,201,79,13,13,17,13,0,0,0,0
nuscenes,scene-0103_035,pitch,deg,2,2,34720,2811,5,0.28188,42,0.0580622,0.171222,129,129,231,129,79,79,214,79,13,13,21,13,0,0,0,0
nuscenes,scene-0103_035,pitch,deg,2,-2,34720,2794,5,0.201151,44,0.00233383,0.171222,129,114,250,114,79,74,203,74,13,13,17,13,0,0,0,0
nuscenes,scene-0103_035,pitch,deg,3,3,34720,2813,5,0.324381,40,0.104574,0.171222,129,129,248,129,79,79,221,79,13,13,21,13,0,0,0,0
nuscenes,scene-0103_035,pitch,deg,3,-3,34720,2768,5,0.138775,45,-0.0751266,0.171222,129,107,239,107,79,71,197,71,13,13,17,13,0,0,0,0
nuscenes,scene-0103_035,yaw,deg,0.25,0.25,34720,2806,5,0.334668,45,0.130335,0.171222,129,129,249,129,79,79,183,79,13,13,20,13,0,0,0,0
nuscenes,scene-0103_035,yaw,deg,0.25,-0.25,34720,2809,5,0.326149,41,0.120736,0.171222,129,129,251,129,79,79,183,79,13,13,22,13,0,0,0,0
nuscenes,scene-0103_035,yaw,deg,0.5,0.5,34720,2795,5,0.345908,46,0.133439,0.171222,129,129,245,129,79,78,183,78,13,13,19,13,0,0,0,0
nuscenes,scene-0103_035,yaw,deg,0.5,-0.5,34720,2810,5,0.345445,41,0.128501,0.171222,129,128,249,128,79,79,183,79,13,13,22,13,0,0,0,0
nuscenes,scene-0103_035,yaw,deg,1,1,34720,2785,5,0.256698,43,0.0400063,0.171222,129,129,241,129,79,77,185,77,13,12,17,12,0,0,0,0
nuscenes,scene-0103_035,yaw,deg,1,-1,34720,2823,5,0.344215,43,0.139821,0.171222,129,127,253,127,79,76,183,76,13,12,23,12,0,0,0,0
nuscenes,scene-0103_035,yaw,deg,1.5,1.5,34720,2773,5,0.243282,47,0.00925353,0.171222,129,127,239,127,79,76,189,76,13,10,14,10,0,0,0,0
nuscenes,scene-0103_035,yaw,deg,1.5,-1.5,34720,2831,5,0.270305,41,0.0590713,0.171222,129,124,253,124,79,72,183,72,13,10,21,10,0,0,0,0
nuscenes,scene-0103_035,yaw,deg,2,2,34720,2781,5,0.257149,45,0.00764859,0.171222,129,121,234,121,79,73,196,73,13,7,10,7,0,0,0,0
nuscenes,scene-0103_035,yaw,deg,2,-2,34720,2840,5,0.271285,41,0.0740751,0.171222,129,122,253,122,79,66,180,66,13,9,23,9,0,0,0,0
nuscenes,scene-0103_035,yaw,deg,3,3,34720,2776,5,0.23685,47,-0.00330661,0.171222,129,110,228,110,79,57,199,57,13,3,4,3,0,0,0,0
nuscenes,scene-0103_035,yaw,deg,3,-3,34720,2854,5,0.214066,39,-0.0058997,0.171222,129,113,254,113,79,57,175,57,13,4,19,4,0,0,0,0
nuscenes,scene-0103_035,tx,cm,2,2,34720,2806,5,0.300811,44,0.102107,0.171222,129,129,250,129,79,79,182,79,13,13,21,13,0,0,0,0
nuscenes,scene-0103_035,tx,cm,2,-2,34720,2806,5,0.317685,42,0.111567,0.171222,129,129,250,129,79,79,183,79,13,13,21,13,0,0,0,0
nuscenes,scene-0103_035,tx,cm,5,5,34720,2809,5,0.313665,42,0.117961,0.171222,129,129,250,129,79,79,181,79,13,13,21,13,0,0,0,0
nuscenes,scene-0103_035,tx,cm,5,-5,34720,2807,5,0.324302,42,0.11982,0.171222,129,129,250,129,79,79,183,79,13,13,21,13,0,0,0,0
nuscenes,scene-0103_035,tx,cm,10,10,34720,2807,5,0.310344,47,0.121414,0.171222,129,129,252,129,79,79,182,79,13,13,21,13,0,0,0,0
nuscenes,scene-0103_035,tx,cm,10,-10,34720,2806,5,0.344498,44,0.137899,0.171222,129,129,249,129,79,79,184,79,13,13,21,13,0,0,0,0
nuscenes,scene-0103_035,tx,cm,20,20,34720,2803,5,0.309291,45,0.091376,0.171222,129,127,250,127,79,79,181,79,13,13,22,13,0,0,0,0
nuscenes,scene-0103_035,tx,cm,20,-20,34720,2805,5,0.321725,44,0.129596,0.171222,129,129,247,129,79,78,185,78,13,13,20,13,0,0,0,0
nuscenes,scene-0103_035,ty,cm,2,2,34720,2820,5,0.328983,43,0.124186,0.171222,129,129,251,129,79,79,183,79,13,13,21,13,0,0,0,0
nuscenes,scene-0103_035,ty,cm,2,-2,34720,2797,5,0.315963,42,0.111493,0.171222,129,129,251,129,79,79,183,79,13,13,21,13,0,0,0,0
nuscenes,scene-0103_035,ty,cm,5,5,34720,2831,5,0.314465,42,0.107018,0.171222,129,129,251,129,79,79,183,79,13,13,21,13,0,0,0,0
nuscenes,scene-0103_035,ty,cm,5,-5,34720,2779,5,0.292426,42,0.0950741,0.171222,129,129,250,129,79,79,182,79,13,13,21,13,0,0,0,0
nuscenes,scene-0103_035,ty,cm,10,10,34720,2860,5,0.317865,43,0.121188,0.171222,129,129,255,129,79,79,185,79,13,13,21,13,0,0,0,0
nuscenes,scene-0103_035,ty,cm,10,-10,34720,2755,5,0.330999,46,0.131635,0.171222,129,129,249,129,79,79,179,79,13,13,21,13,0,0,0,0
nuscenes,scene-0103_035,ty,cm,20,20,34720,2985,5,0.216901,120,0.0570325,0.171222,129,129,266,129,79,79,191,79,13,13,21,13,0,0,0,0
nuscenes,scene-0103_035,ty,cm,20,-20,34720,2693,5,0.32429,48,0.139073,0.171222,129,128,243,128,79,79,175,79,13,13,21,13,0,0,0,0
nuscenes,scene-0103_035,tz,cm,2,2,34720,2826,5,0.333581,47,0.130146,0.171222,129,129,249,129,79,79,187,79,13,13,21,13,0,0,0,0
nuscenes,scene-0103_035,tz,cm,2,-2,34720,2790,5,0.234348,38,0.0340845,0.171222,129,129,254,129,79,79,185,79,13,13,21,13,0,0,0,0
nuscenes,scene-0103_035,tz,cm,5,5,34720,2846,5,0.298643,53,0.0920807,0.171222,129,129,246,129,79,79,189,79,13,13,21,13,0,0,0,0
nuscenes,scene-0103_035,tz,cm,5,-5,34720,2755,5,0.218271,38,0.0224117,0.171222,129,129,256,129,79,79,184,79,13,13,21,13,0,0,0,0
nuscenes,scene-0103_035,tz,cm,10,10,34720,2948,5,0.270641,64,0.0495607,0.171222,129,129,261,129,79,79,215,79,13,13,21,13,0,0,0,0
nuscenes,scene-0103_035,tz,cm,10,-10,34720,2671,5,0.23387,38,0.0426763,0.171222,129,129,255,129,79,79,183,79,13,13,21,13,0,0,0,0
nuscenes,scene-0103_035,tz,cm,20,20,34720,3168,5,0.16847,178,0.0423824,0.171222,129,111,258,111,79,71,222,71,13,13,21,13,0,0,0,0
nuscenes,scene-0103_035,tz,cm,20,-20,34720,2583,5,0.223322,38,0.0495681,0.171222,129,129,218,129,79,79,171,79,13,13,17,13,0,0,0,0
nuscenes,scene-0103_036,baseline,,0,0,34752,2795,4,0.282585,74,0.0265126,0.170288,34,34,122,34,112,112,213,112,0,0,0,0,0,0,0,0
nuscenes,scene-0103_036,roll,deg,0.25,0.25,34752,2821,4,0.245168,72,0.0162845,0.170288,34,34,130,34,112,112,209,112,0,0,0,0,0,0,0,0
nuscenes,scene-0103_036,roll,deg,0.25,-0.25,34752,2771,4,0.245612,74,-0.0064387,0.170288,34,34,102,34,112,111,206,111,0,0,0,0,0,0,0,0
nuscenes,scene-0103_036,roll,deg,0.5,0.5,34752,2839,4,0.192089,74,-0.0311161,0.170288,34,34,130,34,112,112,216,112,0,0,0,0,0,0,0,0
nuscenes,scene-0103_036,roll,deg,0.5,-0.5,34752,2740,4,0.240731,71,-0.00889693,0.170288,34,34,106,34,112,111,196,111,0,0,0,0,0,0,0,0
nuscenes,scene-0103_036,roll,deg,1,1,34752,2940,4,0.202254,74,0.00666392,0.170288,34,34,113,34,112,112,237,112,0,0,0,0,0,0,0,0
nuscenes,scene-0103_036,roll,deg,1,-1,34752,2655,4,0.227282,77,-0.0227102,0.170288,34,34,123,34,112,89,178,89,0,0,0,0,0,0,0,0
nuscenes,scene-0103_036,roll,deg,1.5,1.5,34752,2987,4,0.201423,75,0.00670424,0.170288,34,34,137,34,112,105,241,105,0,0,0,0,0,0,0,0
nuscenes,scene-0103_036,roll,deg,1.5,-1.5,34752,2613,4,0.278944,74,0.0449068,0.170288,34,27,103,27,112,89,186,89,0,0,0,0,0,0,0,0
nuscenes,scene-0103_036,roll,deg,2,2,34752,3048,4,0.174508,74,0.0182163,0.170288,34,29,134,29,112,98,278,98,0,0,0,0,0,0,0,0
nuscenes,scene-0103_036,roll,deg,2,-2,34752,2538,4,0.282247,74,0.038628,0.170288,34,27,97,27,112,72,156,72,0,0,0,0,0,0,0,0
nuscenes,scene-0103_036,roll,deg,3,3,34752,3160,4,0.182229,72,-0.00324664,0.170288,34,29,159,29,112,88,310,88,0,0,0,0,0,0,0,0
nuscenes,scene-0103_036,roll,deg,3,-3,34752,2423,4,0.258286,70,0.0134982,0.170288,34,14,103,14,112,62,181,62,0,0,0,0,0,0,0,0
nuscenes,scene-0103_036,pitch,deg,0.25,0.25,34752,2801,4,0.289841,73,0.0443864,0.170288,34,34,109,34,112,111,208,111,0,0,0,0,0,0,0,0
nuscenes,scene-0103_036,pitch,deg,0.25,-0.25,34752,2794,4,0.259975,72,0.00567546,0.170288,34,34,130,34,112,112,210,112,0,0,0,0,0,0,0,0
nuscenes,scene-0103_036,pitch,deg,0.5,0.5,34752,2806,4,0.25388,73,0.0280558,0.170288,34,34,100,34,112,111,208,111,0,0,0,0,0,0,0,0
nuscenes,scene-0103_036,pitch,deg,0.5,-0.5,34752,2795,4,0.243469,75,-0.00613467,0.170288,34,34,132,34,112,112,206,112,0,0,0,0,0,0,0,0
nuscenes,scene-0103_036,pitch,deg,1,1,34752,2808,4,0.232073,72,0.022619,0.170288,34,34,104,34,112,111,199,111,0,0,0,0,0,0,0,0
nuscenes,scene-0103_036,pitch,deg,1,-1,34752,2797,4,0.219491,75,-0.0100332,0.170288,34,34,132,34,112,112,197,112,0,0,0,0,0,0,0,0
nuscenes,scene-0103_036,pitch,deg,1.5,1.5,34752,2800,4,0.242732,71,0.0368815,0.170288,34,34,105,34,112,111,198,111,0,0,0,0,0,0,0,0
nuscenes,scene-0103_036,pitch,deg,1.5,-1.5,34752,2798,4,0.179083,71,-0.0535837,0.170288,34,34,129,34,112,112,188,112,0,0,0,0,0,0,0,0
nuscenes,scene-0103_036,pitch,deg,2,2,34752,2798,4,0.235519,73,0.0101037,0.170288,34,34,114,34,112,111,212,111,0,0,0,0,0,0,0,0
nuscenes,scene-0103_036,pitch,deg,2,-2,34752,2786,4,0.17997,73,-0.0545748,0.170288,34,34,124,34,112,108,200,108,0,0,0,0,0,0,0,0
nuscenes,scene-0103_036,pitch,deg,3,3,34752,2802,4,0.265736,73,0.0282105,0.170288,34,34,123,34,112,111,239,111,0,0,0,0,0,0,0,0
nuscenes,scene-0103_036,pitch,deg,3,-3,34752,2767,4,0.189961,72,-0.037818,0.170288,34,34,114,34,112,95,188,95,0,0,0,0,0,0,0,0
nuscenes,scene-0103_036,yaw,deg,0.25,0.25,34752,2799,4,0.293121,75,0.0365672,0.170288,34,34,123,34,112,111,211,111,0,0,0,0,0,0,0,0
nuscenes,scene-0103_036,yaw,deg,0.25,-0.25,34752,2799,4,0.287785,72,0.0474143,0.170288,34,34,126,34,112,112,210,112,0,0,0,0,0,0,0,0
nuscenes,scene-0103_036,yaw,deg,0.5,0.5,34752,2804,4,0.292908,75,0.0447513,0.170288,34,34,123,34,112,109,214,109,0,0,0,0,0,0,0,0
nuscenes,scene-0103_036,yaw,deg,0.5,-0.5,34752,2794,4,0.29672,73,0.0668644,0.170288,34,34,127,34,112,112,209,112,0,0,0,0,0,0,0,0
nuscenes,scene-0103_036,yaw,deg,1,1,34752,2795,4,0.28401,75,0.0388625,0.170288,34,32,123,32,112,101,212,101,0,0,0,0,0,0,0,0
nuscenes,scene-0103_036,yaw,deg,1,-1,34752,2794,4,0.269724,69,0.0319021,0.170288,34,34,128,34,112,108,209,108,0,0,0,0,0,0,0,0
nuscenes,scene-0103_036,yaw,deg,1.5,1.5,34752,2799,4,0.303796,76,0.0448383,0.170288,34,29,120,29,112,97,211,97,0,0,0,0,0,0,0,0
nuscenes,scene-0103_036,yaw,deg,1.5,-1.5,34752,2796,4,0.293477,68,0.0726379,0.170288,34,33,125,33,112,102,207,102,0,0,0,0,0,0,0,0
nuscenes,scene-0103_036,yaw,deg,2,2,34752,2795,4,0.309637,72,0.0437956,0.170288,34,29,122,29,112,91,209,91,0,0,0,0,0,0,0,0
nuscenes,scene-0103_036,yaw,deg,2,-2,34752,2798,4,0.265294,60,0.0429193,0.170288,34,33,124,33,112,94,204,94,0,0,0,0,0,0,0,0
nuscenes,scene-0103_036,yaw,deg,3,3,34752,2786,4,0.295957,79,0.0484064,0.170288,34,27,124,27,112,73,200,73,0,0,0,0,0,0,0,0
nuscenes,scene-0103_036,yaw,deg,3,-3,34752,2803,4,0.2096,61,0.000715241,0.170288,34,33,127,33,112,77,201,77,0,0,0,0,0,0,0,0
nuscenes,scene-0103_036,tx,cm,2,2,34752,2795,4,0.266398,75,0.0163271,0.170288,34,34,124,34,112,112,212,112,0,0,0,0,0,0,0,0
nuscenes,scene-0103_036,tx,cm,2,-2,34752,2803,4,0.285315,73,0.0284868,0.170288,34,34,124,34,112,111,210,111,0,0,0,0,0,0,0,0
nuscenes,scene-0103_036,tx,cm,5,5,34752,2792,4,0.268967,72,0.0195604,0.170288,34,34,124,34,112,112,212,112,0,0,0,0,0,0,0,0
nuscenes,scene-0103_036,tx,cm,5,-5,34752,2804,4,0.278805,76,0.0236273,0.170288,34,34,123,34,112,111,212,111,0,0,0,0,0,0,0,0
nuscenes,scene-0103_036,tx,cm,10,10,34752,2789,4,0.262117,72,0.00785533,0.170288,34,34,125,34,112,112,210,112,0,0,0,0,0,0,0,0
nuscenes,scene-0103_036,tx,cm,10,-10,34752,2810,4,0.290961,74,0.0308125,0.170288,34,34,125,34,112,111,213,111,0,0,0,0,0,0,0,0
nuscenes,scene-0103_036,tx,cm,20,20,34752,2781,4,0.260343,74,0.0240229,0.170288,34,34,125,34,112,112,208,112,0,0,0,0,0,0,0,0
nuscenes,scene-0103_036,tx,cm,20,-20,34752,2819,4,0.289435,76,0.0336416,0.170288,34,34,125,34,112,108,214,108,0,0,0,0,0,0,0,0
nuscenes,scene-0103_036,ty,cm,2,2,34752,2811,4,0.282828,73,0.0269801,0.170288,34,34,123,34,112,112,213,112,0,0,0,0,0,0,0,0
nuscenes,scene-0103_036,ty,cm,2,-2,34752,2788,4,0.270616,74,0.0145194,0.170288,34,34,121,34,112,111,211,111,0,0,0,0,0,0,0,0
nuscenes,scene-0103_036,ty,cm,5,5,34752,2824,4,0.282482,73,0.0271486,0.170288,34,34,127,34,112,112,212,112,0,0,0,0,0,0,0,0
nuscenes,scene-0103_036,ty,cm,5,-5,34752,2775,4,0.275009,72,0.0237748,0.170288,34,34,122,34,112,111,210,111,0,0,0,0,0,0,0,0
nuscenes,scene-0103_036,ty,cm,10,10,34752,2842,4,0.290674,75,0.0338103,0.170288,34,34,129,34,112,112,212,112,0,0,0,0,0,0,0,0
nuscenes,scene-0103_036,ty,cm,10,-10,34752,2747,4,0.271316,70,0.0248143,0.170288,34,34,119,34,112,111,209,111,0,0,0,0,0,0,0,0
nuscenes,scene-0103_036,ty,cm,20,20,34752,2986,4,0.187034,146,0.00162248,0.170288,34,34,136,34,112,112,214,112,0,0,0,0,0,0,0,0
nuscenes,scene-0103_036,ty,cm,20,-20,34752,2689,4,0.262284,68,0.00802496,0.170288,34,34,110,34,112,110,205,110,0,0,0,0,0,0,0,0
nuscenes,scene-0103_036,tz,cm,2,2,34752,2814,4,0.279322,73,0.0256944,0.170288,34,34,130,34,112,112,209,112,0,0,0,0,0,0,0,0
nuscenes,scene-0103_036,tz,cm,2,-2,34752,2777,4,0.293208,73,0.0369905,0.170288,34,34,107,34,112,112,212,112,0,0,0,0,0,0,0,0
nuscenes,scene-0103_036,tz,cm,5,5,34752,2834,4,0.266418,73,0.0228136,0.170288,34,34,130,34,112,112,209,112,0,0,0,0,0,0,0,0
nuscenes,scene-0103_036,tz,cm,5,-5,34752,2741,4,0.21365,67,-0.0381911,0.170288,34,34,100,34,112,112,209,112,0,0,0,0,0,0,0,0
nuscenes,scene-0103_036,tz,cm,10,10,34752,2942,4,0.24843,77,0.0209351,0.170288,34,34,130,34,112,112,210,112,0,0,0,0,0,0,0,0
nuscenes,scene-0103_036,tz,cm,10,-10,34752,2657,4,0.186556,64,-0.0626231,0.170288,34,34,100,34,112,111,202,111,0,0,0,0,0,0,0,0
nuscenes,scene-0103_036,tz,cm,20,20,34752,3164,4,0.152558,180,0.0168441,0.170288,34,34,130,34,112,112,247,112,0,0,0,0,0,0,0,0
nuscenes,scene-0103_036,tz,cm,20,-20,34752,2568,4,0.181368,65,-0.0574479,0.170288,34,34,105,34,112,111,183,111,0,0,0,0,0,0,0,0
nuscenes,scene-0103_037,baseline,,0,0,34720,2721,4,0.324121,81,0.0732101,0.163353,180,179,368,179,49,49,114,49,0,0,0,0,0,0,0,0
nuscenes,scene-0103_037,roll,deg,0.25,0.25,34720,2741,4,0.289323,81,0.0380215,0.163353,180,180,378,180,49,49,114,49,0,0,0,0,0,0,0,0
nuscenes,scene-0103_037,roll,deg,0.25,-0.25,34720,2697,4,0.333769,82,0.0699365,0.163353,180,179,368,179,49,49,86,49,0,0,0,0,0,0,0,0
nuscenes,scene-0103_037,roll,deg,0.5,0.5,34720,2757,4,0.245072,79,-0.00372902,0.163353,180,180,385,180,49,49,115,49,0,0,0,0,0,0,0,0
nuscenes,scene-0103_037,roll,deg,0.5,-0.5,34720,2662,4,0.300435,78,0.0281285,0.163353,180,179,369,179,49,49,88,49,0,0,0,0,0,0,0,0
nuscenes,scene-0103_037,roll,deg,1,1,34720,2854,4,0.188902,81,-0.0327929,0.163353,180,151,364,151,49,39,114,39,0,0,0,0,0,0,0,0
nuscenes,scene-0103_037,roll,deg,1,-1,34720,2576,4,0.306421,75,0.0483069,0.163353,180,178,352,178,49,49,100,49,0,0,0,0,0,0,0,0
nuscenes,scene-0103_037,roll,deg,1.5,1.5,34720,2903,4,0.153605,82,-0.0628693,0.163353,180,150,379,150,49,39,124,39,0,0,0,0,0,0,0,0
nuscenes,scene-0103_037,roll,deg,1.5,-1.5,34720,2532,4,0.281335,74,0.0672963,0.163353,180,177,331,177,49,49,94,49,0,0,0,0,0,0,0,0
nuscenes,scene-0103_037,roll,deg,2,2,34720,2957,4,0.139608,82,-0.0697091,0.163353,180,148,412,148,49,34,119,34,0,0,0,0,0,0,0,0
nuscenes,scene-0103_037,roll,deg,2,-2,34720,2455,4,0.32419,68,0.105254,0.163353,180,177,329,177,49,22,72,22,0,0,0,0,0,0,0,0
nuscenes,scene-0103_037,roll,deg,3,3,34720,3083,4,0.108734,82,-0.0754633,0.163353,180,133,438,133,49,15,127,15,0,0,0,0,0,0,0,0
nuscenes,scene-0103_037,roll,deg,3,-3,34720,2344,4,0.261756,61,0.0257904,0.163353,180,152,316,152,49,21,81,21,0,0,0,0,0,0,0,0
nuscenes,scene-0103_037,pitch,deg,0.25,0.25,34720,2722,4,0.325753,80,0.0717463,0.163353,180,180,365,180,49,49,114,49,0,0,0,0,0,0,0,0
nuscenes,scene-0103_037,pitch,deg,0.25,-0.25,34720,2720,4,0.318641,77,0.0584046,0.163353,180,179,366,179,49,49,112,49,0,0,0,0,0,0,0,0
nuscenes,scene-0103_037,pitch,deg,0.5,0.5,34720,2724,4,0.34645,78,0.085013,0.163353,180,180,366,180,49,49,115,49,0,0,0,0,0,0,0,0
nuscenes,scene-0103_037,pitch,deg,0.5,-0.5,34720,2716,4,0.300856,78,0.0363757,0.163353,180,179,366,179,49,49,107,49,0,0,0,0,0,0,0,0
nuscenes,scene-0103_037,pitch,deg,1,1,34720,2727,4,0.351909,80,0.0861906,0.163353,180,180,377,180,49,49,95,49,0,0,0,0,0,0,0,0
nuscenes,scene-0103_037,pitch,deg,1,-1,34720,2712,4,0.240023,80,-0.00764164,0.163353,180,179,375,179,49,49,108,49,0,0,0,0,0,0,0,0
nuscenes,scene-0103_037,pitch,deg,1.5,1.5,34720,2725,4,0.343398,77,0.079874,0.163353,180,180,383,180,49,49,97,49,0,0,0,0,0,0,0,0
nuscenes,scene-0103_037,pitch,deg,1.5,-1.5,34720,2713,4,0.191273,79,-0.0364301,0.163353,180,170,371,170,49,49,106,49,0,0,0,0,0,0,0,0
nuscenes,scene-0103_037,pitch,deg,2,2,34720,2721,4,0.370025,80,0.0893472,0.163353,180,180,370,180,49,49,97,49,0,0,0,0,0,0,0,0
nuscenes,scene-0103_037,pitch,deg,2,-2,34720,2708,4,0.173973,79,-0.0523815,0.163353,180,163,363,163,49,49,103,49,0,0,0,0,0,0,0,0
nuscenes,scene-0103_037,pitch,deg,3,3,34720,2724,4,0.278897,77,0.0190091,0.163353,180,168,353,168,49,39,97,39,0,0,0,0,0,0,0,0
nuscenes,scene-0103_037,pitch,deg,3,-3,34720,2688,4,0.183518,79,-0.00752331,0.163353,180,161,354,161,49,49,96,49,0,0,0,0,0,0,0,0
nuscenes,scene-0103_037,yaw,deg,0.25,0.25,34720,2716,4,0.335835,79,0.0815346,0.163353,180,180,370,182,49,48,116,48,0,0,0,0,0,0,0,0
nuscenes,scene-0103_037,yaw,deg,0.25,-0.25,34720,2725,4,0.291486,76,0.0383857,0.163353,180,176,372,176,49,49,112,49,0,0,0,0,0,0,0,0
nuscenes,scene-0103_037,yaw,deg,0.5,0.5,34720,2714,4,0.363777,80,0.116542,0.163353,180,180,367,185,49,47,117,47,0,0,0,0,0,0,0,0
nuscenes,scene-0103_037,yaw,deg,0.5,-0.5,34720,2718,4,0.302536,79,0.0385409,0.163353,180,172,372,172,49,49,112,49,0,0,0,0,0,0,0,0
nuscenes,scene-0103_037,yaw,deg,1,1,34720,2712,4,0.337778,81,0.0868413,0.163353,180,179,365,189,49,44,116,44,0,0,0,0,0,0,0,0
nuscenes,scene-0103_037,yaw,deg,1,-1,34720,2722,4,0.280714,77,0.0055922,0.163353,180,166,380,166,49,46,110,46,0,0,0,0,0,0,0,0
nuscenes,scene-0103_037,yaw,deg,1.5,1.5,34720,2707,4,0.337055,84,0.100343,0.163353,180,175,357,187,49,42,115,42,0,0,0,0,0,0,0,0
nuscenes,scene-0103_037,yaw,deg,1.5,-1.5,34720,2724,4,0.281312,74,0.0178412,0.163353,180,159,386,159,49,42,106,42,0,0,0,0,0,0,0,0
nuscenes,scene-0103_037,yaw,deg,2,2,34720,2707,4,0.353252,83,0.132717,0.163353,180,167,349,182,49,37,111,37,0,0,0,0,0,0,0,0
nuscenes,scene-0103_037,yaw,deg,2,-2,34720,2729,4,0.297251,74,0.0630838,0.163353,180,150,392,150,49,38,103,38,0,0,0,0,0,0,0,0
nuscenes,scene-0103_037,yaw,deg,3,3,34720,2709,4,0.28659,88,0.0505548,0.163353,180,158,348,177,49,26,104,26,0,0,0,0,0,0,0,0
nuscenes,scene-0103_037,yaw,deg,3,-3,34720,2730,4,0.309689,70,0.0754323,0.163353,180,133,394,133,49,31,100,31,0,0,0,0,0,0,0,0
nuscenes,scene-0103_037,tx,cm,2,2,34720,2718,4,0.318727,78,0.0653107,0.163353,180,177,367,177,49,49,114,49,0,0,0,0,0,0,0,0
nuscenes,scene-0103_037,tx,cm,2,-2,34720,2719,4,0.318593,80,0.0681672,0.163353,180,180,370,181,49,49,116,49,0,0,0,0,0,0,0,0
nuscenes,scene-0103_037,tx,cm,5,5,34720,2717,4,0.291079,76,0.040815,0.163353,180,176,369,176,49,49,114,49,0,0,0,0,0,0,0,0
nuscenes,scene-0103_037,tx,cm,5,-5,34720,2723,4,0.31823,79,0.0734061,0.163353,180,180,367,181,49,49,116,49,0,0,0,0,0,0,0,0
nuscenes,scene-0103_037,tx,cm,10,10,34720,2716,4,0.314942,75,0.0597224,0.163353,180,172,365,172,49,49,114,49,0,0,0,0,0,0,0,0
nuscenes,scene-0103_037,tx,cm,10,-10,34720,2720,4,0.345984,77,0.0971059,0.163353,180,180,372,185,49,48,116,48,0,0,0,0,0,0,0,0
nuscenes,scene-0103_037,tx,cm,20,20,34720,2709,4,0.29714,72,0.0324841,0.163353,180,168,364,168,49,49,111,49,0,0,0,0,0,0,0,0
nuscenes,scene-0103_037,tx,cm,20,-20,34720,2725,4,0.341504,84,0.102139,0.163353,180,180,372,189,49,48,121,48,0,0,0,0,0,0,0,0
nuscenes,scene-0103_037,ty,cm,2,2,34720,2730,4,0.332891,79,0.0801576,0.163353,180,180,371,181,49,49,115,49,0,0,0,0,0,0,0,0
nuscenes,scene-0103_037,ty,cm,2,-2,34720,2711,4,0.325396,81,0.0744681,0.163353,180,178,367,178,49,49,114,49,0,0,0,0,0,0,0,0
nuscenes,scene-0103_037,ty,cm,5,5,34720,2743,4,0.31148,76,0.0585213,0.163353,180,180,371,181,49,49,115,49,0,0,0,0,0,0,0,0
nuscenes,scene-0103_037,ty,cm,5,-5,34720,2691,4,0.333459,78,0.0836861,0.163353,180,177,366,177,49,49,115,49,0,0,0,0,0,0,0,0
nuscenes,scene-0103_037,ty,cm,10,10,34720,2768,4,0.347333,78,0.076033,0.163353,180,180,379,182,49,49,114,49,0,0,0,0,0,0,0,0
nuscenes,scene-0103_037,ty,cm,10,-10,34720,2669,4,0.315682,78,0.067854,0.163353,180,176,365,176,49,49,114,49,0,0,0,0,0,0,0,0
nuscenes,scene-0103_037,ty,cm,20,20,34720,2872,4,0.21203,135,0.0204973,0.163353,180,180,401,185,49,49,115,49,0,0,0,0,0,0,0,0
nuscenes,scene-0103_037,ty,cm,20,-20,34720,2605,4,0.309197,77,0.065914,0.163353,180,172,362,172,49,49,115,49,0,0,0,0,0,0,0,0
nuscenes,scene-0103_037,tz,cm,2,2,34720,2737,4,0.31685,84,0.0654064,0.163353,180,180,373,180,49,49,114,49,0,0,0,0,0,0,0,0
nuscenes,scene-0103_037,tz,cm,2,-2,34720,2702,4,0.327883,67,0.0898616,0.163353,180,179,369,179,49,49,114,49,0,0,0,0,0,0,0,0
nuscenes,scene-0103_037,tz,cm,5,5,34720,2757,4,0.329648,85,0.075169,0.163353,180,180,392,180,49,49,114,49,0,0,0,0,0,0,0,0
nuscenes,scene-0103_037,tz,cm,5,-5,34720,2666,4,0.281182,60,0.0560224,0.163353,180,179,368,179,49,49,111,49,0,0,0,0,0,0,0,0
nuscenes,scene-0103_037,tz,cm,10,10,34720,2860,4,0.316837,84,0.0647404,0.163353,180,180,411,180,49,49,118,49,0,0,0,0,0,0,0,0
nuscenes,scene-0103_037,tz,cm,10,-10,34720,2584,4,0.276413,63,0.0376053,0.163353,180,179,368,179,49,49,82,49,0,0,0,0,0,0,0,0
nuscenes,scene-0103_037,tz,cm,20,20,34720,3073,4,0.167028,186,0.0221492,0.163353,180,151,391,151,49,49,118,49,0,0,0,0,0,0,0,0
nuscenes,scene-0103_037,tz,cm,20,-20,34720,2495,4,0.245472,57,0.0221732,0.163353,180,179,324,179,49,49,79,49,0,0,0,0,0,0,0,0
nuscenes,scene-0103_038,baseline,,0,0,34752,2734,5,0.275676,94,0.0921091,0.163887,10,10,32,10,127,127,266,127,0,0,0,0,0,0,0,0
nuscenes,scene-0103_038,roll,deg,0.25,0.25,34752,2750,5,0.288587,95,0.103271,0.163887,10,10,32,10,127,127,290,127,0,0,0,0,0,0,0,0
nuscenes,scene-0103_038,roll,deg,0.25,-0.25,34752,2709,5,0.281718,94,0.0962291,0.163887,10,10,32,10,127,127,259,127,0,0,0,0,0,0,0,0
nuscenes,scene-0103_038,roll,deg,0.5,0.5,34752,2764,5,0.2387,96,0.04897,0.163887,10,10,43,10,127,127,315,127,0,0,0,0,0,0,0,0
nuscenes,scene-0103_038,roll,deg,0.5,-0.5,34752,2678,5,0.269215,91,0.0980178,0.163887,10,10,35,10,127,127,262,127,0,0,0,0,0,0,0,0
nuscenes,scene-0103_038,roll,deg,1,1,34752,2866,5,0.201545,99,-0.00271249,0.163887,10,8,34,8,127,117,284,117,0,0,0,0,0,0,0,0
nuscenes,scene-0103_038,roll,deg,1,-1,34752,2588,5,0.230705,84,0.0687508,0.163887,10,9,32,9,127,107,264,107,0,0,0,0,0,0,0,0
nuscenes,scene-0103_038,roll,deg,1.5,1.5,34752,2915,5,0.127845,99,-0.0611897,0.163887,10,8,32,8,127,117,307,117,0,0,0,0,0,0,0,0
nuscenes,scene-0103_038,roll,deg,1.5,-1.5,34752,2555,5,0.28291,88,0.118403,0.163887,10,6,29,6,127,97,238,97,0,0,0,0,0,0,0,0
nuscenes,scene-0103_038,roll,deg,2,2,34752,2984,5,0.0913601,99,-0.0690397,0.163887,10,8,42,8,127,97,324,97,0,0,0,0,0,0,0,0
nuscenes,scene-0103_038,roll,deg,2,-2,34752,2487,5,0.28428,84,0.0711442,0.163887,10,6,33,6,127,90,247,90,0,0,0,0,0,0,0,0
nuscenes,scene-0103_038,roll,deg,3,3,34752,3087,5,0.109765,98,-0.0416157,0.163887,10,4,39,4,127,80,369,80,0,0,0,0,0,0,0,0
nuscenes,scene-0103_038,roll,deg,3,-3,34752,2372,5,0.217141,91,0.0182948,0.163887,10,2,29,2,127,47,209,47,0,0,0,0,0,0,0,0
nuscenes,scene-0103_038,pitch,deg,0.25,0.25,34752,2735,5,0.276859,95,0.0930466,0.163887,10,10,32,10,127,127,272,127,0,0,0,0,0,0,0,0
nuscenes,scene-0103_038,pitch,deg,0.25,-0.25,34752,2729,5,0.292058,100,0.105355,0.163887,10,10,32,10,127,127,254,127,0,0,0,0,0,0,0,0
nuscenes,scene-0103_038,pitch,deg,0.5,0.5,34752,2735,5,0.281985,96,0.0886041,0.163887,10,10,32,10,127,127,286,127,0,0,0,0,0,0,0,0
nuscenes,scene-0103_038,pitch,deg,0.5,-0.5,34752,2728,5,0.292555,100,0.103172,0.163887,10,10,32,10,127,127,252,127,0,0,0,0,0,0,0,0
nuscenes,scene-0103_038,pitch,deg,1,1,34752,2736,5,0.281032,94,0.086228,0.163887,10,10,34,10,127,127,292,127,0,0,0,0,0,0,0,0
nuscenes,scene-0103_038,pitch,deg,1,-1,34752,2725,5,0.257178,96,0.0771327,0.163887,10,10,41,10,127,127,254,127,0,0,0,0,0,0,0,0
nuscenes,scene-0103_038,pitch,deg,1.5,1.5,34752,2736,5,0.271769,95,0.0745536,0.163887,10,10,41,10,127,127,298,127,0,0,0,0,0,0,0,0
nuscenes,scene-0103_038,pitch,deg,1.5,-1.5,34752,2725,5,0.239523,95,0.0606781,0.163887,10,10,44,10,127,127,281,127,0,0,0,0,0,0,0,0
nuscenes,scene-0103_038,pitch,deg,2,2,34752,2734,5,0.246674,95,0.0443541,0.163887,10,10,35,10,127,119,294,119,0,0,0,0,0,0,0,0
nuscenes,scene-0103_038,pitch,deg,2,-2,34752,2718,5,0.20979,98,0.0365019,0.163887,10,8,37,8,127,127,280,127,0,0,0,0,0,0,0,0
nuscenes,scene-0103_038,pitch,deg,3,3,34752,2735,5,0.190761,97,6.96778e-05,0.163887,10,6,29,6,127,102,265,102,0,0,0,0,0,0,0,0
nuscenes,scene-0103_038,pitch,deg,3,-3,34752,2702,5,0.200282,100,0.00455752,0.163887,10,8,33,8,127,127,290,127,0,0,0,0,0,0,0,0
nuscenes,scene-0103_038,yaw,deg,0.25,0.25,34752,2736,5,0.285666,97,0.0910929,0.163887,10,10,32,10,127,127,265,127,0,0,0,0,0,0,0,0
nuscenes,scene-0103_038,yaw,deg,0.25,-0.25,34752,2736,5,0.294403,95,0.11542,0.163887,10,10,33,10,127,127,270,127,0,0,0,0,0,0,0,0
nuscenes,scene-0103_038,yaw,deg,0.5,0.5,34752,2738,5,0.290083,95,0.0883503,0.163887,10,10,30,10,127,127,268,127,0,0,0,0,0,0,0,0
nuscenes,scene-0103_038,yaw,deg,0.5,-0.5,34752,2731,5,0.292276,96,0.10986,0.163887,10,10,32,10,127,125,274,125,0,0,0,0,0,0,0,0
nuscenes,scene-0103_038,yaw,deg,1,1,34752,2735,5,0.255964,92,0.0495203,0.163887,10,9,31,9,127,124,261,124,0,0,0,0,0,0,0,0
nuscenes,scene-0103_038,yaw,deg,1,-1,34752,2729,5,0.26087,90,0.0626918,0.163887,10,10,33,10,127,117,268,117,0,0,0,0,0,0,0,0
nuscenes,scene-0103_038,yaw,deg,1.5,1.5,34752,2734,5,0.235994,93,0.0219971,0.163887,10,6,27,6,127,118,262,118,0,0,0,0,0,0,0,0
nuscenes,scene-0103_038,yaw,deg,1.5,-1.5,34752,2729,5,0.255544,87,0.0443392,0.163887,10,8,31,8,127,110,270,110,0,0,0,0,0,0,0,0
nuscenes,scene-0103_038,yaw,deg,2,2,34752,2743,5,0.239552,93,0.0242926,0.163887,10,5,29,5,127,115,260,115,0,0,0,0,0,0,0,0
nuscenes,scene-0103_038,yaw,deg,2,-2,34752,2732,5,0.242742,82,0.0258805,0.163887,10,6,31,6,127,99,269,99,0,0,0,0,0,0,0,0
nuscenes,scene-0103_038,yaw,deg,3,3,34752,2753,5,0.216987,93,0.0111207,0.163887,10,1,32,1,127,102,255,102,0,0,0,0,0,0,0,0
nuscenes,scene-0103_038,yaw,deg,3,-3,34752,2724,5,0.222718,80,0.00813381,0.163887,10,3,33,3,127,70,270,70,0,0,0,0,0,0,0,0
nuscenes,scene-0103_038,tx,cm,2,2,34752,2733,5,0.286826,100,0.103932,0.163887,10,10,33,10,127,127,266,127,0,0,0,0,0,0,0,0
nuscenes,scene-0103_038,tx,cm,2,-2,34752,2734,5,0.291363,95,0.107769,0.163887,10,10,32,10,127,127,265,127,0,0,0,0,0,0,0,0
nuscenes,scene-0103_038,tx,cm,5,5,34752,2737,5,0.287354,100,0.104151,0.163887,10,10,32,10,127,127,269,127,0,0,0,0,0,0,0,0
nuscenes,scene-0103_038,tx,cm,5,-5,34752,2734,5,0.2826,93,0.0958064,0.163887,10,10,32,10,127,127,267,127,0,0,0,0,0,0,0,0
nuscenes,scene-0103_038,tx,cm,10,10,34752,2736,5,0.286726,100,0.101986,0.163887,10,10,32,10,127,127,272,127,0,0,0,0,0,0,0,0
nuscenes,scene-0103_038,tx,cm,10,-10,34752,2737,5,0.277936,88,0.082969,0.163887,10,10,33,10,127,127,266,127,0,0,0,0,0,0,0,0
nuscenes,scene-0103_038,tx,cm,20,20,34752,2737,5,0.278834,102,0.0907748,0.163887,10,10,32,10,127,125,280,125,0,0,0,0,0,0,0,0
nuscenes,scene-0103_038,tx,cm,20,-20,34752,2735,5,0.290721,80,0.0767396,0.163887,10,10,31,10,127,127,258,127,0,0,0,0,0,0,0,0
nuscenes,scene-0103_038,ty,cm,2,2,34752,2746,5,0.277887,96,0.0970058,0.163887,10,10,32,10,127,127,265,127,0,0,0,0,0,0,0,0
nuscenes,scene-0103_038,ty,cm,2,-2,34752,2724,5,0.281143,97,0.100667,0.163887,10,10,32,10,127,127,264,127,0,0,0,0,0,0,0,0
nuscenes,scene-0103_038,ty,cm,5,5,34752,2762,5,0.282797,98,0.0982404,0.163887,10,10,32,10,127,127,268,127,0,0,0,0,0,0,0,0
nuscenes,scene-0103_038,ty,cm,5,-5,34752,2702,5,0.278104,94,0.0973663,0.163887,10,10,33,10,127,127,265,127,0,0,0,0,0,0,0,0
nuscenes,scene-0103_038,ty,cm,10,10,34752,2789,5,0.294679,103,0.107621,0.163887,10,10,32,10,127,127,271,127,0,0,0,0,0,0,0,0
nuscenes,scene-0103_038,ty,cm,10,-10,34752,2675,5,0.292637,94,0.108156,0.163887,10,10,32,10,127,127,261,127,0,0,0,0,0,0,0,0
nuscenes,scene-0103_038,ty,cm,20,20,34752,2978,5,0.196703,205,0.0424646,0.163887,10,10,36,10,127,127,279,127,0,0,0,0,0,0,0,0
nuscenes,scene-0103_038,ty,cm,20,-20,34752,2607,5,0.252939,87,0.0760974,0.163887,10,10,32,10,127,127,257,127,0,0,0,0,0,0,0,0
nuscenes,scene-0103_038,tz,cm,2,2,34752,2749,5,0.280152,99,0.0964626,0.163887,10,10,32,10,127,127,271,127,0,0,0,0,0,0,0,0
nuscenes,scene-0103_038,tz,cm,2,-2,34752,2714,5,0.258375,83,0.0849146,0.163887,10,10,32,10,127,127,256,127,0,0,0,0,0,0,0,0
nuscenes,scene-0103_038,tz,cm,5,5,34752,2783,5,0.291706,100,0.109589,0.163887,10,10,32,10,127,127,278,127,0,0,0,0,0,0,0,0
nuscenes,scene-0103_038,tz,cm,5,-5,34752,2680,5,0.221907,90,0.0464701,0.163887,10,10,32,10,127,127,252,127,0,0,0,0,0,0,0,0
nuscenes,scene-0103_038,tz,cm,10,10,34752,2873,5,0.27327,106,0.0786558,0.163887,10,10,33,10,127,127,296,127,0,0,0,0,0,0,0,0
nuscenes,scene-0103_038,tz,cm,10,-10,34752,2590,5,0.208102,90,0.032793,0.163887,10,10,32,10,127,127,255,127,0,0,0,0,0,0,0,0
nuscenes,scene-0103_038,tz,cm,20,20,34752,3096,5,0.156832,216,0.0240358,0.163887,10,8,41,8,127,127,326,127,0,0,0,0,0,0,0,0
nuscenes,scene-0103_038,tz,cm,20,-20,34752,2508,5,0.21418,73,0.0365929,0.163887,10,10,39,10,127,127,254,127,0,0,0,0,0,0,0,0
nuscenes,scene-0103_039,baseline,,0,0,34720,2695,4,0.252568,55,0.050295,0.164919,91,91,173,91,132,132,256,132,0,0,0,0,0,0,0,0
nuscenes,scene-0103_039,roll,deg,0.25,0.25,34720,2716,4,0.168263,54,-0.0254584,0.164919,91,91,186,91,132,132,263,132,0,0,0,0,0,0,0,0
nuscenes,scene-0103_039,roll,deg,0.25,-0.25,34720,2670,4,0.292189,55,0.0857257,0.164919,91,91,185,91,132,132,251,132,0,0,0,0,0,0,0,0
nuscenes,scene-0103_039,roll,deg,0.5,0.5,34720,2731,4,0.122238,55,-0.073783,0.164919,91,91,198,91,132,132,275,132,0,0,0,0,0,0,0,0
nuscenes,scene-0103_039,roll,deg,0.5,-0.5,34720,2638,4,0.262296,55,0.0706515,0.164919,91,91,185,91,132,132,244,132,0,0,0,0,0,0,0,0
nuscenes,scene-0103_039,roll,deg,1,1,34720,2824,4,0.136558,55,-0.0747703,0.164919,91,86,193,86,132,130,289,130,0,0,0,0,0,0,0,0
nuscenes,scene-0103_039,roll,deg,1,-1,34720,2549,4,0.265288,55,0.0761554,0.164919,91,91,174,91,132,124,213,124,0,0,0,0,0,0,0,0
nuscenes,scene-0103_039,roll,deg,1.5,1.5,34720,2875,4,0.123966,56,-0.0726727,0.164919,91,84,201,84,132,117,297,117,0,0,0,0,0,0,0,0
nuscenes,scene-0103_039,roll,deg,1.5,-1.5,34720,2503,4,0.232601,55,0.0362937,0.164919,91,91,161,91,132,116,216,116,0,0,0,0,0,0,0,0
nuscenes,scene-0103_039,roll,deg,2,2,34720,2937,4,0.11074,54,-0.0842856,0.164919,91,84,217,84,132,106,320,106,0,0,0,0,0,0,0,0
nuscenes,scene-0103_039,roll,deg,2,-2,34720,2428,4,0.251089,56,0.061484,0.164919,91,91,176,91,132,110,209,110,0,0,0,0,0,0,0,0
nuscenes,scene-0103_039,roll,deg,3,3,34720,3058,4,0.211963,53,0.0063778,0.164919,91,56,218,56,132,93,371,93,0,0,0,0,0,0,0,0
nuscenes,scene-0103_039,roll,deg,3,-3,34720,2315,4,0.203864,56,0.00152433,0.164919,91,64,150,64,132,83,188,83,0,0,0,0,0,0,0,0
nuscenes,scene-0103_039,pitch,deg,0.25,0.25,34720,2693,4,0.244885,56,0.0473213,0.164919,91,91,184,91,132,132,263,132,0,0,0,0,0,0,0,0
nuscenes,scene-0103_039,pitch,deg,0.25,-0.25,34720,2694,4,0.219614,57,0.0243685,0.164919,91,91,176,91,132,132,253,132,0,0,0,0,0,0,0,0
nuscenes,scene-0103_039,pitch,deg,0.5,0.5,34720,2696,4,0.252836,55,0.0493208,0.164919,91,91,185,91,132,132,272,132,0,0,0,0,0,0,0,0
nuscenes,scene-0103_039,pitch,deg,0.5,-0.5,34720,2690,4,0.194016,56,-0.00415942,0.164919,91,91,186,91,132,132,245,132,0,0,0,0,0,0,0,0
nuscenes,scene-0103_039,pitch,deg,1,1,34720,2698,4,0.28083,57,0.0748151,0.164919,91,91,186,91,132,132,274,132,0,0,0,0,0,0,0,0
nuscenes,scene-0103_039,pitch,deg,1,-1,34720,2687,4,0.189433,57,-0.0141093,0.164919,91,91,199,91,132,132,233,132,0,0,0,0,0,0,0,0
nuscenes,scene-0103_039,pitch,deg,1.5,1.5,34720,2698,4,0.249312,55,0.0580332,0.164919,91,91,185,91,132,132,281,132,0,0,0,0,0,0,0,0
nuscenes,scene-0103_039,pitch,deg,1.5,-1.5,34720,2689,4,0.179946,57,-0.0185982,0.164919,91,91,198,91,132,132,223,132,0,0,0,0,0,0,0,0
nuscenes,scene-0103_039,pitch,deg,2,2,34720,2696,4,0.212371,55,0.0392128,0.164919,91,91,178,91,132,132,293,132,0,0,0,0,0,0,0,0
nuscenes,scene-0103_039,pitch,deg,2,-2,34720,2682,4,0.18573,56,-0.0259028,0.164919,91,91,198,91,132,132,230,132,0,0,0,0,0,0,0,0
nuscenes,scene-0103_039,pitch,deg,3,3,34720,2695,4,0.176118,57,0.0143682,0.164919,91,91,164,91,132,128,287,128,0,0,0,0,0,0,0,0
nuscenes,scene-0103_039,pitch,deg,3,-3,34720,2663,4,0.172403,56,-0.0334743,0.164919,91,85,188,85,132,129,237,129,0,0,0,0,0,0,0,0
nuscenes,scene-0103_039,yaw,deg,0.25,0.25,34720,2701,4,0.259359,56,0.0539339,0.164919,91,90,171,90,132,132,256,132,0,0,0,0,0,0,0,0
nuscenes,scene-0103_039,yaw,deg,0.25,-0.25,34720,2689,4,0.234632,57,0.0417725,0.164919,91,91,176,91,132,131,257,131,0,0,0,0,0,0,0,0
nuscenes,scene-0103_039,yaw,deg,0.5,0.5,34720,2702,4,0.279425,58,0.0569355,0.164919,91,90,171,90,132,132,257,132,0,0,0,0,0,0,0,0
nuscenes,scene-0103_039,yaw,deg,0.5,-0.5,34720,2687,4,0.220837,59,0.0408929,0.164919,91,91,175,91,132,130,256,130,0,0,0,0,0,0,0,0
nuscenes,scene-0103_039,yaw,deg,1,1,34720,2718,4,0.251,58,0.0478342,0.164919,91,88,170,88,132,130,258,130,0,0,0,0,0,0,0,0
nuscenes,scene-0103_039,yaw,deg,1,-1,34720,2703,4,0.233965,65,0.0740595,0.164919,91,91,177,91,132,125,262,125,0,0,0,0,0,0,0,0
nuscenes,scene-0103_039,yaw,deg,1.5,1.5,34720,2723,4,0.250144,57,0.0392593,0.164919,91,86,170,86,132,129,266,129,0,0,0,0,0,0,0,0
nuscenes,scene-0103_039,yaw,deg,1.5,-1.5,34720,2701,4,0.189256,65,0.0324267,0.164919,91,88,172,88,132,115,259,115,0,0,0,0,0,0,0,0
nuscenes,scene-0103_039,yaw,deg,2,2,34720,2741,4,0.215412,59,-0.00199397,0.164919,91,83,170,83,132,122,267,122,0,0,0,0,0,0,0,0
nuscenes,scene-0103_039,yaw,deg,2,-2,34720,2705,4,0.193898,63,0.0313682,0.164919,91,86,177,86,132,106,261,106,0,0,0,0,0,0,0,0
nuscenes,scene-0103_039,yaw,deg,3,3,34720,2753,4,0.235229,59,0.0289936,0.164919,91,75,173,75,132,104,267,104,0,0,0,0,0,0,0,0
nuscenes,scene-0103_039,yaw,deg,3,-3,34720,2704,4,0.158926,61,-0.00738218,0.164919,91,78,178,78,132,88,265,88,0,0,0,0,0,0,0,0
nuscenes,scene-0103_039,tx,cm,2,2,34720,2691,4,0.24723,56,0.0487558,0.164919,91,91,173,91,132,132,257,132,0,0,0,0,0,0,0,0
nuscenes,scene-0103_039,tx,cm,2,-2,34720,2692,4,0.259663,58,0.0548943,0.164919,91,91,174,91,132,132,254,132,0,0,0,0,0,0,0,0
nuscenes,scene-0103_039,tx,cm,5,5,34720,2690,4,0.245934,58,0.0434658,0.164919,91,91,172,91,132,132,252,132,0,0,0,0,0,0,0,0
nuscenes,scene-0103_039,tx,cm,5,-5,34720,2698,4,0.242721,55,0.0348513,0.164919,91,91,172,91,132,132,254,132,0,0,0,0,0,0,0,0
nuscenes,scene-0103_039,tx,cm,10,10,34720,2685,4,0.234159,61,0.0470818,0.164919,91,91,178,91,132,132,256,132,0,0,0,0,0,0,0,0
nuscenes,scene-0103_039,tx,cm,10,-10,34720,2702,4,0.232907,59,0.0319486,0.164919,91,90,168,90,132,132,256,132,0,0,0,0,0,0,0,0
nuscenes,scene-0103_039,tx,cm,20,20,34720,2677,4,0.239289,63,0.0615546,0.164919,91,91,182,91,132,130,252,130,0,0,0,0,0,0,0,0
nuscenes,scene-0103_039,tx,cm,20,-20,34720,2716,4,0.263533,56,0.0519508,0.164919,91,89,166,89,132,132,258,132,0,0,0,0,0,0,0,0
nuscenes,scene-0103_039,ty,cm,2,2,34720,2702,4,0.256788,56,0.0577525,0.164919,91,91,175,91,132,132,258,132,0,0,0,0,0,0,0,0
nuscenes,scene-0103_039,ty,cm,2,-2,34720,2686,4,0.246583,56,0.0479785,0.164919,91,91,170,91,132,132,256,132,0,0,0,0,0,0,0,0
nuscenes,scene-0103_039,ty,cm,5,5,34720,2716,4,0.254821,56,0.052463,0.164919,91,91,178,91,132,132,257,132,0,0,0,0,0,0,0,0
nuscenes,scene-0103_039,ty,cm,5,-5,34720,2664,4,0.243343,56,0.0474552,0.164919,91,91,168,91,132,132,254,132,0,0,0,0,0,0,0,0
nuscenes,scene-0103_039,ty,cm,10,10,34720,2740,4,0.245077,62,0.0465712,0.164919,91,91,181,91,132,132,257,132,0,0,0,0,0,0,0,0
nuscenes,scene-0103_039,ty,cm,10,-10,34720,2642,4,0.249354,57,0.0522682,0.164919,91,91,167,91,132,132,252,132,0,0,0,0,0,0,0,0
nuscenes,scene-0103_039,ty,cm,20,20,34720,2872,4,0.159291,141,0.0175844,0.164919,91,91,191,91,132,132,261,132,0,0,0,0,0,0,0,0
nuscenes,scene-0103_039,ty,cm,20,-20,34720,2584,4,0.213998,60,0.0259452,0.164919,91,91,166,91,132,132,252,132,0,0,0,0,0,0,0,0
nuscenes,scene-0103_039,tz,cm,2,2,34720,2712,4,0.230439,55,0.0310537,0.164919,91,91,177,91,132,132,259,132,0,0,0,0,0,0,0,0
nuscenes,scene-0103_039,tz,cm,2,-2,34720,2675,4,0.270211,54,0.0652031,0.164919,91,91,175,91,132,132,254,132,0,0,0,0,0,0,0,0
nuscenes,scene-0103_039,tz,cm,5,5,34720,2732,4,0.219834,56,0.0225721,0.164919,91,91,189,91,132,132,264,132,0,0,0,0,0,0,0,0
nuscenes,scene-0103_039,tz,cm,5,-5,34720,2640,4,0.278173,54,0.0751545,0.164919,91,91,184,91,132,132,254,132,0,0,0,0,0,0,0,0
nuscenes,scene-0103_039,tz,cm,10,10,34720,2836,4,0.18647,56,-0.00864947,0.164919,91,91,200,91,132,132,274,132,0,0,0,0,0,0,0,0
nuscenes,scene-0103_039,tz,cm,10,-10,34720,2556,4,0.278286,56,0.0821119,0.164919,91,91,186,91,132,132,247,132,0,0,0,0,0,0,0,0
nuscenes,scene-0103_039,tz,cm,20,20,34720,3056,4,0.115518,168,0.00479268,0.164919,91,91,198,91,132,132,301,132,0,0,0,0,0,0,0,0
nuscenes,scene-0103_039,tz,cm,20,-20,34720,2467,4,0.272951,56,0.0780974,0.164919,91,91,185,91,132,132,234,132,0,0,0,0,0,0,0,0
nuscenes,scene-1094_000,baseline,,0,0,34400,3549,4,0.3092,185,-0.0366135,0.195895,451,446,811,446,94,94,231,94,0,0,0,0,0,0,0,0
nuscenes,scene-1094_000,roll,deg,0.25,0.25,34400,3585,4,0.377826,189,0.0338023,0.195895,451,446,818,446,94,94,196,94,0,0,0,0,0,0,0,0
nuscenes,scene-1094_000,roll,deg,0.25,-0.25,34400,3476,4,0.276148,182,-0.0514857,0.195895,451,446,765,446,94,94,214,94,0,0,0,0,0,0,0,0
nuscenes,scene-1094_000,roll,deg,0.5,0.5,34400,3611,4,0.35426,190,0.00642723,0.195895,451,446,760,446,94,94,206,94,0,0,0,0,0,0,0,0
nuscenes,scene-1094_000,roll,deg,0.5,-0.5,34400,3461,4,0.236776,178,-0.0739937,0.195895,451,446,748,446,94,94,214,94,0,0,0,0,0,0,0,0
nuscenes,scene-1094_000,roll,deg,1,1,34400,3645,4,0.347117,199,0.014958,0.195895,451,418,736,418,94,94,204,94,0,0,0,0,0,0,0,0
nuscenes,scene-1094_000,roll,deg,1,-1,34400,3417,4,0.206989,169,-0.10074,0.195895,451,446,817,446,94,88,196,88,0,0,0,0,0,0,0,0
nuscenes,scene-1094_000,roll,deg,1.5,1.5,34400,3744,4,0.384692,203,0.0790601,0.195895,451,416,786,416,94,65,184,65,0,0,0,0,0,0,0,0
nuscenes,scene-1094_000,roll,deg,1.5,-1.5,34400,3307,4,0.234482,160,-0.0990377,0.195895,451,392,756,392,94,78,236,78,0,0,0,0,0,0,0,0
nuscenes,scene-1094_000,roll,deg,2,2,34400,3791,4,0.431181,203,0.11129,0.195895,451,409,734,409,94,65,209,65,0,0,0,0,0,0,0,0
nuscenes,scene-1094_000,roll,deg,2,-2,34400,3276,4,0.302639,157,-0.00874165,0.195895,451,390,767,390,94,78,235,78,0,0,0,0,0,0,0,0
nuscenes,scene-1094_000,roll,deg,3,3,34400,3938,4,0.38589,207,0.0662112,0.195895,451,399,786,399,94,30,223,30,0,0,0,0,0,0,0,0
nuscenes,scene-1094_000,roll,deg,3,-3,34400,3127,4,0.257258,130,-0.0103251,0.195895,451,369,768,369,94,48,237,48,0,0,0,0,0,0,0,0
nuscenes,scene-1094_000,pitch,deg,0.25,0.25,34400,3549,4,0.306906,185,-0.03357,0.195895,451,446,808,446,94,94,215,94,0,0,0,0,0,0,0,0
nuscenes,scene-1094_000,pitch,deg,0.25,-0.25,34400,3547,4,0.303383,185,-0.0366279,0.195895,451,447,811,447,94,94,218,94,0,0,0,0,0,0,0,0
nuscenes,scene-1094_000,pitch,deg,0.5,0.5,34400,3550,4,0.326408,188,-0.0154047,0.195895,451,445,807,445,94,94,199,94,0,0,0,0,0,0,0,0
nuscenes,scene-1094_000,pitch,deg,0.5,-0.5,34400,3548,4,0.304211,185,-0.0358634,0.195895,451,446,812,446,94,94,214,94,0,0,0,0,0,0,0,0
nuscenes,scene-1094_000,pitch,deg,1,1,34400,3547,4,0.326242,189,-0.00956419,0.195895,451,446,802,446,94,94,185,94,0,0,0,0,0,0,0,0
nuscenes,scene-1094_000,pitch,deg,1,-1,34400,3547,4,0.308501,185,-0.0245971,0.195895,451,447,810,447,94,94,214,94,0,0,0,0,0,0,0,0
nuscenes,scene-1094_000,pitch,deg,1.5,1.5,34400,3550,4,0.337881,188,0.00585687,0.195895,451,445,800,445,94,94,205,94,0,0,0,0,0,0,0,0
nuscenes,scene-1094_000,pitch,deg,1.5,-1.5,34400,3552,4,0.292746,186,-0.0333566,0.195895,451,447,799,447,94,94,214,94,0,0,0,0,0,0,0,0
nuscenes,scene-1094_000,pitch,deg,2,2,34400,3549,4,0.336597,190,-0.00304729,0.195895,451,445,797,445,94,94,204,94,0,0,0,0,0,0,0,0
nuscenes,scene-1094_000,pitch,deg,2,-2,34400,3553,4,0.296328,182,-0.0218921,0.195895,451,446,790,446,94,94,214,94,0,0,0,0,0,0,0,0
nuscenes,scene-1094_000,pitch,deg,3,3,34400,3552,4,0.337186,189,0.00368512,0.195895,451,443,785,443,94,83,205,83,0,0,0,0,0,0,0,0
nuscenes,scene-1094_000,pitch,deg,3,-3,34400,3553,4,0.27376,178,-0.045862,0.195895,451,445,791,445,94,91,220,91,0,0,0,0,0,0,0,0
nuscenes,scene-1094_000,yaw,deg,0.25,0.25,34400,3558,4,0.309125,187,-0.0347288,0.195895,451,446,807,446,94,94,233,94,0,0,0,0,0,0,0,0
nuscenes,scene-1094_000,yaw,deg,0.25,-0.25,34400,3545,4,0.298913,188,-0.0331953,0.195895,451,447,807,447,94,94,229,94,0,0,0,0,0,0,0,0
nuscenes,scene-1094_000,yaw,deg,0.5,0.5,34400,3559,4,0.301464,188,-0.0370843,0.195895,451,444,811,444,94,93,234,93,0,0,0,0,0,0,0,0
nuscenes,scene-1094_000,yaw,deg,0.5,-0.5,34400,3545,4,0.278808,192,-0.0505157,0.195895,451,446,810,446,94,94,226,94,0,0,0,0,0,0,0,0
nuscenes,scene-1094_000,yaw,deg,1,1,34400,3570,4,0.286214,190,-0.0365041,0.195895,451,441,808,441,94,89,235,89,0,0,0,0,0,0,0,0
nuscenes,scene-1094_000,yaw,deg,1,-1,34400,3534,4,0.287538,193,-0.0340378,0.195895,451,445,811,445,94,93,220,93,0,0,0,0,0,0,0,0
nuscenes,scene-1094_000,yaw,deg,1.5,1.5,34400,3580,4,0.283628,187,-0.0271865,0.195895,451,430,799,430,94,83,234,83,0,0,0,0,0,0,0,0
nuscenes,scene-1094_000,yaw,deg,1.5,-1.5,34400,3524,4,0.30704,197,-0.021199,0.195895,451,441,810,441,94,91,221,91,0,0,0,0,0,0,0,0
nuscenes,scene-1094_000,yaw,deg,2,2,34400,3587,4,0.314405,189,0.0119136,0.195895,451,415,793,415,94,79,235,79,0,0,0,0,0,0,0,0
nuscenes,scene-1094_000,yaw,deg,2,-2,34400,3515,4,0.348347,197,0.00139216,0.195895,451,426,805,426,94,88,220,88,0,0,0,0,0,0,0,0
nuscenes,scene-1094_000,yaw,deg,3,3,34400,3598,4,0.373814,188,0.054713,0.195895,451,391,810,391,94,73,221,73,0,0,0,0,0,0,0,0
nuscenes,scene-1094_000,yaw,deg,3,-3,34400,3492,4,0.393411,198,0.036072,0.195895,451,398,808,398,94,76,221,76,0,0,0,0,0,0,0,0
nuscenes,scene-1094_000,tx,cm,2,2,34400,3550,4,0.31605,183,-0.0324278,0.195895,451,447,810,447,94,94,230,94,0,0,0,0,0,0,0,0
nuscenes,scene-1094_000,tx,cm,2,-2,34400,3547,4,0.307053,188,-0.0306024,0.195895,451,445,811,445,94,94,231,94,0,0,0,0,0,0,0,0
nuscenes,scene-1094_000,tx,cm,5,5,34400,3552,4,0.319303,178,-0.0238358,0.195895,451,446,809,446,94,94,230,94,0,0,0,0,0,0,0,0
nuscenes,scene-1094_000,tx,cm,5,-5,34400,3550,4,0.295649,196,-0.0262981,0.195895,451,444,805,444,94,94,231,94,0,0,0,0,0,0,0,0
nuscenes,scene-1094_000,tx,cm,10,10,34400,3557,4,0.332257,178,-0.0129488,0.195895,451,445,809,445,94,94,228,94,0,0,0,0,0,0,0,0
nuscenes,scene-1094_000,tx,cm,10,-10,34400,3548,4,0.288995,194,-0.0295013,0.195895,451,444,807,444,94,94,234,94,0,0,0,0,0,0,0,0
nuscenes,scene-1094_000,tx,cm,20,20,34400,3552,4,0.380255,174,-0.00358644,0.195895,451,436,807,436,94,94,229,94,0,0,0,0,0,0,0,0
nuscenes,scene-1094_000,tx,cm,20,-20,34400,3552,4,0.295527,212,-0.00528559,0.195895,451,425,793,425,94,93,236,93,0,0,0,0,0,0,0,0
nuscenes,scene-1094_000,ty,cm,2,2,34400,3562,4,0.309494,182,-0.036034,0.195895,451,446,816,446,94,94,230,94,0,0,0,0,0,0,0,0
nuscenes,scene-1094_000,ty,cm,2,-2,34400,3533,4,0.312904,189,-0.0286558,0.195895,451,446,805,446,94,94,231,94,0,0,0,0,0,0,0,0
nuscenes,scene-1094_000,ty,cm,5,5,34400,3580,4,0.303071,183,-0.0420004,0.195895,451,447,819,447,94,94,230,94,0,0,0,0,0,0,0,0
nuscenes,scene-1094_000,ty,cm,5,-5,34400,3511,4,0.303785,190,-0.0354742,0.195895,451,446,789,446,94,94,231,94,0,0,0,0,0,0,0,0
nuscenes,scene-1094_000,ty,cm,10,10,34400,3609,4,0.306067,177,-0.0353274,0.195895,451,448,824,448,94,94,230,94,0,0,0,0,0,0,0,0
nuscenes,scene-1094_000,ty,cm,10,-10,34400,3462,4,0.318485,194,-0.0208478,0.195895,451,444,757,444,94,94,228,94,0,0,0,0,0,0,0,0
nuscenes,scene-1094_000,ty,cm,20,20,34400,3715,4,0.30743,210,-0.0169474,0.195895,451,449,830,449,94,94,238,94,0,0,0,0,0,0,0,0
nuscenes,scene-1094_000,ty,cm,20,-20,34400,3425,4,0.338082,196,-0.00506666,0.195895,451,443,746,443,94,94,221,94,0,0,0,0,0,0,0,0
nuscenes,scene-1094_000,tz,cm,2,2,34400,3577,4,0.321885,201,-0.0165438,0.195895,451,446,817,446,94,94,225,94,0,0,0,0,0,0,0,0
nuscenes,scene-1094_000,tz,cm,2,-2,34400,3507,4,0.333838,164,-0.0158154,0.195895,451,446,774,446,94,94,224,94,0,0,0,0,0,0,0,0
nuscenes,scene-1094_000,tz,cm,5,5,34400,3606,4,0.357406,198,0.0129912,0.195895,451,446,817,446,94,94,222,94,0,0,0,0,0,0,0,0
nuscenes,scene-1094_000,tz,cm,5,-5,34400,3466,4,0.337797,127,-0.00137681,0.195895,451,446,765,446,94,94,214,94,0,0,0,0,0,0,0,0
nuscenes,scene-1094_000,tz,cm,10,10,34400,3644,4,0.390965,163,0.0360095,0.195895,451,417,788,417,94,94,196,94,0,0,0,0,0,0,0,0
nuscenes,scene-1094_000,tz,cm,10,-10,34400,3435,4,0.343867,129,-0.0229604,0.195895,451,446,750,446,94,94,214,94,0,0,0,0,0,0,0,0
nuscenes,scene-1094_000,tz,cm,20,20,34400,3901,4,0.309194,316,0.0566829,0.195895,451,417,855,417,94,94,212,94,0,0,0,0,0,0,0,0
nuscenes,scene-1094_000,tz,cm,20,-20,34400,3296,4,0.265616,140,0.0050478,0.195895,451,393,697,393,94,94,212,94,0,0,0,0,0,0,0,0
nuscenes,scene-1094_001,baseline,,0,0,34688,3555,4,0.387946,190,0.0172109,0.222571,433,433,811,433,88,88,213,88,0,0,0,0,0,0,0,0
nuscenes,scene-1094_001,roll,deg,0.25,0.25,34688,3591,4,0.427209,193,0.0519765,0.222571,433,433,816,433,88,88,171,88,0,0,0,0,0,0,0,0
nuscenes,scene-1094_001,roll,deg,0.25,-0.25,34688,3483,4,0.347046,189,-0.00108185,0.222571,433,433,819,433,88,88,194,88,0,0,0,0,0,0,0,0
nuscenes,scene-1094_001,roll,deg,0.5,0.5,34688,3616,4,0.421778,196,0.0485735,0.222571,433,401,795,401,88,88,187,88,0,0,0,0,0,0,0,0
nuscenes,scene-1094_001,roll,deg,0.5,-0.5,34688,3472,4,0.320971,186,-0.013166,0.222571,433,433,819,433,88,88,195,88,0,0,0,0,0,0,0,0
nuscenes,scene-1094_001,roll,deg,1,1,34688,3651,4,0.373134,196,0.0248873,0.222571,433,400,795,400,88,88,186,88,0,0,0,0,0,0,0,0
nuscenes,scene-1094_001,roll,deg,1,-1,34688,3433,4,0.295148,179,-0.0421792,0.222571,433,433,819,433,88,76,171,76,0,0,0,0,0,0,0,0
nuscenes,scene-1094_001,roll,deg,1.5,1.5,34688,3754,4,0.387384,207,0.0452549,0.222571,433,400,804,400,88,61,167,61,0,0,0,0,0,0,0,0
nuscenes,scene-1094_001,roll,deg,1.5,-1.5,34688,3320,4,0.316855,173,-0.0343514,0.222571,433,433,823,433,88,76,222,76,0,0,0,0,0,0,0,0
nuscenes,scene-1094_001,roll,deg,2,2,34688,3801,4,0.439998,211,0.0751002,0.222571,433,377,797,377,88,61,199,61,0,0,0,0,0,0,0,0
nuscenes,scene-1094_001,roll,deg,2,-2,34688,3289,4,0.357792,167,0.0191748,0.222571,433,432,818,432,88,69,216,69,0,0,0,0,0,0,0,0
nuscenes,scene-1094_001,roll,deg,3,3,34688,3944,4,0.397281,210,0.0409236,0.222571,433,363,814,363,88,29,218,29,0,0,0,0,0,0,0,0
nuscenes,scene-1094_001,roll,deg,3,-3,34688,3135,4,0.311195,152,-0.0145504,0.222571,433,382,835,382,88,46,224,46,0,0,0,0,0,0,0,0
nuscenes,scene-1094_001,pitch,deg,0.25,0.25,34688,3557,4,0.388198,191,0.0206403,0.222571,433,433,824,433,88,88,186,88,0,0,0,0,0,0,0,0
nuscenes,scene-1094_001,pitch,deg,0.25,-0.25,34688,3558,4,0.387474,190,0.0217926,0.222571,433,433,812,433,88,88,205,88,0,0,0,0,0,0,0,0
nuscenes,scene-1094_001,pitch,deg,0.5,0.5,34688,3556,4,0.394166,190,0.0296274,0.222571,433,433,830,433,88,88,174,88,0,0,0,0,0,0,0,0
nuscenes,scene-1094_001,pitch,deg,0.5,-0.5,34688,3562,4,0.395738,190,0.0316382,0.222571,433,432,819,432,88,88,195,88,0,0,0,0,0,0,0,0
nuscenes,scene-1094_001,pitch,deg,1,1,34688,3555,4,0.412413,194,0.0397091,0.222571,433,431,838,431,88,88,165,88,0,0,0,0,0,0,0,0
nuscenes,scene-1094_001,pitch,deg,1,-1,34688,3564,4,0.397108,188,0.0281478,0.222571,433,432,832,432,88,88,193,88,0,0,0,0,0,0,0,0
nuscenes,scene-1094_001,pitch,deg,1.5,1.5,34688,3554,4,0.421561,190,0.0454449,0.222571,433,431,835,431,88,88,185,88,0,0,0,0,0,0,0,0
nuscenes,scene-1094_001,pitch,deg,1.5,-1.5,34688,3561,4,0.399391,191,0.029939,0.222571,433,432,824,432,88,88,193,88,0,0,0,0,0,0,0,0
nuscenes,scene-1094_001,pitch,deg,2,2,34688,3552,4,0.400005,193,0.0215421,0.222571,433,430,835,430,88,88,187,88,0,0,0,0,0,0,0,0
nuscenes,scene-1094_001,pitch,deg,2,-2,34688,3565,4,0.39552,187,0.0389216,0.222571,433,431,828,431,88,88,193,88,0,0,0,0,0,0,0,0
nuscenes,scene-1094_001,pitch,deg,3,3,34688,3552,4,0.375338,192,0.00101298,0.222571,433,430,832,430,88,78,196,78,0,0,0,0,0,0,0,0
nuscenes,scene-1094_001,pitch,deg,3,-3,34688,3561,4,0.365751,190,0.0101763,0.222571,433,430,822,430,88,88,198,88,0,0,0,0,0,0,0,0
nuscenes,scene-1094_001,yaw,deg,0.25,0.25,34688,3560,4,0.401325,191,0.0340872,0.222571,433,433,819,433,88,88,216,88,0,0,0,0,0,0,0,0
nuscenes,scene-1094_001,yaw,deg,0.25,-0.25,34688,3557,4,0.381406,189,0.0110472,0.222571,433,432,810,432,88,88,208,88,0,0,0,0,0,0,0,0
nuscenes,scene-1094_001,yaw,deg,0.5,0.5,34688,3562,4,0.388786,190,0.0241165,0.222571,433,432,813,432,88,88,218,88,0,0,0,0,0,0,0,0
nuscenes,scene-1094_001,yaw,deg,0.5,-0.5,34688,3552,4,0.371374,188,-0.0043523,0.222571,433,431,805,431,88,88,205,88,0,0,0,0,0,0,0,0
nuscenes,scene-1094_001,yaw,deg,1,1,34688,3560,4,0.381903,184,0.022807,0.222571,433,427,807,427,88,88,222,88,0,0,0,0,0,0,0,0
nuscenes,scene-1094_001,yaw,deg,1,-1,34688,3542,4,0.346411,189,-0.0333183,0.222571,433,428,796,428,88,86,203,86,0,0,0,0,0,0,0,0
nuscenes,scene-1094_001,yaw,deg,1.5,1.5,34688,3568,4,0.398801,180,0.0490911,0.222571,433,420,799,420,88,86,228,86,0,0,0,0,0,0,0,0
nuscenes,scene-1094_001,yaw,deg,1.5,-1.5,34688,3532,4,0.339392,188,-0.0371194,0.222571,433,419,794,419,88,79,207,79,0,0,0,0,0,0,0,0
nuscenes,scene-1094_001,yaw,deg,2,2,34688,3567,4,0.38008,172,0.0256886,0.222571,433,400,782,400,88,85,228,85,0,0,0,0,0,0,0,0
nuscenes,scene-1094_001,yaw,deg,2,-2,34688,3521,4,0.381846,191,0.0101644,0.222571,433,404,794,404,88,76,211,76,0,0,0,0,0,0,0,0
nuscenes,scene-1094_001,yaw,deg,3,3,34688,3571,4,0.369871,168,-0.00804469,0.222571,433,362,773,362,88,77,224,77,0,0,0,0,0,0,0,0
nuscenes,scene-1094_001,yaw,deg,3,-3,34688,3498,4,0.387916,190,0.0224958,0.222571,433,370,790,370,88,66,216,66,0,0,0,0,0,0,0,0
nuscenes,scene-1094_001,tx,cm,2,2,34688,3556,4,0.396748,188,0.019738,0.222571,433,432,814,432,88,88,212,88,0,0,0,0,0,0,0,0
nuscenes,scene-1094_001,tx,cm,2,-2,34688,3561,4,0.384004,190,0.020707,0.222571,433,433,812,433,88,88,212,88,0,0,0,0,0,0,0,0
nuscenes,scene-1094_001,tx,cm,5,5,34688,3555,4,0.400933,184,0.0130226,0.222571,433,432,812,432,88,88,210,88,0,0,0,0,0,0,0,0
nuscenes,scene-1094_001,tx,cm,5,-5,34688,3558,4,0.383739,188,0.0255761,0.222571,433,433,817,433,88,88,214,88,0,0,0,0,0,0,0,0
nuscenes,scene-1094_001,tx,cm,10,10,34688,3552,4,0.390155,180,-0.0102938,0.222571,433,430,807,430,88,88,211,88,0,0,0,0,0,0,0,0
nuscenes,scene-1094_001,tx,cm,10,-10,34688,3559,4,0.375025,184,0.0165745,0.222571,433,432,814,432,88,88,214,88,0,0,0,0,0,0,0,0
nuscenes,scene-1094_001,tx,cm,20,20,34688,3558,4,0.381166,162,-0.0260322,0.222571,433,415,791,415,88,88,212,88,0,0,0,0,0,0,0,0
nuscenes,scene-1094_001,tx,cm,20,-20,34688,3552,4,0.374181,179,0.0279225,0.222571,433,424,810,424,88,88,215,88,0,0,0,0,0,0,0,0
nuscenes,scene-1094_001,ty,cm,2,2,34688,3571,4,0.387764,186,0.021376,0.222571,433,433,819,433,88,88,213,88,0,0,0,0,0,0,0,0
nuscenes,scene-1094_001,ty,cm,2,-2,34688,3542,4,0.383078,190,0.0144102,0.222571,433,433,805,433,88,88,213,88,0,0,0,0,0,0,0,0
nuscenes,scene-1094_001,ty,cm,5,5,34688,3591,4,0.399567,182,0.0249857,0.222571,433,433,819,433,88,88,213,88,0,0,0,0,0,0,0,0
nuscenes,scene-1094_001,ty,cm,5,-5,34688,3516,4,0.390092,195,0.0188498,0.222571,433,433,789,433,88,88,210,88,0,0,0,0,0,0,0,0
nuscenes,scene-1094_001,ty,cm,10,10,34688,3617,4,0.392813,175,0.0220095,0.222571,433,433,824,433,88,88,212,88,0,0,0,0,0,0,0,0
nuscenes,scene-1094_001,ty,cm,10,-10,34688,3464,4,0.383128,200,0.021182,0.222571,433,432,761,432,88,88,209,88,0,0,0,0,0,0,0,0
nuscenes,scene-1094_001,ty,cm,20,20,34688,3721,4,0.351404,220,0.0018768,0.222571,433,433,837,433,88,88,219,88,0,0,0,0,0,0,0,0
nuscenes,scene-1094_001,ty,cm,20,-20,34688,3432,4,0.395458,199,0.0242346,0.222571,433,432,759,432,88,88,205,88,0,0,0,0,0,0,0,0
nuscenes,scene-1094_001,tz,cm,2,2,34688,3582,4,0.378307,206,0.00676066,0.222571,433,433,815,433,88,88,210,88,0,0,0,0,0,0,0,0
nuscenes,scene-1094_001,tz,cm,2,-2,34688,3511,4,0.409422,175,0.0436709,0.222571,433,433,793,433,88,88,209,88,0,0,0,0,0,0,0,0
nuscenes,scene-1094_001,tz,cm,5,5,34688,3611,4,0.419174,210,0.0332623,0.222571,433,404,786,404,88,88,190,88,0,0,0,0,0,0,0,0
nuscenes,scene-1094_001,tz,cm,5,-5,34688,3471,4,0.387433,153,0.0228945,0.222571,433,433,812,433,88,88,199,88,0,0,0,0,0,0,0,0
nuscenes,scene-1094_001,tz,cm,10,10,34688,3646,4,0.459507,191,0.0371533,0.222571,433,400,797,400,88,88,171,88,0,0,0,0,0,0,0,0
nuscenes,scene-1094_001,tz,cm,10,-10,34688,3441,4,0.40068,156,0.00976461,0.222571,433,433,819,433,88,88,195,88,0,0,0,0,0,0,0,0
nuscenes,scene-1094_001,tz,cm,20,20,34688,3907,4,0.325256,335,0.0412095,0.222571,433,389,842,389,88,88,195,88,0,0,0,0,0,0,0,0
nuscenes,scene-1094_001,tz,cm,20,-20,34688,3304,4,0.331454,146,0.0325203,0.222571,433,433,750,433,88,88,193,88,0,0,0,0,0,0,0,0
nuscenes,scene-1094_002,baseline,,0,0,34720,3551,6,0.473569,168,0.103334,0.223482,478,448,929,448,84,84,178,84,0,0,0,0,0,0,0,0
nuscenes,scene-1094_002,roll,deg,0.25,0.25,34720,3585,6,0.443786,169,0.0735421,0.223482,478,446,919,446,84,84,175,84,0,0,0,0,0,0,0,0
nuscenes,scene-1094_002,roll,deg,0.25,-0.25,34720,3482,6,0.466332,167,0.0931267,0.223482,478,465,889,465,84,84,227,84,0,0,0,0,0,0,0,0
nuscenes,scene-1094_002,roll,deg,0.5,0.5,34720,3608,6,0.408524,173,0.0305803,0.223482,478,445,906,445,84,84,184,84,0,0,0,0,0,0,0,0
nuscenes,scene-1094_002,roll,deg,0.5,-0.5,34720,3467,6,0.397816,159,0.0371528,0.223482,478,475,880,475,84,84,221,84,0,0,0,0,0,0,0,0
nuscenes,scene-1094_002,roll,deg,1,1,34720,3643,6,0.361946,174,0.0227429,0.223482,478,445,882,445,84,84,196,84,0,0,0,0,0,0,0,0
nuscenes,scene-1094_002,roll,deg,1,-1,34720,3428,6,0.338774,142,-0.00017795,0.223482,478,475,951,475,84,84,222,84,0,0,0,0,0,0,0,0
nuscenes,scene-1094_002,roll,deg,1.5,1.5,34720,3742,6,0.385987,181,0.0561428,0.223482,478,411,911,411,84,59,188,59,0,0,0,0,0,0,0,0
nuscenes,scene-1094_002,roll,deg,1.5,-1.5,34720,3320,6,0.327241,139,-0.0125371,0.223482,478,475,899,475,84,73,210,73,0,0,0,0,0,0,0,0
nuscenes,scene-1094_002,roll,deg,2,2,34720,3793,6,0.430573,178,0.0783526,0.223482,478,409,892,409,84,59,198,59,0,0,0,0,0,0,0,0
nuscenes,scene-1094_002,roll,deg,2,-2,34720,3285,6,0.337914,142,-0.00584316,0.223482,478,467,887,467,84,65,233,65,0,0,0,0,0,0,0,0
nuscenes,scene-1094_002,roll,deg,3,3,34720,3931,6,0.434068,186,0.0489615,0.223482,478,377,923,377,84,27,204,27,0,0,0,0,0,0,0,0
nuscenes,scene-1094_002,roll,deg,3,-3,34720,3140,6,0.341816,143,-0.00413635,0.223482,478,421,901,421,84,57,247,57,0,0,0,0,0,0,0,0
nuscenes,scene-1094_002,pitch,deg,0.25,0.25,34720,3552,6,0.468288,170,0.0928621,0.223482,478,447,917,447,84,84,173,84,0,0,0,0,0,0,0,0
nuscenes,scene-1094_002,pitch,deg,0.25,-0.25,34720,3548,6,0.471496,169,0.108063,0.223482,478,448,926,448,84,84,184,84,0,0,0,0,0,0,0,0
nuscenes,scene-1094_002,pitch,deg,0.5,0.5,34720,3553,6,0.463246,170,0.089938,0.223482,478,448,915,448,84,84,173,84,0,0,0,0,0,0,0,0
nuscenes,scene-1094_002,pitch,deg,0.5,-0.5,34720,3546,6,0.4723,169,0.110536,0.223482,478,447,916,447,84,84,227,84,0,0,0,0,0,0,0,0
nuscenes,scene-1094_002,pitch,deg,1,1,34720,3551,6,0.457816,175,0.0767887,0.223482,478,448,924,448,84,84,182,84,0,0,0,0,0,0,0,0
nuscenes,scene-1094_002,pitch,deg,1,-1,34720,3547,6,0.440152,164,0.0750853,0.223482,478,446,902,446,84,84,224,84,0,0,0,0,0,0,0,0
nuscenes,scene-1094_002,pitch,deg,1.5,1.5,34720,3552,6,0.450483,171,0.0746366,0.223482,478,447,916,447,84,84,182,84,0,0,0,0,0,0,0,0
nuscenes,scene-1094_002,pitch,deg,1.5,-1.5,34720,3549,6,0.41681,167,0.0478329,0.223482,478,447,897,447,84,84,216,84,0,0,0,0,0,0,0,0
nuscenes,scene-1094_002,pitch,deg,2,2,34720,3548,6,0.443702,174,0.0737313,0.223482,478,450,918,450,84,84,179,84,0,0,0,0,0,0,0,0
nuscenes,scene-1094_002,pitch,deg,2,-2,34720,3552,6,0.407625,165,0.0475359,0.223482,478,447,889,447,84,84,219,84,0,0,0,0,0,0,0,0
nuscenes,scene-1094_002,pitch,deg,3,3,34720,3548,6,0.44664,173,0.0760345,0.223482,478,445,902,445,84,67,178,67,0,0,0,0,0,0,0,0
nuscenes,scene-1094_002,pitch,deg,3,-3,34720,3555,6,0.410845,168,0.0516421,0.223482,478,446,897,446,84,84,213,84,0,0,0,0,0,0,0,0
nuscenes,scene-1094_002,yaw,deg,0.25,0.25,34720,3556,6,0.47313,169,0.0974903,0.223482,478,449,931,449,84,84,182,84,0,0,0,0,0,0,0,0
nuscenes,scene-1094_002,yaw,deg,0.25,-0.25,34720,3546,6,0.466644,170,0.101136,0.223482,478,446,932,446,84,84,177,84,0,0,0,0,0,0,0,0
nuscenes,scene-1094_002,yaw,deg,0.5,0.5,34720,3556,6,0.453203,166,0.0804675,0.223482,478,450,938,450,84,84,182,84,0,0,0,0,0,0,0,0
nuscenes,scene-1094_002,yaw,deg,0.5,-0.5,34720,3544,6,0.449045,169,0.0869734,0.223482,478,443,934,443,84,84,174,84,0,0,0,0,0,0,0,0
nuscenes,scene-1094_002,yaw,deg,1,1,34720,3551,6,0.454093,170,0.102211,0.223482,478,446,938,446,84,82,185,82,0,0,0,0,0,0,0,0
nuscenes,scene-1094_002,yaw,deg,1,-1,34720,3544,6,0.401677,165,0.0323329,0.223482,478,437,936,437,84,83,175,83,0,0,0,0,0,0,0,0
nuscenes,scene-1094_002,yaw,deg,1.5,1.5,34720,3547,6,0.440108,166,0.0712204,0.223482,478,437,940,437,84,81,182,81,0,0,0,0,0,0,0,0
nuscenes,scene-1094_002,yaw,deg,1.5,-1.5,34720,3532,6,0.387311,166,-0.000238895,0.223482,478,423,949,423,84,78,171,78,0,0,0,0,0,0,0,0
nuscenes,scene-1094_002,yaw,deg,2,2,34720,3544,6,0.430209,161,0.0671971,0.223482,478,418,935,418,84,79,182,79,0,0,0,0,0,0,0,0
nuscenes,scene-1094_002,yaw,deg,2,-2,34720,3527,6,0.386647,165,0.000901759,0.223482,478,409,952,409,84,72,174,72,0,0,0,0,0,0,0,0
nuscenes,scene-1094_002,yaw,deg,3,3,34720,3542,6,0.410227,160,0.0405054,0.223482,478,378,931,378,84,76,184,76,0,0,0,0,0,0,0,0
nuscenes,scene-1094_002,yaw,deg,3,-3,34720,3503,6,0.410519,164,0.0136142,0.223482,478,368,929,368,84,60,186,60,0,0,0,0,0,0,0,0
nuscenes,scene-1094_002,tx,cm,2,2,34720,3552,6,0.477517,164,0.10414,0.223482,478,447,926,447,84,84,180,84,0,0,0,0,0,0,0,0
nuscenes,scene-1094_002,tx,cm,2,-2,34720,3550,6,0.466873,174,0.0980045,0.223482,478,449,931,449,84,84,179,84,0,0,0,0,0,0,0,0
nuscenes,scene-1094_002,tx,cm,5,5,34720,3552,6,0.474805,161,0.093926,0.223482,478,446,931,446,84,84,177,84,0,0,0,0,0,0,0,0
nuscenes,scene-1094_002,tx,cm,5,-5,34720,3548,6,0.46341,174,0.0934493,0.223482,478,449,933,449,84,84,179,84,0,0,0,0,0,0,0,0
nuscenes,scene-1094_002,tx,cm,10,10,34720,3553,6,0.485826,162,0.0904122,0.223482,478,444,928,444,84,84,178,84,0,0,0,0,0,0,0,0
nuscenes,scene-1094_002,tx,cm,10,-10,34720,3548,6,0.457375,181,0.0896325,0.223482,478,450,941,450,84,84,179,84,0,0,0,0,0,0,0,0
nuscenes,scene-1094_002,tx,cm,20,20,34720,3553,6,0.508606,156,0.0957053,0.223482,478,430,909,430,84,84,181,84,0,0,0,0,0,0,0,0
nuscenes,scene-1094_002,tx,cm,20,-20,34720,3550,6,0.404443,189,0.0514731,0.223482,478,446,960,446,84,84,178,84,0,0,0,0,0,0,0,0
nuscenes,scene-1094_002,ty,cm,2,2,34720,3560,6,0.476557,160,0.0997956,0.223482,478,447,930,447,84,84,179,84,0,0,0,0,0,0,0,0
nuscenes,scene-1094_002,ty,cm,2,-2,34720,3537,6,0.459912,171,0.0965878,0.223482,478,448,924,448,84,84,179,84,0,0,0,0,0,0,0,0
nuscenes,scene-1094_002,ty,cm,5,5,34720,3577,6,0.485448,160,0.10257,0.223482,478,447,932,447,84,84,180,84,0,0,0,0,0,0,0,0
nuscenes,scene-1094_002,ty,cm,5,-5,34720,3513,6,0.458338,180,0.102388,0.223482,478,448,906,448,84,84,179,84,0,0,0,0,0,0,0,0
nuscenes,scene-1094_002,ty,cm,10,10,34720,3604,6,0.484956,155,0.0918818,0.223482,478,448,938,448,84,84,181,84,0,0,0,0,0,0,0,0
nuscenes,scene-1094_002,ty,cm,10,-10,34720,3466,6,0.461078,178,0.0992841,0.223482,478,448,873,448,84,84,179,84,0,0,0,0,0,0,0,0
nuscenes,scene-1094_002,ty,cm,20,20,34720,3700,6,0.371848,203,0.0306973,0.223482,478,447,953,447,84,84,189,84,0,0,0,0,0,0,0,0
nuscenes,scene-1094_002,ty,cm,20,-20,34720,3434,6,0.451934,181,0.0973656,0.223482,478,446,864,446,84,84,175,84,0,0,0,0,0,0,0,0
nuscenes,scene-1094_002,tz,cm,2,2,34720,3577,6,0.442643,179,0.06241,0.223482,478,447,929,447,84,84,178,84,0,0,0,0,0,0,0,0
nuscenes,scene-1094_002,tz,cm,2,-2,34720,3509,6,0.423202,141,0.0697398,0.223482,478,452,881,452,84,84,183,84,0,0,0,0,0,0,0,0
nuscenes,scene-1094_002,tz,cm,5,5,34720,3606,6,0.461364,194,0.0443603,0.223482,478,446,930,446,84,84,178,84,0,0,0,0,0,0,0,0
nuscenes,scene-1094_002,tz,cm,5,-5,34720,3470,6,0.386741,145,0.0314448,0.223482,478,475,896,475,84,84,183,84,0,0,0,0,0,0,0,0
nuscenes,scene-1094_002,tz,cm,10,10,34720,3640,6,0.493057,182,0.0531404,0.223482,478,446,930,446,84,84,170,84,0,0,0,0,0,0,0,0
nuscenes,scene-1094_002,tz,cm,10,-10,34720,3443,6,0.376393,152,0.0150551,0.223482,478,475,875,475,84,84,213,84,0,0,0,0,0,0,0,0
nuscenes,scene-1094_002,tz,cm,20,20,34720,3900,6,0.323605,319,0.0329584,0.223482,478,427,996,427,84,84,185,84,0,0,0,0,0,0,0,0
nuscenes,scene-1094_002,tz,cm,20,-20,34720,3311,6,0.336285,152,0.00830814,0.223482,478,475,818,475,84,84,212,84,0,0,0,0,0,0,0,0
nuscenes,scene-1094_003,baseline,,0,0,34688,3581,5,0.320144,168,0.0182376,0.214501,424,414,873,414,95,95,192,95,0,0,0,0,0,0,0,0
nuscenes,scene-1094_003,roll,deg,0.25,0.25,34688,3617,5,0.335386,169,0.0186659,0.214501,424,413,930,413,95,95,194,95,0,0,0,0,0,0,0,0
nuscenes,scene-1094_003,roll,deg,0.25,-0.25,34688,3512,5,0.307585,164,-0.00456652,0.214501,424,422,893,422,95,95,245,95,0,0,0,0,0,0,0,0
nuscenes,scene-1094_003,roll,deg,0.5,0.5,34688,3641,5,0.358561,172,0.0273365,0.214501,424,413,885,413,95,95,194,95,0,0,0,0,0,0,0,0
nuscenes,scene-1094_003,roll,deg,0.5,-0.5,34688,3496,5,0.295671,163,-0.0165192,0.214501,424,424,908,424,95,95,234,95,0,0,0,0,0,0,0,0
nuscenes,scene-1094_003,roll,deg,1,1,34688,3675,5,0.347143,174,0.0355315,0.214501,424,411,899,411,95,95,210,95,0,0,0,0,0,0,0,0
nuscenes,scene-1094_003,roll,deg,1,-1,34688,3450,5,0.301846,167,-0.0275422,0.214501,424,424,951,424,95,95,232,95,0,0,0,0,0,0,0,0
nuscenes,scene-1094_003,roll,deg,1.5,1.5,34688,3774,5,0.326938,181,0.00163627,0.214501,424,377,906,377,95,66,198,66,0,0,0,0,0,0,0,0
nuscenes,scene-1094_003,roll,deg,1.5,-1.5,34688,3342,5,0.2598,160,-0.0479618,0.214501,424,423,891,423,95,85,222,85,0,0,0,0,0,0,0,0
nuscenes,scene-1094_003,roll,deg,2,2,34688,3823,5,0.357394,188,0.00806549,0.214501,424,377,894,377,95,66,213,66,0,0,0,0,0,0,0,0
nuscenes,scene-1094_003,roll,deg,2,-2,34688,3311,5,0.246241,160,-0.0689116,0.214501,424,421,905,421,95,76,249,76,0,0,0,0,0,0,0,0
nuscenes,scene-1094_003,roll,deg,3,3,34688,3959,5,0.330512,192,-0.0245546,0.214501,424,360,925,360,95,30,213,30,0,0,0,0,0,0,0,0
nuscenes,scene-1094_003,roll,deg,3,-3,34688,3163,5,0.246148,157,-0.0311403,0.214501,424,380,892,380,95,65,255,65,0,0,0,0,0,0,0,0
nuscenes,scene-1094_003,pitch,deg,0.25,0.25,34688,3581,5,0.321461,164,0.0124514,0.214501,424,414,872,414,95,95,184,95,0,0,0,0,0,0,0,0
nuscenes,scene-1094_003,pitch,deg,0.25,-0.25,34688,3578,5,0.317724,164,0.0211776,0.214501,424,415,876,415,95,95,196,95,0,0,0,0,0,0,0,0
nuscenes,scene-1094_003,pitch,deg,0.5,0.5,34688,3580,5,0.30564,163,-0.00785473,0.214501,424,414,878,414,95,95,184,95,0,0,0,0,0,0,0,0
nuscenes,scene-1094_003,pitch,deg,0.5,-0.5,34688,3578,5,0.312081,164,0.0234019,0.214501,424,415,888,415,95,95,233,95,0,0,0,0,0,0,0,0
nuscenes,scene-1094_003,pitch,deg,1,1,34688,3577,5,0.30166,163,-0.0105125,0.214501,424,413,909,413,95,95,191,95,0,0,0,0,0,0,0,0
nuscenes,scene-1094_003,pitch,deg,1,-1,34688,3579,5,0.322194,166,0.0320018,0.214501,424,416,889,416,95,95,237,95,0,0,0,0,0,0,0,0
nuscenes,scene-1094_003,pitch,deg,1.5,1.5,34688,3578,5,0.309581,167,-0.000440925,0.214501,424,413,922,413,95,95,187,95,0,0,0,0,0,0,0,0
nuscenes,scene-1094_003,pitch,deg,1.5,-1.5,34688,3581,5,0.317495,163,0.0276682,0.214501,424,416,879,416,95,95,232,95,0,0,0,0,0,0,0,0
nuscenes,scene-1094_003,pitch,deg,2,2,34688,3574,5,0.314653,160,0.0163949,0.214501,424,413,909,413,95,93,206,93,0,0,0,0,0,0,0,0
nuscenes,scene-1094_003,pitch,deg,2,-2,34688,3581,5,0.326068,164,0.017171,0.214501,424,417,889,417,95,95,232,95,0,0,0,0,0,0,0,0
nuscenes,scene-1094_003,pitch,deg,3,3,34688,3575,5,0.309718,159,0.011302,0.214501,424,412,887,412,95,73,189,73,0,0,0,0,0,0,0,0
nuscenes,scene-1094_003,pitch,deg,3,-3,34688,3584,5,0.312537,164,0.0170581,0.214501,424,417,879,417,95,95,235,95,0,0,0,0,0,0,0,0
nuscenes,scene-1094_003,yaw,deg,0.25,0.25,34688,3581,5,0.30189,162,0.00294322,0.214501,424,414,870,414,95,94,189,94,0,0,0,0,0,0,0,0
nuscenes,scene-1094_003,yaw,deg,0.25,-0.25,34688,3571,5,0.286945,162,-0.00489652,0.214501,424,414,870,414,95,95,189,95,0,0,0,0,0,0,0,0
nuscenes,scene-1094_003,yaw,deg,0.5,0.5,34688,3583,5,0.310815,165,0.0055587,0.214501,424,414,869,414,95,94,185,94,0,0,0,0,0,0,0,0
nuscenes,scene-1094_003,yaw,deg,0.5,-0.5,34688,3570,5,0.267838,165,-0.0107894,0.214501,424,414,871,414,95,95,190,95,0,0,0,0,0,0,0,0
nuscenes,scene-1094_003,yaw,deg,1,1,34688,3587,5,0.300084,161,0.00121048,0.214501,424,413,862,413,95,86,183,86,0,0,0,0,0,0,0,0
nuscenes,scene-1094_003,yaw,deg,1,-1,34688,3566,5,0.264132,161,-0.0186385,0.214501,424,412,866,412,95,94,191,94,0,0,0,0,0,0,0,0
nuscenes,scene-1094_003,yaw,deg,1.5,1.5,34688,3586,5,0.301216,163,0.00656149,0.214501,424,407,857,407,95,81,175,81,0,0,0,0,0,0,0,0
nuscenes,scene-1094_003,yaw,deg,1.5,-1.5,34688,3557,5,0.292105,160,-0.00714675,0.214501,424,401,853,401,95,91,188,91,0,0,0,0,0,0,0,0
nuscenes,scene-1094_003,yaw,deg,2,2,34688,3589,5,0.32113,158,0.0338237,0.214501,424,394,858,394,95,76,175,76,0,0,0,0,0,0,0,0
nuscenes,scene-1094_003,yaw,deg,2,-2,34688,3559,5,0.300308,157,-0.0351483,0.214501,424,392,864,392,95,84,186,84,0,0,0,0,0,0,0,0
nuscenes,scene-1094_003,yaw,deg,3,3,34688,3576,5,0.332623,155,0.0275584,0.214501,424,365,851,365,95,73,183,73,0,0,0,0,0,0,0,0
nuscenes,scene-1094_003,yaw,deg,3,-3,34688,3543,5,0.341431,159,0.00413319,0.214501,424,359,872,359,95,72,190,72,0,0,0,0,0,0,0,0
nuscenes,scene-1094_003,tx,cm,2,2,34688,3580,5,0.313739,159,0.0168459,0.214501,424,414,870,414,95,95,191,95,0,0,0,0,0,0,0,0
nuscenes,scene-1094_003,tx,cm,2,-2,34688,3581,5,0.312966,161,0.0159308,0.214501,424,414,871,414,95,95,189,95,0,0,0,0,0,0,0,0
nuscenes,scene-1094_003,tx,cm,5,5,34688,3578,5,0.302133,163,0.00280577,0.214501,424,414,869,414,95,95,192,95,0,0,0,0,0,0,0,0
nuscenes,scene-1094_003,tx,cm,5,-5,34688,3579,5,0.313169,165,0.0202558,0.214501,424,414,873,414,95,95,187,95,0,0,0,0,0,0,0,0
nuscenes,scene-1094_003,tx,cm,10,10,34688,3572,5,0.30565,154,0.00510758,0.214501,424,414,866,414,95,95,189,95,0,0,0,0,0,0,0,0
nuscenes,scene-1094_003,tx,cm,10,-10,34688,3579,5,0.318608,177,0.0197158,0.214501,424,414,877,414,95,95,189,95,0,0,0,0,0,0,0,0
nuscenes,scene-1094_003,tx,cm,20,20,34688,3571,5,0.334113,145,-0.00806561,0.214501,424,407,852,407,95,95,189,95,0,0,0,0,0,0,0,0
nuscenes,scene-1094_003,tx,cm,20,-20,34688,3583,5,0.34372,175,0.0353148,0.214501,424,413,878,413,95,94,182,94,0,0,0,0,0,0,0,0
nuscenes,scene-1094_003,ty,cm,2,2,34688,3594,5,0.308698,162,0.00589669,0.214501,424,414,888,414,95,95,192,95,0,0,0,0,0,0,0,0
nuscenes,scene-1094_003,ty,cm,2,-2,34688,3566,5,0.313367,163,0.0113742,0.214501,424,414,871,414,95,95,189,95,0,0,0,0,0,0,0,0
nuscenes,scene-1094_003,ty,cm,5,5,34688,3610,5,0.314661,154,0.00732753,0.214501,424,414,915,414,95,95,193,95,0,0,0,0,0,0,0,0
nuscenes,scene-1094_003,ty,cm,5,-5,34688,3543,5,0.312727,164,0.0167548,0.214501,424,414,869,414,95,95,188,95,0,0,0,0,0,0,0,0
nuscenes,scene-1094_003,ty,cm,10,10,34688,3635,5,0.315516,155,0.0120752,0.214501,424,414,931,414,95,95,193,95,0,0,0,0,0,0,0,0
nuscenes,scene-1094_003,ty,cm,10,-10,34688,3489,5,0.319009,164,0.025783,0.214501,424,414,863,414,95,95,185,95,0,0,0,0,0,0,0,0
nuscenes,scene-1094_003,ty,cm,20,20,34688,3733,5,0.298547,195,0.00802338,0.214501,424,415,955,415,95,95,201,95,0,0,0,0,0,0,0,0
nuscenes,scene-1094_003,ty,cm,20,-20,34688,3459,5,0.346835,162,0.0342082,0.214501,424,414,862,414,95,95,183,95,0,0,0,0,0,0,0,0
nuscenes,scene-1094_003,tz,cm,2,2,34688,3609,5,0.364283,184,0.0296504,0.214501,424,413,924,413,95,95,185,95,0,0,0,0,0,0,0,0
nuscenes,scene-1094_003,tz,cm,2,-2,34688,3538,5,0.321271,165,0.0145813,0.214501,424,416,875,416,95,95,196,95,0,0,0,0,0,0,0,0
nuscenes,scene-1094_003,tz,cm,5,5,34688,3639,5,0.420933,190,0.0518523,0.214501,424,413,937,413,95,95,186,95,0,0,0,0,0,0,0,0
nuscenes,scene-1094_003,tz,cm,5,-5,34688,3497,5,0.331319,158,0.00794971,0.214501,424,424,900,424,95,95,194,95,0,0,0,0,0,0,0,0
nuscenes,scene-1094_003,tz,cm,10,10,34688,3677,5,0.423733,211,0.0526885,0.214501,424,413,947,413,95,95,189,95,0,0,0,0,0,0,0,0
nuscenes,scene-1094_003,tz,cm,10,-10,34688,3468,5,0.33983,164,0.00163335,0.214501,424,424,899,424,95,95,211,95,0,0,0,0,0,0,0,0
nuscenes,scene-1094_003,tz,cm,20,20,34688,3934,5,0.309106,297,0.0328334,0.214501,424,386,989,386,95,95,193,95,0,0,0,0,0,0,0,0
nuscenes,scene-1094_003,tz,cm,20,-20,34688,3333,5,0.299592,161,-0.0035896,0.214501,424,423,826,423,95,95,236,95,0,0,0,0,0,0,0,0
nuscenes,scene-1094_004,baseline,,0,0,34720,3602,4,0.411016,163,0.0286801,0.232441,394,377,811,377,99,99,195,99,0,0,0,0,0,0,0,0
nuscenes,scene-1094_004,roll,deg,0.25,0.25,34720,3636,4,0.448427,164,0.0610007,0.232441,394,373,807,373,99,99,204,99,0,0,0,0,0,0,0,0
nuscenes,scene-1094_004,roll,deg,0.25,-0.25,34720,3535,4,0.417025,163,0.0424804,0.232441,394,394,834,394,99,99,249,99,0,0,0,0,0,0,0,0
nuscenes,scene-1094_004,roll,deg,0.5,0.5,34720,3662,4,0.431614,164,0.0379144,0.232441,394,372,791,372,99,99,203,99,0,0,0,0,0,0,0,0
nuscenes,scene-1094_004,roll,deg,0.5,-0.5,34720,3520,4,0.400092,163,0.0192796,0.232441,394,394,825,394,99,99,246,99,0,0,0,0,0,0,0,0
nuscenes,scene-1094_004,roll,deg,1,1,34720,3697,4,0.449884,162,0.0571226,0.232441,394,371,827,371,99,98,220,98,0,0,0,0,0,0,0,0
nuscenes,scene-1094_004,roll,deg,1,-1,34720,3473,4,0.371507,169,-0.0120663,0.232441,394,394,827,394,99,99,238,99,0,0,0,0,0,0,0,0
nuscenes,scene-1094_004,roll,deg,1.5,1.5,34720,3795,4,0.45137,159,0.0477934,0.232441,394,343,785,343,99,72,209,72,0,0,0,0,0,0,0,0
nuscenes,scene-1094_004,roll,deg,1.5,-1.5,34720,3367,4,0.367094,168,-0.00709277,0.232441,394,393,824,393,99,87,229,87,0,0,0,0,0,0,0,0
nuscenes,scene-1094_004,roll,deg,2,2,34720,3842,4,0.41803,158,-0.00368646,0.232441,394,341,798,341,99,72,228,72,0,0,0,0,0,0,0,0
nuscenes,scene-1094_004,roll,deg,2,-2,34720,3337,4,0.363135,167,-0.0223743,0.232441,394,368,779,368,99,85,258,85,0,0,0,0,0,0,0,0
nuscenes,scene-1094_004,roll,deg,3,3,34720,3990,4,0.427386,172,0.0354946,0.232441,394,322,795,322,99,36,235,36,0,0,0,0,0,0,0,0
nuscenes,scene-1094_004,roll,deg,3,-3,34720,3184,4,0.331348,164,-0.00525594,0.232441,394,368,823,368,99,63,251,63,0,0,0,0,0,0,0,0
nuscenes,scene-1094_004,pitch,deg,0.25,0.25,34720,3599,4,0.423948,162,0.0413054,0.232441,394,376,816,376,99,99,190,99,0,0,0,0,0,0,0,0
nuscenes,scene-1094_004,pitch,deg,0.25,-0.25,34720,3599,4,0.416717,162,0.0373876,0.232441,394,378,814,378,99,99,212,99,0,0,0,0,0,0,0,0
nuscenes,scene-1094_004,pitch,deg,0.5,0.5,34720,3599,4,0.417717,163,0.0373125,0.232441,394,376,814,376,99,99,202,99,0,0,0,0,0,0,0,0
nuscenes,scene-1094_004,pitch,deg,0.5,-0.5,34720,3599,4,0.407569,163,0.0262086,0.232441,394,378,820,378,99,99,236,99,0,0,0,0,0,0,0,0
nuscenes,scene-1094_004,pitch,deg,1,1,34720,3598,4,0.418795,162,0.0326413,0.232441,394,374,813,374,99,99,203,99,0,0,0,0,0,0,0,0
nuscenes,scene-1094_004,pitch,deg,1,-1,34720,3598,4,0.411577,166,0.0260317,0.232441,394,383,823,383,99,99,246,99,0,0,0,0,0,0,0,0
nuscenes,scene-1094_004,pitch,deg,1.5,1.5,34720,3598,4,0.431238,163,0.0455503,0.232441,394,372,817,372,99,99,202,99,0,0,0,0,0,0,0,0
nuscenes,scene-1094_004,pitch,deg,1.5,-1.5,34720,3603,4,0.407206,166,0.0169706,0.232441,394,390,822,390,99,99,246,99,0,0,0,0,0,0,0,0
nuscenes,scene-1094_004,pitch,deg,2,2,34720,3597,4,0.442972,162,0.0446475,0.232441,394,370,829,370,99,96,219,96,0,0,0,0,0,0,0,0
nuscenes,scene-1094_004,pitch,deg,2,-2,34720,3605,4,0.411452,168,0.00723296,0.232441,394,394,824,394,99,99,240,99,0,0,0,0,0,0,0,0
nuscenes,scene-1094_004,pitch,deg,3,3,34720,3597,4,0.4429,166,0.0478131,0.232441,394,370,808,370,99,79,193,79,0,0,0,0,0,0,0,0
nuscenes,scene-1094_004,pitch,deg,3,-3,34720,3604,4,0.391587,167,-0.00398234,0.232441,394,393,810,393,99,99,239,99,0,0,0,0,0,0,0,0
nuscenes,scene-1094_004,yaw,deg,0.25,0.25,34720,3597,4,0.413523,161,0.0328244,0.232441,394,376,815,376,99,97,189,97,0,0,0,0,0,0,0,0
nuscenes,scene-1094_004,yaw,deg,0.25,-0.25,34720,3595,4,0.408328,164,0.0183119,0.232441,394,377,818,377,99,99,195,99,0,0,0,0,0,0,0,0
nuscenes,scene-1094_004,yaw,deg,0.5,0.5,34720,3599,4,0.41981,161,0.0496713,0.232441,394,376,817,376,99,97,182,97,0,0,0,0,0,0,0,0
nuscenes,scene-1094_004,yaw,deg,0.5,-0.5,34720,3588,4,0.38597,166,-0.0120535,0.232441,394,377,815,377,99,99,195,99,0,0,0,0,0,0,0,0
nuscenes,scene-1094_004,yaw,deg,1,1,34720,3593,4,0.423455,157,0.0377175,0.232441,394,373,807,373,99,90,184,90,0,0,0,0,0,0,0,0
nuscenes,scene-1094_004,yaw,deg,1,-1,34720,3592,4,0.357805,166,-0.0239376,0.232441,394,377,811,377,99,98,197,98,0,0,0,0,0,0,0,0
nuscenes,scene-1094_004,yaw,deg,1.5,1.5,34720,3574,4,0.472062,149,0.0735873,0.232441,394,366,805,366,99,88,184,88,0,0,0,0,0,0,0,0
nuscenes,scene-1094_004,yaw,deg,1.5,-1.5,34720,3581,4,0.347466,165,-0.0364541,0.232441,394,370,810,370,99,95,198,95,0,0,0,0,0,0,0,0
nuscenes,scene-1094_004,yaw,deg,2,2,34720,3558,4,0.495041,145,0.0854453,0.232441,394,360,790,360,99,86,189,86,0,0,0,0,0,0,0,0
nuscenes,scene-1094_004,yaw,deg,2,-2,34720,3579,4,0.348681,163,-0.0161289,0.232441,394,361,806,361,99,88,198,88,0,0,0,0,0,0,0,0
nuscenes,scene-1094_004,yaw,deg,3,3,34720,3531,4,0.52982,116,0.0547855,0.232441,394,338,787,338,99,83,198,83,0,0,0,0,0,0,0,0
nuscenes,scene-1094_004,yaw,deg,3,-3,34720,3561,4,0.42229,161,0.0424769,0.232441,394,337,808,337,99,75,199,75,0,0,0,0,0,0,0,0
nuscenes,scene-1094_004,tx,cm,2,2,34720,3598,4,0.419684,166,0.0278002,0.232441,394,377,813,377,99,99,197,99,0,0,0,0,0,0,0,0
nuscenes,scene-1094_004,tx,cm,2,-2,34720,3600,4,0.405208,166,0.031178,0.232441,394,377,815,377,99,99,194,99,0,0,0,0,0,0,0,0
nuscenes,scene-1094_004,tx,cm,5,5,34720,3595,4,0.406154,160,0.00272399,0.232441,394,377,816,377,99,99,198,99,0,0,0,0,0,0,0,0
nuscenes,scene-1094_004,tx,cm,5,-5,34720,3601,4,0.416068,158,0.0384802,0.232441,394,376,823,376,99,99,191,99,0,0,0,0,0,0,0,0
nuscenes,scene-1094_004,tx,cm,10,10,34720,3594,4,0.403222,161,-0.0108758,0.232441,394,377,815,377,99,99,198,99,0,0,0,0,0,0,0,0
nuscenes,scene-1094_004,tx,cm,10,-10,34720,3599,4,0.430828,163,0.0452353,0.232441,394,376,821,376,99,99,190,99,0,0,0,0,0,0,0,0
nuscenes,scene-1094_004,tx,cm,20,20,34720,3595,4,0.429653,158,-0.00424036,0.232441,394,372,807,372,99,99,204,99,0,0,0,0,0,0,0,0
nuscenes,scene-1094_004,tx,cm,20,-20,34720,3576,4,0.436484,170,0.0492018,0.232441,394,373,811,373,99,97,188,97,0,0,0,0,0,0,0,0
nuscenes,scene-1094_004,ty,cm,2,2,34720,3614,4,0.413754,163,0.03029,0.232441,394,377,813,377,99,99,197,99,0,0,0,0,0,0,0,0
nuscenes,scene-1094_004,ty,cm,2,-2,34720,3583,4,0.40433,161,0.0253176,0.232441,394,377,810,377,99,99,195,99,0,0,0,0,0,0,0,0
nuscenes,scene-1094_004,ty,cm,5,5,34720,3628,4,0.41101,169,0.030215,0.232441,394,377,816,377,99,99,199,99,0,0,0,0,0,0,0,0
nuscenes,scene-1094_004,ty,cm,5,-5,34720,3558,4,0.40756,163,0.0307842,0.232441,394,376,809,376,99,99,194,99,0,0,0,0,0,0,0,0
nuscenes,scene-1094_004,ty,cm,10,10,34720,3658,4,0.402386,166,0.0205522,0.232441,394,377,825,377,99,99,202,99,0,0,0,0,0,0,0,0
nuscenes,scene-1094_004,ty,cm,10,-10,34720,3511,4,0.42853,158,0.0331782,0.232441,394,376,808,376,99,99,188,99,0,0,0,0,0,0,0,0
nuscenes,scene-1094_004,ty,cm,20,20,34720,3752,4,0.357595,215,-0.00268903,0.232441,394,380,837,380,99,99,213,99,0,0,0,0,0,0,0,0
nuscenes,scene-1094_004,ty,cm,20,-20,34720,3472,4,0.461832,154,0.0471275,0.232441,394,375,791,375,99,98,188,98,0,0,0,0,0,0,0,0
nuscenes,scene-1094_004,tz,cm,2,2,34720,3630,4,0.414988,157,0.025337,0.232441,394,374,808,374,99,99,192,99,0,0,0,0,0,0,0,0
nuscenes,scene-1094_004,tz,cm,2,-2,34720,3556,4,0.402248,170,0.0314642,0.232441,394,394,829,394,99,99,196,99,0,0,0,0,0,0,0,0
nuscenes,scene-1094_004,tz,cm,5,5,34720,3660,4,0.460721,172,0.0470722,0.232441,394,372,806,372,99,99,189,99,0,0,0,0,0,0,0,0
nuscenes,scene-1094_004,tz,cm,5,-5,34720,3526,4,0.391948,165,0.0234407,0.232441,394,394,825,394,99,99,210,99,0,0,0,0,0,0,0,0
nuscenes,scene-1094_004,tz,cm,10,10,34720,3698,4,0.467046,185,0.0459351,0.232441,394,372,857,372,99,99,203,99,0,0,0,0,0,0,0,0
nuscenes,scene-1094_004,tz,cm,10,-10,34720,3495,4,0.409886,152,0.0489229,0.232441,394,394,760,394,99,99,225,99,0,0,0,0,0,0,0,0
nuscenes,scene-1094_004,tz,cm,20,20,34720,3955,4,0.313115,270,0.0270748,0.232441,394,343,875,343,99,99,211,99,0,0,0,0,0,0,0,0
nuscenes,scene-1094_004,tz,cm,20,-20,34720,3362,4,0.355295,149,0.0334766,0.232441,394,394,765,394,99,99,246,99,0,0,0,0,0,0,0,0
nuscenes,scene-1094_005,baseline,,0,0,34752,3548,3,0.474974,119,-0.00867712,0.22867,370,370,647,370,102,102,210,102,0,0,0,0,0,0,0,0
nuscenes,scene-1094_005,roll,deg,0.25,0.25,34752,3586,3,0.502005,119,0.0265179,0.22867,370,370,627,370,102,102,214,102,0,0,0,0,0,0,0,0
nuscenes,scene-1094_005,roll,deg,0.25,-0.25,34752,3481,3,0.467437,118,0.0033243,0.22867,370,370,621,370,102,102,221,102,0,0,0,0,0,0,0,0
nuscenes,scene-1094_005,roll,deg,0.5,0.5,34752,3610,3,0.557732,110,0.0789336,0.22867,370,370,630,370,102,102,227,102,0,0,0,0,0,0,0,0
nuscenes,scene-1094_005,roll,deg,0.5,-0.5,34752,3465,3,0.46608,118,-0.0110777,0.22867,370,369,620,369,102,102,243,102,0,0,0,0,0,0,0,0
nuscenes,scene-1094_005,roll,deg,1,1,34752,3644,3,0.593845,108,0.10626,0.22867,370,343,604,343,102,74,198,74,0,0,0,0,0,0,0,0
nuscenes,scene-1094_005,roll,deg,1,-1,34752,3427,3,0.444657,118,-0.0425626,0.22867,370,369,617,369,102,102,245,102,0,0,0,0,0,0,0,0
nuscenes,scene-1094_005,roll,deg,1.5,1.5,34752,3740,3,0.66622,99,0.148048,0.22867,370,338,600,338,102,74,213,74,0,0,0,0,0,0,0,0
nuscenes,scene-1094_005,roll,deg,1.5,-1.5,34752,3316,3,0.437875,115,-0.0389957,0.22867,370,369,624,369,102,95,233,95,0,0,0,0,0,0,0,0
nuscenes,scene-1094_005,roll,deg,2,2,34752,3789,3,0.613091,97,0.0882772,0.22867,370,338,608,338,102,74,236,74,0,0,0,0,0,0,0,0
nuscenes,scene-1094_005,roll,deg,2,-2,34752,3283,3,0.48811,114,0.0316187,0.22867,370,369,623,369,102,81,256,81,0,0,0,0,0,0,0,0
nuscenes,scene-1094_005,roll,deg,3,3,34752,3925,3,0.584551,102,0.0843926,0.22867,370,325,630,325,102,46,249,46,0,0,0,0,0,0,0,0
nuscenes,scene-1094_005,roll,deg,3,-3,34752,3135,3,0.422166,112,0.0280975,0.22867,370,328,627,328,102,56,237,56,0,0,0,0,0,0,0,0
nuscenes,scene-1094_005,pitch,deg,0.25,0.25,34752,3550,3,0.475256,118,-0.0087249,0.22867,370,369,638,369,102,102,209,102,0,0,0,0,0,0,0,0
nuscenes,scene-1094_005,pitch,deg,0.25,-0.25,34752,3546,3,0.472832,118,-0.0120164,0.22867,370,370,641,370,102,102,209,102,0,0,0,0,0,0,0,0
nuscenes,scene-1094_005,pitch,deg,0.5,0.5,34752,3552,3,0.480209,118,-0.00287154,0.22867,370,369,633,369,102,102,211,102,0,0,0,0,0,0,0,0
nuscenes,scene-1094_005,pitch,deg,0.5,-0.5,34752,3554,3,0.471003,120,-0.00680882,0.22867,370,370,638,370,102,102,202,102,0,0,0,0,0,0,0,0
nuscenes,scene-1094_005,pitch,deg,1,1,34752,3554,3,0.49709,119,0.00993314,0.22867,370,369,636,369,102,102,226,102,0,0,0,0,0,0,0,0
nuscenes,scene-1094_005,pitch,deg,1,-1,34752,3554,3,0.487836,118,0.0228937,0.22867,370,370,637,370,102,102,244,102,0,0,0,0,0,0,0,0
nuscenes,scene-1094_005,pitch,deg,1.5,1.5,34752,3556,3,0.486504,118,0.00348213,0.22867,370,369,637,369,102,102,231,102,0,0,0,0,0,0,0,0
nuscenes,scene-1094_005,pitch,deg,1.5,-1.5,34752,3550,3,0.498787,119,0.0330166,0.22867,370,370,631,370,102,102,247,102,0,0,0,0,0,0,0,0
nuscenes,scene-1094_005,pitch,deg,2,2,34752,3553,3,0.482219,117,-0.00383019,0.22867,370,369,633,369,102,92,217,92,0,0,0,0,0,0,0,0
nuscenes,scene-1094_005,pitch,deg,2,-2,34752,3548,3,0.494516,119,0.0315294,0.22867,370,370,629,370,102,102,245,102,0,0,0,0,0,0,0,0
nuscenes,scene-1094_005,pitch,deg,3,3,34752,3555,3,0.449833,117,-0.0356703,0.22867,370,367,628,367,102,74,202,74,0,0,0,0,0,0,0,0
nuscenes,scene-1094_005,pitch,deg,3,-3,34752,3548,3,0.497231,119,0.0272817,0.22867,370,370,626,370,102,95,235,95,0,0,0,0,0,0,0,0
nuscenes,scene-1094_005,yaw,deg,0.25,0.25,34752,3548,3,0.481023,118,-0.0100142,0.22867,370,369,644,369,102,102,211,102,0,0,0,0,0,0,0,0
nuscenes,scene-1094_005,yaw,deg,0.25,-0.25,34752,3558,3,0.455399,120,-0.01793,0.22867,370,370,645,370,102,102,207,102,0,0,0,0,0,0,0,0
nuscenes,scene-1094_005,yaw,deg,0.5,0.5,34752,3550,3,0.467014,117,-0.0205918,0.22867,370,367,642,367,102,102,211,102,0,0,0,0,0,0,0,0
nuscenes,scene-1094_005,yaw,deg,0.5,-0.5,34752,3550,3,0.439331,118,-0.0430046,0.22867,370,370,643,370,102,102,204,102,0,0,0,0,0,0,0,0
nuscenes,scene-1094_005,yaw,deg,1,1,34752,3550,3,0.455381,115,-0.019198,0.22867,370,362,643,362,102,101,221,101,0,0,0,0,0,0,0,0
nuscenes,scene-1094_005,yaw,deg,1,-1,34752,3543,3,0.434731,122,-0.0157889,0.22867,370,370,644,370,102,101,203,101,0,0,0,0,0,0,0,0
nuscenes,scene-1094_005,yaw,deg,1.5,1.5,34752,3553,3,0.48433,116,0.00579295,0.22867,370,357,642,357,102,99,227,99,0,0,0,0,0,0,0,0
nuscenes,scene-1094_005,yaw,deg,1.5,-1.5,34752,3550,3,0.408236,135,-0.0207864,0.22867,370,363,637,363,102,98,202,98,0,0,0,0,0,0,0,0
nuscenes,scene-1094_005,yaw,deg,2,2,34752,3554,3,0.499936,113,0.0410476,0.22867,370,348,641,348,102,98,233,98,0,0,0,0,0,0,0,0
nuscenes,scene-1094_005,yaw,deg,2,-2,34752,3548,3,0.369931,141,-0.041665,0.22867,370,354,640,354,102,94,198,94,0,0,0,0,0,0,0,0
nuscenes,scene-1094_005,yaw,deg,3,3,34752,3569,3,0.503636,117,0.0466343,0.22867,370,329,640,329,102,93,236,93,0,0,0,0,0,0,0,0
nuscenes,scene-1094_005,yaw,deg,3,-3,34752,3553,3,0.371491,157,-0.0160534,0.22867,370,334,639,334,102,83,200,83,0,0,0,0,0,0,0,0
nuscenes,scene-1094_005,tx,cm,2,2,34752,3551,3,0.465849,119,-0.0159645,0.22867,370,370,645,370,102,102,210,102,0,0,0,0,0,0,0,0
nuscenes,scene-1094_005,tx,cm,2,-2,34752,3545,3,0.484664,118,-0.0047954,0.22867,370,369,645,369,102,102,209,102,0,0,0,0,0,0,0,0
nuscenes,scene-1094_005,tx,cm,5,5,34752,3549,3,0.477608,125,-0.0026865,0.22867,370,370,645,370,102,102,208,102,0,0,0,0,0,0,0,0
nuscenes,scene-1094_005,tx,cm,5,-5,34752,3550,3,0.482949,116,-0.00269443,0.22867,370,369,644,369,102,102,209,102,0,0,0,0,0,0,0,0
nuscenes,scene-1094_005,tx,cm,10,10,34752,3558,3,0.467287,127,-0.010213,0.22867,370,370,640,370,102,102,208,102,0,0,0,0,0,0,0,0
nuscenes,scene-1094_005,tx,cm,10,-10,34752,3543,3,0.477584,113,-0.00895303,0.22867,370,367,645,367,102,102,209,102,0,0,0,0,0,0,0,0
nuscenes,scene-1094_005,tx,cm,20,20,34752,3574,3,0.47975,147,0.0196795,0.22867,370,363,634,363,102,102,210,102,0,0,0,0,0,0,0,0
nuscenes,scene-1094_005,tx,cm,20,-20,34752,3531,3,0.489197,113,0.0156205,0.22867,370,361,648,361,102,102,214,102,0,0,0,0,0,0,0,0
nuscenes,scene-1094_005,ty,cm,2,2,34752,3562,3,0.478471,119,-0.00569716,0.22867,370,370,653,370,102,102,210,102,0,0,0,0,0,0,0,0
nuscenes,scene-1094_005,ty,cm,2,-2,34752,3534,3,0.471259,118,-0.0145095,0.22867,370,369,616,369,102,102,208,102,0,0,0,0,0,0,0,0
nuscenes,scene-1094_005,ty,cm,5,5,34752,3582,3,0.483049,118,-0.00646704,0.22867,370,370,662,370,102,102,211,102,0,0,0,0,0,0,0,0
nuscenes,scene-1094_005,ty,cm,5,-5,34752,3506,3,0.46289,118,-0.0192791,0.22867,370,369,614,369,102,102,208,102,0,0,0,0,0,0,0,0
nuscenes,scene-1094_005,ty,cm,10,10,34752,3615,3,0.484777,122,0.00335357,0.22867,370,370,672,370,102,102,212,102,0,0,0,0,0,0,0,0
nuscenes,scene-1094_005,ty,cm,10,-10,34752,3459,3,0.468437,117,-0.0156318,0.22867,370,369,611,369,102,102,208,102,0,0,0,0,0,0,0,0
nuscenes,scene-1094_005,ty,cm,20,20,34752,3719,3,0.384794,187,-0.0321106,0.22867,370,370,685,370,102,102,224,102,0,0,0,0,0,0,0,0
nuscenes,scene-1094_005,ty,cm,20,-20,34752,3426,3,0.479572,120,-0.00300339,0.22867,370,369,606,369,102,102,204,102,0,0,0,0,0,0,0,0
nuscenes,scene-1094_005,tz,cm,2,2,34752,3577,3,0.542042,98,0.0435045,0.22867,370,370,663,370,102,102,210,102,0,0,0,0,0,0,0,0
nuscenes,scene-1094_005,tz,cm,2,-2,34752,3499,3,0.47001,115,-0.0110606,0.22867,370,370,619,370,102,102,210,102,0,0,0,0,0,0,0,0
nuscenes,scene-1094_005,tz,cm,5,5,34752,3608,3,0.555452,107,0.0611023,0.22867,370,370,653,370,102,102,213,102,0,0,0,0,0,0,0,0
nuscenes,scene-1094_005,tz,cm,5,-5,34752,3469,3,0.457579,117,-0.0206317,0.22867,370,370,622,370,102,102,205,102,0,0,0,0,0,0,0,0
nuscenes,scene-1094_005,tz,cm,10,10,34752,3639,3,0.590139,115,0.106872,0.22867,370,370,643,370,102,102,222,102,0,0,0,0,0,0,0,0
nuscenes,scene-1094_005,tz,cm,10,-10,34752,3440,3,0.466151,115,0.00740358,0.22867,370,370,622,370,102,102,188,102,0,0,0,0,0,0,0,0
nuscenes,scene-1094_005,tz,cm,20,20,34752,3895,3,0.364742,194,0.0480692,0.22867,370,340,667,340,102,102,224,102,0,0,0,0,0,0,0,0
nuscenes,scene-1094_005,tz,cm,20,-20,34752,3308,3,0.556566,81,0.0835677,0.22867,370,370,569,370,102,102,229,102,0,0,0,0,0,0,0,0
nuscenes,scene-1094_006,baseline,,0,0,34688,3602,4,0.489291,103,0.0350009,0.234985,358,358,700,358,130,130,309,130,0,0,0,0,0,0,0,0
nuscenes,scene-1094_006,roll,deg,0.25,0.25,34688,3642,4,0.523367,100,0.0675674,0.234985,358,358,705,358,130,130,308,130,0,0,0,0,0,0,0,0
nuscenes,scene-1094_006,roll,deg,0.25,-0.25,34688,3539,4,0.49016,106,0.0236382,0.234985,358,358,670,358,130,130,324,130,0,0,0,0,0,0,0,0
nuscenes,scene-1094_006,roll,deg,0.5,0.5,34688,3671,4,0.533632,101,0.0562169,0.234985,358,358,685,358,130,130,296,130,0,0,0,0,0,0,0,0
nuscenes,scene-1094_006,roll,deg,0.5,-0.5,34688,3526,4,0.479589,105,0.0322103,0.234985,358,358,669,358,130,130,328,130,0,0,0,0,0,0,0,0
nuscenes,scene-1094_006,roll,deg,1,1,34688,3706,4,0.570875,94,0.100298,0.234985,358,358,680,358,130,130,305,130,0,0,0,0,0,0,0,0
nuscenes,scene-1094_006,roll,deg,1,-1,34688,3484,4,0.392597,107,-0.0428405,0.234985,358,358,705,358,130,123,311,123,0,0,0,0,0,0,0,0
nuscenes,scene-1094_006,roll,deg,1.5,1.5,34688,3804,4,0.552533,93,0.0811794,0.234985,358,327,685,327,130,97,301,97,0,0,0,0,0,0,0,0
nuscenes,scene-1094_006,roll,deg,1.5,-1.5,34688,3381,4,0.436852,106,-0.000320137,0.234985,358,358,674,358,130,105,327,105,0,0,0,0,0,0,0,0
nuscenes,scene-1094_006,roll,deg,2,2,34688,3864,4,0.541151,98,0.0590061,0.234985,358,325,662,325,130,96,328,96,0,0,0,0,0,0,0,0
nuscenes,scene-1094_006,roll,deg,2,-2,34688,3346,4,0.485693,106,0.0446544,0.234985,358,358,673,358,130,105,339,105,0,0,0,0,0,0,0,0
nuscenes,scene-1094_006,roll,deg,3,3,34688,4003,4,0.464033,105,0.00638735,0.234985,358,312,693,312,130,45,335,45,0,0,0,0,0,0,0,0
nuscenes,scene-1094_006,roll,deg,3,-3,34688,3191,4,0.416011,109,1.33514e-05,0.234985,358,335,678,335,130,75,365,75,0,0,0,0,0,0,0,0
nuscenes,scene-1094_006,pitch,deg,0.25,0.25,34688,3603,4,0.506627,103,0.0525481,0.234985,358,358,706,358,130,130,318,130,0,0,0,0,0,0,0,0
nuscenes,scene-1094_006,pitch,deg,0.25,-0.25,34688,3600,4,0.479705,101,0.024449,0.234985,358,358,697,358,130,130,311,130,0,0,0,0,0,0,0,0
nuscenes,scene-1094_006,pitch,deg,0.5,0.5,34688,3605,4,0.522691,102,0.0719086,0.234985,358,358,704,358,130,130,308,130,0,0,0,0,0,0,0,0
nuscenes,scene-1094_006,pitch,deg,0.5,-0.5,34688,3600,4,0.476024,101,0.0119487,0.234985,358,358,696,358,130,130,323,130,0,0,0,0,0,0,0,0
nuscenes,scene-1094_006,pitch,deg,1,1,34688,3608,4,0.527976,102,0.0589815,0.234985,358,358,711,358,130,130,304,130,0,0,0,0,0,0,0,0
nuscenes,scene-1094_006,pitch,deg,1,-1,34688,3610,4,0.444802,104,-0.0210502,0.234985,358,358,695,358,130,130,325,130,0,0,0,0,0,0,0,0
nuscenes,scene-1094_006,pitch,deg,1.5,1.5,34688,3613,4,0.485446,105,0.0149996,0.234985,358,358,710,358,130,130,305,130,0,0,0,0,0,0,0,0
nuscenes,scene-1094_006,pitch,deg,1.5,-1.5,34688,3614,4,0.432431,100,-0.0306815,0.234985,358,358,688,358,130,130,320,130,0,0,0,0,0,0,0,0
nuscenes,scene-1094_006,pitch,deg,2,2,34688,3611,4,0.465685,104,-0.00603348,0.234985,358,358,700,358,130,130,310,130,0,0,0,0,0,0,0,0
nuscenes,scene-1094_006,pitch,deg,2,-2,34688,3609,4,0.434613,104,-0.0173989,0.234985,358,358,687,358,130,125,315,125,0,0,0,0,0,0,0,0
nuscenes,scene-1094_006,pitch,deg,3,3,34688,3612,4,0.451911,106,-0.0235146,0.234985,358,357,699,357,130,116,299,116,0,0,0,0,0,0,0,0
nuscenes,scene-1094_006,pitch,deg,3,-3,34688,3605,4,0.440332,103,-0.00964433,0.234985,358,358,681,358,130,123,349,123,0,0,0,0,0,0,0,0
nuscenes,scene-1094_006,yaw,deg,0.25,0.25,34688,3607,4,0.495375,101,0.0340358,0.234985,358,358,704,358,130,130,309,130,0,0,0,0,0,0,0,0
nuscenes,scene-1094_006,yaw,deg,0.25,-0.25,34688,3600,4,0.481556,101,0.0316725,0.234985,358,358,702,358,130,130,306,130,0,0,0,0,0,0,0,0
nuscenes,scene-1094_006,yaw,deg,0.5,0.5,34688,3617,4,0.489895,101,0.0348672,0.234985,358,356,704,356,130,130,314,130,0,0,0,0,0,0,0,0
nuscenes,scene-1094_006,yaw,deg,0.5,-0.5,34688,3588,4,0.461608,101,0.01281,0.234985,358,358,702,358,130,130,310,130,0,0,0,0,0,0,0,0
nuscenes,scene-1094_006,yaw,deg,1,1,34688,3629,4,0.489817,102,0.0239068,0.234985,358,352,698,352,130,128,314,128,0,0,0,0,0,0,0,0
nuscenes,scene-1094_006,yaw,deg,1,-1,34688,3576,4,0.468742,99,0.0108851,0.234985,358,358,696,358,130,130,307,130,0,0,0,0,0,0,0,0
nuscenes,scene-1094_006,yaw,deg,1.5,1.5,34688,3635,4,0.422031,106,-0.0449445,0.234985,358,346,702,346,130,124,316,124,0,0,0,0,0,0,0,0
nuscenes,scene-1094_006,yaw,deg,1.5,-1.5,34688,3563,4,0.482782,99,0.00924703,0.234985,358,356,699,356,130,126,310,126,0,0,0,0,0,0,0,0
nuscenes,scene-1094_006,yaw,deg,2,2,34688,3637,4,0.424356,106,-0.0307242,0.234985,358,338,698,338,130,120,316,120,0,0,0,0,0,0,0,0
nuscenes,scene-1094_006,yaw,deg,2,-2,34688,3554,4,0.476554,105,0.0180423,0.234985,358,350,696,350,130,122,310,122,0,0,0,0,0,0,0,0
nuscenes,scene-1094_006,yaw,deg,3,3,34688,3631,4,0.46529,102,0.0110127,0.234985,358,322,694,322,130,107,313,107,0,0,0,0,0,0,0,0
nuscenes,scene-1094_006,yaw,deg,3,-3,34688,3540,4,0.448689,111,0.0190635,0.234985,358,331,690,331,130,104,314,104,0,0,0,0,0,0,0,0
nuscenes,scene-1094_006,tx,cm,2,2,34688,3600,4,0.487049,103,0.0249255,0.234985,358,358,703,358,130,130,305,130,0,0,0,0,0,0,0,0
nuscenes,scene-1094_006,tx,cm,2,-2,34688,3601,4,0.483557,105,0.0257134,0.234985,358,358,702,358,130,130,310,130,0,0,0,0,0,0,0,0
nuscenes,scene-1094_006,tx,cm,5,5,34688,3600,4,0.494134,108,0.0302697,0.234985,358,358,702,358,130,130,305,130,0,0,0,0,0,0,0,0
nuscenes,scene-1094_006,tx,cm,5,-5,34688,3608,4,0.482047,98,0.0278334,0.234985,358,358,702,358,130,130,311,130,0,0,0,0,0,0,0,0
nuscenes,scene-1094_006,tx,cm,10,10,34688,3598,4,0.489689,113,0.0267056,0.234985,358,358,701,358,130,130,308,130,0,0,0,0,0,0,0,0
nuscenes,scene-1094_006,tx,cm,10,-10,34688,3609,4,0.467502,92,0.0159279,0.234985,358,356,706,356,130,130,313,130,0,0,0,0,0,0,0,0
nuscenes,scene-1094_006,tx,cm,20,20,34688,3599,4,0.493389,118,0.0168248,0.234985,358,356,694,356,130,130,303,130,0,0,0,0,0,0,0,0
nuscenes,scene-1094_006,tx,cm,20,-20,34688,3611,4,0.485222,94,0.0273734,0.234985,358,350,703,350,130,130,320,130,0,0,0,0,0,0,0,0
nuscenes,scene-1094_006,ty,cm,2,2,34688,3613,4,0.486058,102,0.0302253,0.234985,358,358,704,358,130,130,309,130,0,0,0,0,0,0,0,0
nuscenes,scene-1094_006,ty,cm,2,-2,34688,3588,4,0.48598,102,0.0292408,0.234985,358,358,694,358,130,130,307,130,0,0,0,0,0,0,0,0
nuscenes,scene-1094_006,ty,cm,5,5,34688,3632,4,0.485238,100,0.0253667,0.234985,358,358,711,358,130,130,309,130,0,0,0,0,0,0,0,0
nuscenes,scene-1094_006,ty,cm,5,-5,34688,3559,4,0.486887,103,0.0280477,0.234985,358,358,667,358,130,130,306,130,0,0,0,0,0,0,0,0
nuscenes,scene-1094_006,ty,cm,10,10,34688,3667,4,0.494323,98,0.0385373,0.234985,358,358,723,358,130,130,312,130,0,0,0,0,0,0,0,0
nuscenes,scene-1094_006,ty,cm,10,-10,34688,3523,4,0.49295,101,0.0366964,0.234985,358,358,665,358,130,130,305,130,0,0,0,0,0,0,0,0
nuscenes,scene-1094_006,ty,cm,20,20,34688,3738,4,0.430891,133,0.0222305,0.234985,358,358,741,358,130,130,329,130,0,0,0,0,0,0,0,0
nuscenes,scene-1094_006,ty,cm,20,-20,34688,3499,4,0.500646,100,0.0462081,0.234985,358,356,657,356,130,130,299,130,0,0,0,0,0,0,0,0
nuscenes,scene-1094_006,tz,cm,2,2,34688,3633,4,0.538457,98,0.0875362,0.234985,358,358,712,358,130,130,314,130,0,0,0,0,0,0,0,0
nuscenes,scene-1094_006,tz,cm,2,-2,34688,3545,4,0.488403,108,0.0328546,0.234985,358,358,671,358,130,130,302,130,0,0,0,0,0,0,0,0
nuscenes,scene-1094_006,tz,cm,5,5,34688,3666,4,0.562884,105,0.130901,0.234985,358,358,721,358,130,130,326,130,0,0,0,0,0,0,0,0
nuscenes,scene-1094_006,tz,cm,5,-5,34688,3533,4,0.49321,108,0.0369015,0.234985,358,358,671,358,130,130,310,130,0,0,0,0,0,0,0,0
nuscenes,scene-1094_006,tz,cm,10,10,34688,3703,4,0.587365,124,0.140639,0.234985,358,358,720,358,130,130,336,130,0,0,0,0,0,0,0,0
nuscenes,scene-1094_006,tz,cm,10,-10,34688,3503,4,0.47317,99,0.014447,0.234985,358,358,669,358,130,130,323,130,0,0,0,0,0,0,0,0
nuscenes,scene-1094_006,tz,cm,20,20,34688,3955,4,0.417323,185,0.0812495,0.234985,358,330,776,330,130,130,339,130,0,0,0,0,0,0,0,0
nuscenes,scene-1094_006,tz,cm,20,-20,34688,3375,4,0.577089,77,0.114575,0.234985,358,358,615,358,130,130,315,130,0,0,0,0,0,0,0,0
nuscenes,scene-1094_007,baseline,,0,0,34720,3678,3,0.494949,96,0.0269724,0.234265,379,379,723,379,110,110,263,110,0,0,0,0,0,0,0,0
nuscenes,scene-1094_007,roll,deg,0.25,0.25,34720,3712,3,0.59187,105,0.12497,0.234265,379,379,736,379,110,110,263,110,0,0,0,0,0,0,0,0
nuscenes,scene-1094_007,roll,deg,0.25,-0.25,34720,3612,3,0.433499,94,-0.0280457,0.234265,379,379,741,379,110,110,282,110,0,0,0,0,0,0,0,0
nuscenes,scene-1094_007,roll,deg,0.5,0.5,34720,3737,3,0.580424,112,0.0941084,0.234265,379,359,726,359,110,110,272,110,0,0,0,0,0,0,0,0
nuscenes,scene-1094_007,roll,deg,0.5,-0.5,34720,3598,3,0.417846,95,-0.0391691,0.234265,379,379,745,379,110,110,293,110,0,0,0,0,0,0,0,0
nuscenes,scene-1094_007,roll,deg,1,1,34720,3771,3,0.555005,121,0.104152,0.234265,379,350,710,350,110,103,294,104,0,0,0,0,0,0,0,0
nuscenes,scene-1094_007,roll,deg,1,-1,34720,3557,3,0.434061,98,-0.012226,0.234265,379,374,727,374,110,109,273,109,0,0,0,0,0,0,0,0
nuscenes,scene-1094_007,roll,deg,1.5,1.5,34720,3872,3,0.579576,133,0.109421,0.234265,379,350,708,350,110,103,281,105,0,0,0,0,0,0,0,0
nuscenes,scene-1094_007,roll,deg,1.5,-1.5,34720,3460,3,0.419323,98,-0.0118681,0.234265,379,372,706,372,110,109,266,109,0,0,0,0,0,0,0,0
nuscenes,scene-1094_007,roll,deg,2,2,34720,3927,3,0.532085,141,0.0529892,0.234265,379,322,699,322,110,103,295,105,0,0,0,0,0,0,0,0
nuscenes,scene-1094_007,roll,deg,2,-2,34720,3405,3,0.442908,99,0.0146758,0.234265,379,372,742,372,110,94,300,94,0,0,0,0,0,0,0,0
nuscenes,scene-1094_007,roll,deg,3,3,34720,4062,3,0.494117,143,0.0368121,0.234265,379,321,719,321,110,60,283,62,0,0,0,0,0,0,0,0
nuscenes,scene-1094_007,roll,deg,3,-3,34720,3250,3,0.393901,112,0.0186381,0.234265,379,371,723,371,110,85,297,85,0,0,0,0,0,0,0,0
nuscenes,scene-1094_007,pitch,deg,0.25,0.25,34720,3677,3,0.527404,96,0.058566,0.234265,379,379,726,379,110,110,263,110,0,0,0,0,0,0,0,0
nuscenes,scene-1094_007,pitch,deg,0.25,-0.25,34720,3680,3,0.484199,97,0.0180793,0.234265,379,379,727,379,110,110,263,110,0,0,0,0,0,0,0,0
nuscenes,scene-1094_007,pitch,deg,0.5,0.5,34720,3677,3,0.54469,100,0.0783116,0.234265,379,379,730,379,110,110,263,110,0,0,0,0,0,0,0,0
nuscenes,scene-1094_007,pitch,deg,0.5,-0.5,34720,3680,3,0.476359,97,0.00928289,0.234265,379,379,729,379,110,110,266,110,0,0,0,0,0,0,0,0
nuscenes,scene-1094_007,pitch,deg,1,1,34720,3684,3,0.558076,98,0.0999122,0.234265,379,379,740,379,110,110,262,110,0,0,0,0,0,0,0,0
nuscenes,scene-1094_007,pitch,deg,1,-1,34720,3681,3,0.481183,96,0.0106062,0.234265,379,379,756,379,110,110,297,112,0,0,0,0,0,0,0,0
nuscenes,scene-1094_007,pitch,deg,1.5,1.5,34720,3684,3,0.566793,97,0.105986,0.234265,379,374,739,374,110,110,278,110,0,0,0,0,0,0,0,0
nuscenes,scene-1094_007,pitch,deg,1.5,-1.5,34720,3680,3,0.515147,97,0.0518572,0.234265,379,379,747,379,110,110,295,112,0,0,0,0,0,0,0,0
nuscenes,scene-1094_007,pitch,deg,2,2,34720,3681,3,0.560401,99,0.0979773,0.234265,379,359,732,359,110,103,291,103,0,0,0,0,0,0,0,0
nuscenes,scene-1094_007,pitch,deg,2,-2,34720,3678,3,0.476341,98,0.0184616,0.234265,379,379,742,379,110,110,278,112,0,0,0,0,0,0,0,0
nuscenes,scene-1094_007,pitch,deg,3,3,34720,3681,3,0.5216,98,0.0619369,0.234265,379,350,711,350,110,103,296,103,0,0,0,0,0,0,0,0
nuscenes,scene-1094_007,pitch,deg,3,-3,34720,3679,3,0.441093,102,0.00461388,0.234265,379,379,727,379,110,108,269,109,0,0,0,0,0,0,0,0
nuscenes,scene-1094_007,yaw,deg,0.25,0.25,34720,3679,3,0.469376,95,0.0151341,0.234265,379,379,726,379,110,109,263,109,0,0,0,0,0,0,0,0
nuscenes,scene-1094_007,yaw,deg,0.25,-0.25,34720,3672,3,0.472368,97,0.00986657,0.234265,379,379,724,379,110,110,259,112,0,0,0,0,0,0,0,0
nuscenes,scene-1094_007,yaw,deg,0.5,0.5,34720,3676,3,0.466769,94,0.00946766,0.234265,379,377,726,377,110,106,266,106,0,0,0,0,0,0,0,0
nuscenes,scene-1094_007,yaw,deg,0.5,-0.5,34720,3671,3,0.466817,100,0.00397563,0.234265,379,379,723,379,110,110,260,115,0,0,0,0,0,0,0,0
nuscenes,scene-1094_007,yaw,deg,1,1,34720,3678,3,0.421821,94,-0.0274833,0.234265,379,373,723,373,110,97,266,97,0,0,0,0,0,0,0,0
nuscenes,scene-1094_007,yaw,deg,1,-1,34720,3669,3,0.424429,101,-0.0130607,0.234265,379,379,726,379,110,109,260,119,0,0,0,0,0,0,0,0
nuscenes,scene-1094_007,yaw,deg,1.5,1.5,34720,3676,3,0.42696,91,-0.0283538,0.234265,379,365,722,365,110,92,272,92,0,0,0,0,0,0,0,0
nuscenes,scene-1094_007,yaw,deg,1.5,-1.5,34720,3665,3,0.440472,100,0.000341833,0.234265,379,375,732,375,110,107,255,120,0,0,0,0,0,0,0,0
nuscenes,scene-1094_007,yaw,deg,2,2,34720,3681,3,0.422655,91,-0.0311123,0.234265,379,357,713,357,110,84,274,84,0,0,0,0,0,0,0,0
nuscenes,scene-1094_007,yaw,deg,2,-2,34720,3660,3,0.453308,100,0.00522351,0.234265,379,367,732,367,110,102,255,119,0,0,0,0,0,0,0,0
nuscenes,scene-1094_007,yaw,deg,3,3,34720,3682,3,0.465186,93,0.0263487,0.234265,379,343,714,343,110,72,280,72,0,0,0,0,0,0,0,0
nuscenes,scene-1094_007,yaw,deg,3,-3,34720,3643,3,0.469509,103,0.0379928,0.234265,379,348,737,348,110,93,256,110,0,0,0,0,0,0,0,0
nuscenes,scene-1094_007,tx,cm,2,2,34720,3676,3,0.489007,101,0.0257637,0.234265,379,379,724,379,110,110,259,111,0,0,0,0,0,0,0,0
nuscenes,scene-1094_007,tx,cm,2,-2,34720,3678,3,0.511502,96,0.0472675,0.234265,379,379,725,379,110,109,264,109,0,0,0,0,0,0,0,0
nuscenes,scene-1094_007,tx,cm,5,5,34720,3673,3,0.484809,104,0.0162361,0.234265,379,379,723,379,110,110,258,112,0,0,0,0,0,0,0,0
nuscenes,scene-1094_007,tx,cm,5,-5,34720,3682,3,0.502596,95,0.0425577,0.234265,379,379,724,379,110,109,266,109,0,0,0,0,0,0,0,0
nuscenes,scene-1094_007,tx,cm,10,10,34720,3671,3,0.489745,110,0.0271131,0.234265,379,379,717,379,110,110,254,112,0,0,0,0,0,0,0,0
nuscenes,scene-1094_007,tx,cm,10,-10,34720,3678,3,0.468031,94,0.0217079,0.234265,379,377,728,377,110,109,268,109,0,0,0,0,0,0,0,0
nuscenes,scene-1094_007,tx,cm,20,20,34720,3673,3,0.492669,122,0.0277168,0.234265,379,374,712,374,110,110,249,115,0,0,0,0,0,0,0,0
nuscenes,scene-1094_007,tx,cm,20,-20,34720,3679,3,0.423196,102,-0.0128053,0.234265,379,372,732,372,110,106,279,106,0,0,0,0,0,0,0,0
nuscenes,scene-1094_007,ty,cm,2,2,34720,3690,3,0.498862,97,0.0254016,0.234265,379,379,729,379,110,110,262,111,0,0,0,0,0,0,0,0
nuscenes,scene-1094_007,ty,cm,2,-2,34720,3663,3,0.505681,96,0.0314293,0.234265,379,379,719,379,110,109,263,109,0,0,0,0,0,0,0,0
nuscenes,scene-1094_007,ty,cm,5,5,34720,3710,3,0.495643,96,0.0289206,0.234265,379,379,736,379,110,110,261,112,0,0,0,0,0,0,0,0
nuscenes,scene-1094_007,ty,cm,5,-5,34720,3644,3,0.519793,98,0.0420163,0.234265,379,379,714,379,110,109,264,109,0,0,0,0,0,0,0,0
nuscenes,scene-1094_007,ty,cm,10,10,34720,3739,3,0.489136,95,0.0240728,0.234265,379,379,745,379,110,110,261,112,0,0,0,0,0,0,0,0
nuscenes,scene-1094_007,ty,cm,10,-10,34720,3587,3,0.523997,101,0.0427247,0.234265,379,379,695,379,110,109,264,109,0,0,0,0,0,0,0,0
nuscenes,scene-1094_007,ty,cm,20,20,34720,3870,3,0.280746,248,-0.020249,0.234265,379,379,767,379,110,110,270,112,0,0,0,0,0,0,0,0
nuscenes,scene-1094_007,ty,cm,20,-20,34720,3553,3,0.531297,109,0.0544934,0.234265,379,377,690,377,110,108,264,108,0,0,0,0,0,0,0,0
nuscenes,scene-1094_007,tz,cm,2,2,34720,3705,3,0.521164,135,0.0700182,0.234265,379,379,734,379,110,110,263,110,0,0,0,0,0,0,0,0
nuscenes,scene-1094_007,tz,cm,2,-2,34720,3641,3,0.474479,97,0.00775307,0.234265,379,379,712,379,110,110,263,110,0,0,0,0,0,0,0,0
nuscenes,scene-1094_007,tz,cm,5,5,34720,3736,3,0.531994,138,0.0852942,0.234265,379,368,733,368,110,110,270,110,0,0,0,0,0,0,0,0
nuscenes,scene-1094_007,tz,cm,5,-5,34720,3598,3,0.416112,115,-0.0310345,0.234265,379,379,712,379,110,110,260,110,0,0,0,0,0,0,0,0
nuscenes,scene-1094_007,tz,cm,10,10,34720,3770,3,0.583396,144,0.118256,0.234265,379,352,731,352,110,110,277,110,0,0,0,0,0,0,0,0
nuscenes,scene-1094_007,tz,cm,10,-10,34720,3569,3,0.422952,113,-0.0182477,0.234265,379,379,704,379,110,110,254,110,0,0,0,0,0,0,0,0
nuscenes,scene-1094_007,tz,cm,20,20,34720,4044,3,0.408035,219,0.0906356,0.234265,379,346,827,346,110,110,291,110,0,0,0,0,0,0,0,0
nuscenes,scene-1094_007,tz,cm,20,-20,34720,3434,3,0.44559,83,-0.00156459,0.234265,379,372,685,372,110,110,248,110,0,0,0,0,0,0,0,0
nuscenes,scene-1094_008,baseline,,0,0,34752,3646,5,0.560531,115,0.0585718,0.241878,410,410,914,410,105,105,396,105,0,0,0,0,0,0,0,0
nuscenes,scene-1094_008,roll,deg,0.25,0.25,34752,3685,5,0.567625,116,0.0607865,0.241878,410,410,890,410,105,105,371,105,0,0,0,0,0,0,0,0
nuscenes,scene-1094_008,roll,deg,0.25,-0.25,34752,3576,5,0.520544,115,0.00874656,0.241878,410,410,901,410,105,104,380,104,0,0,0,0,0,0,0,0
nuscenes,scene-1094_008,roll,deg,0.5,0.5,34752,3713,5,0.612984,117,0.0955175,0.241878,410,410,891,410,105,105,371,105,0,0,0,0,0,0,0,0
nuscenes,scene-1094_008,roll,deg,0.5,-0.5,34752,3563,5,0.520541,112,0.0296218,0.241878,410,410,879,410,105,104,361,104,0,0,0,0,0,0,0,0
nuscenes,scene-1094_008,roll,deg,1,1,34752,3746,5,0.551062,121,0.0686519,0.241878,410,390,877,390,105,105,370,105,0,0,0,0,0,0,0,0
nuscenes,scene-1094_008,roll,deg,1,-1,34752,3522,5,0.43516,119,-0.0243419,0.241878,410,410,909,410,105,104,368,104,0,0,0,0,0,0,0,0
nuscenes,scene-1094_008,roll,deg,1.5,1.5,34752,3849,5,0.563393,119,0.0987778,0.241878,410,365,867,365,105,87,368,87,0,0,0,0,0,0,0,0
nuscenes,scene-1094_008,roll,deg,1.5,-1.5,34752,3420,5,0.420309,124,-0.0438799,0.241878,410,410,898,410,105,104,395,104,0,0,0,0,0,0,0,0
nuscenes,scene-1094_008,roll,deg,2,2,34752,3904,5,0.51904,123,0.0900031,0.241878,410,364,857,364,105,57,337,57,0,0,0,0,0,0,0,0
nuscenes,scene-1094_008,roll,deg,2,-2,34752,3372,5,0.431468,128,-0.0328208,0.241878,410,407,868,407,105,88,361,88,0,0,0,0,0,0,0,0
nuscenes,scene-1094_008,roll,deg,3,3,34752,4036,5,0.527096,141,0.0686174,0.241878,410,341,854,341,105,50,331,50,0,0,0,0,0,0,0,0
nuscenes,scene-1094_008,roll,deg,3,-3,34752,3222,5,0.462046,123,0.0567591,0.241878,410,406,891,406,105,88,401,88,0,0,0,0,0,0,0,0
nuscenes,scene-1094_008,pitch,deg,0.25,0.25,34752,3650,5,0.564386,118,0.065328,0.241878,410,410,914,410,105,104,389,104,0,0,0,0,0,0,0,0
nuscenes,scene-1094_008,pitch,deg,0.25,-0.25,34752,3645,5,0.541334,117,0.0440695,0.241878,410,410,906,410,105,105,388,105,0,0,0,0,0,0,0,0
nuscenes,scene-1094_008,pitch,deg,0.5,0.5,34752,3652,5,0.569178,117,0.0652924,0.241878,410,410,906,410,105,104,393,104,0,0,0,0,0,0,0,0
nuscenes,scene-1094_008,pitch,deg,0.5,-0.5,34752,3646,5,0.534121,116,0.0200448,0.241878,410,410,900,410,105,105,383,105,0,0,0,0,0,0,0,0
nuscenes,scene-1094_008,pitch,deg,1,1,34752,3655,5,0.606884,119,0.095818,0.241878,410,410,896,410,105,104,381,104,0,0,0,0,0,0,0,0
nuscenes,scene-1094_008,pitch,deg,1,-1,34752,3646,5,0.539057,118,0.0319661,0.241878,410,410,894,410,105,105,378,105,0,0,0,0,0,0,0,0
nuscenes,scene-1094_008,pitch,deg,1.5,1.5,34752,3656,5,0.612201,116,0.102088,0.241878,410,410,902,410,105,104,365,104,0,0,0,0,0,0,0,0
nuscenes,scene-1094_008,pitch,deg,1.5,-1.5,34752,3648,5,0.51712,118,0.0375125,0.241878,410,410,886,410,105,105,368,105,0,0,0,0,0,0,0,0
nuscenes,scene-1094_008,pitch,deg,2,2,34752,3655,5,0.556818,116,0.0650282,0.241878,410,410,905,410,105,102,348,102,0,0,0,0,0,0,0,0
nuscenes,scene-1094_008,pitch,deg,2,-2,34752,3650,5,0.503718,116,0.034932,0.241878,410,410,890,410,105,105,394,105,0,0,0,0,0,0,0,0
nuscenes,scene-1094_008,pitch,deg,3,3,34752,3659,5,0.600395,116,0.123194,0.241878,410,385,871,385,105,96,363,96,0,0,0,0,0,0,0,0
nuscenes,scene-1094_008,pitch,deg,3,-3,34752,3648,5,0.511972,116,0.0360677,0.241878,410,410,911,410,105,101,383,101,0,0,0,0,0,0,0,0
nuscenes,scene-1094_008,yaw,deg,0.25,0.25,34752,3655,5,0.55604,114,0.0615145,0.241878,410,410,911,410,105,103,397,103,0,0,0,0,0,0,0,0
nuscenes,scene-1094_008,yaw,deg,0.25,-0.25,34752,3646,5,0.544656,114,0.035144,0.241878,410,410,907,410,105,105,394,106,0,0,0,0,0,0,0,0
nuscenes,scene-1094_008,yaw,deg,0.5,0.5,34752,3650,5,0.570315,115,0.0760386,0.241878,410,409,907,409,105,99,397,99,0,0,0,0,0,0,0,0
nuscenes,scene-1094_008,yaw,deg,0.5,-0.5,34752,3647,5,0.518898,115,0.0187724,0.241878,410,410,910,410,105,105,395,108,0,0,0,0,0,0,0,0
nuscenes,scene-1094_008,yaw,deg,1,1,34752,3652,5,0.558543,115,0.071039,0.241878,410,403,907,403,105,93,401,93,0,0,0,0,0,0,0,0
nuscenes,scene-1094_008,yaw,deg,1,-1,34752,3648,5,0.456957,116,-0.0212954,0.241878,410,410,914,410,105,105,401,116,0,0,0,0,0,0,0,0
nuscenes,scene-1094_008,yaw,deg,1.5,1.5,34752,3650,5,0.571878,110,0.090411,0.241878,410,395,900,395,105,86,395,86,0,0,0,0,0,0,0,0
nuscenes,scene-1094_008,yaw,deg,1.5,-1.5,34752,3643,5,0.430916,114,-0.040399,0.241878,410,408,911,408,105,105,396,121,0,0,0,0,0,0,0,0
nuscenes,scene-1094_008,yaw,deg,2,2,34752,3647,5,0.560779,111,0.0761303,0.241878,410,387,896,387,105,78,397,78,0,0,0,0,0,0,0,0
nuscenes,scene-1094_008,yaw,deg,2,-2,34752,3647,5,0.467066,118,-0.00105551,0.241878,410,405,918,405,105,103,398,126,0,0,0,0,0,0,0,0
nuscenes,scene-1094_008,yaw,deg,3,3,34752,3653,5,0.55561,106,0.0547845,0.241878,410,363,899,363,105,62,398,62,0,0,0,0,0,0,0,0
nuscenes,scene-1094_008,yaw,deg,3,-3,34752,3647,5,0.466765,118,0.00114021,0.241878,410,380,919,380,105,95,398,129,0,0,0,0,0,0,0,0
nuscenes,scene-1094_008,tx,cm,2,2,34752,3650,5,0.559628,119,0.0582148,0.241878,410,410,912,410,105,105,396,105,0,0,0,0,0,0,0,0
nuscenes,scene-1094_008,tx,cm,2,-2,34752,3649,5,0.562443,116,0.0624828,0.241878,410,410,915,410,105,104,398,104,0,0,0,0,0,0,0,0
nuscenes,scene-1094_008,tx,cm,5,5,34752,3648,5,0.563945,124,0.0539866,0.241878,410,410,907,410,105,105,390,105,0,0,0,0,0,0,0,0
nuscenes,scene-1094_008,tx,cm,5,-5,34752,3649,5,0.570423,112,0.0781362,0.241878,410,410,914,410,105,103,399,103,0,0,0,0,0,0,0,0
nuscenes,scene-1094_008,tx,cm,10,10,34752,3649,5,0.560529,128,0.0433785,0.241878,410,410,902,410,105,105,387,106,0,0,0,0,0,0,0,0
nuscenes,scene-1094_008,tx,cm,10,-10,34752,3650,5,0.576333,111,0.0868739,0.241878,410,409,915,409,105,103,409,103,0,0,0,0,0,0,0,0
nuscenes,scene-1094_008,tx,cm,20,20,34752,3646,5,0.518396,145,0.0226057,0.241878,410,410,895,410,105,105,380,108,0,0,0,0,0,0,0,0
nuscenes,scene-1094_008,tx,cm,20,-20,34752,3649,5,0.543709,112,0.0630893,0.241878,410,404,920,404,105,99,416,99,0,0,0,0,0,0,0,0
nuscenes,scene-1094_008,ty,cm,2,2,34752,3660,5,0.558445,114,0.0521212,0.241878,410,410,919,410,105,105,396,105,0,0,0,0,0,0,0,0
nuscenes,scene-1094_008,ty,cm,2,-2,34752,3635,5,0.561996,116,0.0618384,0.241878,410,410,907,410,105,104,396,104,0,0,0,0,0,0,0,0
nuscenes,scene-1094_008,ty,cm,5,5,34752,3682,5,0.556169,112,0.0512823,0.241878,410,410,927,410,105,105,399,105,0,0,0,0,0,0,0,0
nuscenes,scene-1094_008,ty,cm,5,-5,34752,3611,5,0.57339,119,0.074546,0.241878,410,410,897,410,105,104,398,104,0,0,0,0,0,0,0,0
nuscenes,scene-1094_008,ty,cm,10,10,34752,3708,5,0.537582,119,0.0473815,0.241878,410,410,938,410,105,105,398,105,0,0,0,0,0,0,0,0
nuscenes,scene-1094_008,ty,cm,10,-10,34752,3560,5,0.574207,117,0.0709881,0.241878,410,409,890,409,105,103,395,103,0,0,0,0,0,0,0,0
nuscenes,scene-1094_008,ty,cm,20,20,34752,3823,5,0.483506,199,0.0602995,0.241878,410,410,972,410,105,105,407,106,0,0,0,0,0,0,0,0
nuscenes,scene-1094_008,ty,cm,20,-20,34752,3518,5,0.580435,116,0.0890429,0.241878,410,407,873,407,105,101,397,101,0,0,0,0,0,0,0,0
nuscenes,scene-1094_008,tz,cm,2,2,34752,3675,5,0.594179,122,0.0973784,0.241878,410,410,927,410,105,105,400,105,0,0,0,0,0,0,0,0
nuscenes,scene-1094_008,tz,cm,2,-2,34752,3606,5,0.47953,127,0.00987542,0.241878,410,410,902,410,105,105,391,105,0,0,0,0,0,0,0,0
nuscenes,scene-1094_008,tz,cm,5,5,34752,3709,5,0.570013,150,0.0978007,0.241878,410,410,940,410,105,105,396,105,0,0,0,0,0,0,0,0
nuscenes,scene-1094_008,tz,cm,5,-5,34752,3566,5,0.460987,120,-0.0109864,0.241878,410,410,895,410,105,105,377,105,0,0,0,0,0,0,0,0
nuscenes,scene-1094_008,tz,cm,10,10,34752,3740,5,0.568655,170,0.11921,0.241878,410,410,933,410,105,105,412,105,0,0,0,0,0,0,0,0
nuscenes,scene-1094_008,tz,cm,10,-10,34752,3535,5,0.444946,124,-0.0215023,0.241878,410,410,878,410,105,104,350,104,0,0,0,0,0,0,0,0
nuscenes,scene-1094_008,tz,cm,20,20,34752,4005,5,0.4232,266,0.103438,0.241878,410,366,996,366,105,105,413,105,0,0,0,0,0,0,0,0
nuscenes,scene-1094_008,tz,cm,20,-20,34752,3400,5,0.526541,89,0.065245,0.241878,410,410,821,410,105,104,314,104,0,0,0,0,0,0,0,0
nuscenes,scene-1094_009,baseline,,0,0,34720,3620,4,0.488086,113,-0.000205308,0.239871,272,272,577,272,95,95,264,95,0,0,0,0,0,0,0,0
nuscenes,scene-1094_009,roll,deg,0.25,0.25,34720,3657,4,0.557882,109,0.0553637,0.239871,272,271,567,271,95,95,277,95,0,0,0,0,0,0,0,0
nuscenes,scene-1094_009,roll,deg,0.25,-0.25,34720,3550,4,0.445896,113,-0.0466395,0.239871,272,271,572,271,95,95,289,95,0,0,0,0,0,0,0,0
nuscenes,scene-1094_009,roll,deg,0.5,0.5,34720,3684,4,0.588824,107,0.0926494,0.239871,272,271,573,271,95,95,286,95,0,0,0,0,0,0,0,0
nuscenes,scene-1094_009,roll,deg,0.5,-0.5,34720,3534,4,0.444325,115,-0.0534772,0.239871,272,270,561,270,95,95,289,95,0,0,0,0,0,0,0,0
nuscenes,scene-1094_009,roll,deg,1,1,34720,3719,4,0.605069,101,0.096346,0.239871,272,271,596,272,95,95,276,95,0,0,0,0,0,0,0,0
nuscenes,scene-1094_009,roll,deg,1,-1,34720,3494,4,0.455835,115,-0.0242854,0.239871,272,269,574,269,95,86,288,86,0,0,0,0,0,0,0,0
nuscenes,scene-1094_009,roll,deg,1.5,1.5,34720,3818,4,0.568761,101,0.0852585,0.239871,272,255,584,256,95,80,245,80,0,0,0,0,0,0,0,0
nuscenes,scene-1094_009,roll,deg,1.5,-1.5,34720,3396,4,0.442294,117,-0.044563,0.239871,272,268,578,268,95,80,303,80,0,0,0,0,0,0,0,0
nuscenes,scene-1094_009,roll,deg,2,2,34720,3868,4,0.539142,98,0.0573946,0.239871,272,255,588,256,95,80,281,80,0,0,0,0,0,0,0,0
nuscenes,scene-1094_009,roll,deg,2,-2,34720,3350,4,0.443706,119,-0.0263007,0.239871,272,265,557,265,95,80,301,80,0,0,0,0,0,0,0,0
nuscenes,scene-1094_009,roll,deg,3,3,34720,4000,4,0.542453,96,0.0708098,0.239871,272,227,573,230,95,39,269,39,0,0,0,0,0,0,0,0
nuscenes,scene-1094_009,roll,deg,3,-3,34720,3200,4,0.513582,120,0.0713024,0.239871,272,264,578,264,95,69,327,69,0,0,0,0,0,0,0,0
nuscenes,scene-1094_009,pitch,deg,0.25,0.25,34720,3619,4,0.487383,111,-0.00337502,0.239871,272,269,575,269,95,95,276,95,0,0,0,0,0,0,0,0
nuscenes,scene-1094_009,pitch,deg,0.25,-0.25,34720,3619,4,0.492664,111,-0.000557691,0.239871,272,272,573,272,95,95,266,95,0,0,0,0,0,0,0,0
nuscenes,scene-1094_009,pitch,deg,0.5,0.5,34720,3623,4,0.486858,111,-0.0103781,0.239871,272,269,567,269,95,95,273,95,0,0,0,0,0,0,0,0
nuscenes,scene-1094_009,pitch,deg,0.5,-0.5,34720,3618,4,0.503534,112,0.00900111,0.239871,272,272,569,272,95,95,266,95,0,0,0,0,0,0,0,0
nuscenes,scene-1094_009,pitch,deg,1,1,34720,3625,4,0.500371,110,-0.00868732,0.239871,272,268,563,268,95,95,270,95,0,0,0,0,0,0,0,0
nuscenes,scene-1094_009,pitch,deg,1,-1,34720,3622,4,0.498707,110,-0.00271073,0.239871,272,272,561,273,95,95,265,95,0,0,0,0,0,0,0,0
nuscenes,scene-1094_009,pitch,deg,1.5,1.5,34720,3629,4,0.545474,112,0.0239078,0.239871,272,267,571,267,95,95,261,95,0,0,0,0,0,0,0,0
nuscenes,scene-1094_009,pitch,deg,1.5,-1.5,34720,3615,4,0.502422,109,0.0095028,0.239871,272,272,555,273,95,95,276,95,0,0,0,0,0,0,0,0
nuscenes,scene-1094_009,pitch,deg,2,2,34720,3624,4,0.598521,110,0.0742738,0.239871,272,266,578,266,95,95,252,95,0,0,0,0,0,0,0,0
nuscenes,scene-1094_009,pitch,deg,2,-2,34720,3615,4,0.492395,111,0.00357884,0.239871,272,272,593,274,95,95,277,95,0,0,0,0,0,0,0,0
nuscenes,scene-1094_009,pitch,deg,3,3,34720,3630,4,0.626219,112,0.125983,0.239871,272,260,587,260,95,82,242,82,0,0,0,0,0,0,0,0
nuscenes,scene-1094_009,pitch,deg,3,-3,34720,3620,4,0.46198,111,-0.0152873,0.239871,272,272,589,279,95,95,322,95,0,0,0,0,0,0,0,0
nuscenes,scene-1094_009,yaw,deg,0.25,0.25,34720,3619,4,0.493118,111,-0.00331098,0.239871,272,266,581,266,95,95,261,95,0,0,0,0,0,0,0,0
nuscenes,scene-1094_009,yaw,deg,0.25,-0.25,34720,3620,4,0.483541,111,-0.00698677,0.239871,272,272,575,277,95,95,262,95,0,0,0,0,0,0,0,0
nuscenes,scene-1094_009,yaw,deg,0.5,0.5,34720,3624,4,0.486078,113,-0.0088346,0.239871,272,264,585,264,95,95,261,95,0,0,0,0,0,0,0,0
nuscenes,scene-1094_009,yaw,deg,0.5,-0.5,34720,3617,4,0.521474,111,0.040692,0.239871,272,272,579,283,95,95,262,95,0,0,0,0,0,0,0,0
nuscenes,scene-1094_009,yaw,deg,1,1,34720,3633,4,0.441565,112,-0.0584632,0.239871,272,256,586,256,95,93,255,93,0,0,0,0,0,0,0,0
nuscenes,scene-1094_009,yaw,deg,1,-1,34720,3618,4,0.499308,110,0.0332676,0.239871,272,270,588,293,95,93,263,93,0,0,0,0,0,0,0,0
nuscenes,scene-1094_009,yaw,deg,1.5,1.5,34720,3634,4,0.42207,113,-0.0537761,0.239871,272,244,591,244,95,89,254,89,0,0,0,0,0,0,0,0
nuscenes,scene-1094_009,yaw,deg,1.5,-1.5,34720,3616,4,0.497172,109,0.030472,0.239871,272,265,591,299,95,89,261,89,0,0,0,0,0,0,0,0
nuscenes,scene-1094_009,yaw,deg,2,2,34720,3636,4,0.420535,111,-0.0456015,0.239871,272,230,597,230,95,84,251,84,0,0,0,0,0,0,0,0
nuscenes,scene-1094_009,yaw,deg,2,-2,34720,3615,4,0.492502,109,0.00579685,0.239871,272,255,600,303,95,87,263,87,0,0,0,0,0,0,0,0
nuscenes,scene-1094_009,yaw,deg,3,3,34720,3641,4,0.466079,110,-0.0135461,0.239871,272,193,601,193,95,75,260,75,0,0,0,0,0,0,0,0
nuscenes,scene-1094_009,yaw,deg,3,-3,34720,3607,4,0.508896,105,0.0224453,0.239871,272,231,612,302,95,82,270,82,0,0,0,0,0,0,0,0
nuscenes,scene-1094_009,tx,cm,2,2,34720,3621,4,0.491523,110,-0.00155535,0.239871,272,272,576,274,95,95,263,95,0,0,0,0,0,0,0,0
nuscenes,scene-1094_009,tx,cm,2,-2,34720,3617,4,0.493162,111,0.00144976,0.239871,272,268,576,268,95,95,263,95,0,0,0,0,0,0,0,0
nuscenes,scene-1094_009,tx,cm,5,5,34720,3620,4,0.49988,111,0.0107243,0.239871,272,272,580,280,95,95,263,95,0,0,0,0,0,0,0,0
nuscenes,scene-1094_009,tx,cm,5,-5,34720,3620,4,0.481938,111,-0.00803506,0.239871,272,265,578,265,95,95,261,95,0,0,0,0,0,0,0,0
nuscenes,scene-1094_009,tx,cm,10,10,34720,3626,4,0.499694,114,0.00649187,0.239871,272,272,586,288,95,95,263,95,0,0,0,0,0,0,0,0
nuscenes,scene-1094_009,tx,cm,10,-10,34720,3622,4,0.489464,115,0.00212502,0.239871,272,264,585,264,95,95,256,95,0,0,0,0,0,0,0,0
nuscenes,scene-1094_009,tx,cm,20,20,34720,3627,4,0.526356,132,0.0316036,0.239871,272,267,586,299,95,95,261,95,0,0,0,0,0,0,0,0
nuscenes,scene-1094_009,tx,cm,20,-20,34720,3616,4,0.484181,113,0.00016892,0.239871,272,248,580,248,95,95,254,95,0,0,0,0,0,0,0,0
nuscenes,scene-1094_009,ty,cm,2,2,34720,3630,4,0.488881,110,-0.00665975,0.239871,272,272,578,273,95,95,264,95,0,0,0,0,0,0,0,0
nuscenes,scene-1094_009,ty,cm,2,-2,34720,3605,4,0.485077,111,-0.00610015,0.239871,272,269,574,269,95,95,263,95,0,0,0,0,0,0,0,0
nuscenes,scene-1094_009,ty,cm,5,5,34720,3651,4,0.481916,113,-0.00672668,0.239871,272,272,581,276,95,95,264,95,0,0,0,0,0,0,0,0
nuscenes,scene-1094_009,ty,cm,5,-5,34720,3578,4,0.500762,111,0.00486174,0.239871,272,266,570,266,95,95,261,95,0,0,0,0,0,0,0,0
nuscenes,scene-1094_009,ty,cm,10,10,34720,3688,4,0.469445,113,-0.0203865,0.239871,272,272,592,283,95,95,265,95,0,0,0,0,0,0,0,0
nuscenes,scene-1094_009,ty,cm,10,-10,34720,3529,4,0.50116,109,0.00831813,0.239871,272,264,563,264,95,95,257,95,0,0,0,0,0,0,0,0
nuscenes,scene-1094_009,ty,cm,20,20,34720,3783,4,0.454048,156,0.0247932,0.239871,272,272,627,292,95,95,293,95,0,0,0,0,0,0,0,0
nuscenes,scene-1094_009,ty,cm,20,-20,34720,3494,4,0.528602,107,0.0279029,0.239871,272,258,555,258,95,95,250,95,0,0,0,0,0,0,0,0
nuscenes,scene-1094_009,tz,cm,2,2,34720,3649,4,0.540097,103,0.0183908,0.239871,272,271,579,271,95,95,289,95,0,0,0,0,0,0,0,0
nuscenes,scene-1094_009,tz,cm,2,-2,34720,3575,4,0.475411,120,0.00206715,0.239871,272,272,572,272,95,95,266,95,0,0,0,0,0,0,0,0
nuscenes,scene-1094_009,tz,cm,5,5,34720,3683,4,0.57806,111,0.0731194,0.239871,272,271,588,271,95,95,285,95,0,0,0,0,0,0,0,0
nuscenes,scene-1094_009,tz,cm,5,-5,34720,3539,4,0.475839,118,0.00477123,0.239871,272,271,565,271,95,95,266,95,0,0,0,0,0,0,0,0
nuscenes,scene-1094_009,tz,cm,10,10,34720,3716,4,0.552098,136,0.052388,0.239871,272,271,593,271,95,95,287,95,0,0,0,0,0,0,0,0
nuscenes,scene-1094_009,tz,cm,10,-10,34720,3508,4,0.444064,110,-0.0285294,0.239871,272,271,535,271,95,95,275,95,0,0,0,0,0,0,0,0
nuscenes,scene-1094_009,tz,cm,20,20,34720,3976,4,0.334053,224,0.0471406,0.239871,272,266,665,266,95,95,314,95,0,0,0,0,0,0,0,0
nuscenes,scene-1094_009,tz,cm,20,-20,34720,3373,4,0.508167,84,-0.0212774,0.239871,272,271,527,271,95,95,269,95,0,0,0,0,0,0,0,0
nuscenes,scene-1094_010,baseline,,0,0,34688,3592,4,0.5037,87,0.0510793,0.222531,34,34,135,34,168,168,378,168,0,0,0,0,0,0,0,0
nuscenes,scene-1094_010,roll,deg,0.25,0.25,34688,3629,4,0.568083,88,0.0892678,0.222531,34,34,135,34,168,168,373,168,0,0,0,0,0,0,0,0
nuscenes,scene-1094_010,roll,deg,0.25,-0.25,34688,3520,4,0.452462,88,-0.0217962,0.222531,34,34,135,34,168,168,397,168,0,0,0,0,0,0,0,0
nuscenes,scene-1094_010,roll,deg,0.5,0.5,34688,3658,4,0.521262,89,0.060785,0.222531,34,34,116,34,168,168,389,168,0,0,0,0,0,0,0,0
nuscenes,scene-1094_010,roll,deg,0.5,-0.5,34688,3507,4,0.438054,87,-0.050808,0.222531,34,34,135,34,168,168,416,168,0,0,0,0,0,0,0,0
nuscenes,scene-1094_010,roll,deg,1,1,34688,3688,4,0.572413,91,0.0852964,0.222531,34,27,129,27,168,164,406,164,0,0,0,0,0,0,0,0
nuscenes,scene-1094_010,roll,deg,1,-1,34688,3463,4,0.484332,87,0.0105183,0.222531,34,34,123,34,168,140,387,140,0,0,0,0,0,0,0,0
nuscenes,scene-1094_010,roll,deg,1.5,1.5,34688,3788,4,0.560155,93,0.0855075,0.222531,34,27,127,27,168,157,369,157,0,0,0,0,0,0,0,0
nuscenes,scene-1094_010,roll,deg,1.5,-1.5,34688,3379,4,0.44892,87,0.0167521,0.222531,34,34,122,34,168,126,388,126,0,0,0,0,0,0,0,0
nuscenes,scene-1094_010,roll,deg,2,2,34688,3838,4,0.507722,95,0.0169356,0.222531,34,17,127,17,168,141,397,141,0,0,0,0,0,0,0,0
nuscenes,scene-1094_010,roll,deg,2,-2,34688,3322,4,0.532389,88,0.068516,0.222531,34,29,107,29,168,124,451,124,0,0,0,0,0,0,0,0
nuscenes,scene-1094_010,roll,deg,3,3,34688,3978,4,0.465632,94,0.0295635,0.222531,34,17,131,17,168,98,403,98,0,0,0,0,0,0,0,0
nuscenes,scene-1094_010,roll,deg,3,-3,34688,3169,4,0.446859,90,0.00954095,0.222531,34,29,107,29,168,87,410,87,0,0,0,0,0,0,0,0
nuscenes,scene-1094_010,pitch,deg,0.25,0.25,34688,3594,4,0.489333,88,0.0386601,0.222531,34,34,135,34,168,168,374,168,0,0,0,0,0,0,0,0
nuscenes,scene-1094_010,pitch,deg,0.25,-0.25,34688,3593,4,0.512677,87,0.0486175,0.222531,34,34,135,34,168,168,386,168,0,0,0,0,0,0,0,0
nuscenes,scene-1094_010,pitch,deg,0.5,0.5,34688,3595,4,0.502228,87,0.0447887,0.222531,34,34,135,34,168,168,373,168,0,0,0,0,0,0,0,0
nuscenes,scene-1094_010,pitch,deg,0.5,-0.5,34688,3591,4,0.532082,88,0.0557534,0.222531,34,34,135,34,168,168,401,168,0,0,0,0,0,0,0,0
nuscenes,scene-1094_010,pitch,deg,1,1,34688,3595,4,0.512774,86,0.0415522,0.222531,34,34,134,34,168,168,373,168,0,0,0,0,0,0,0,0
nuscenes,scene-1094_010,pitch,deg,1,-1,34688,3595,4,0.53341,88,0.0793058,0.222531,34,34,134,34,168,168,434,168,0,0,0,0,0,0,0,0
nuscenes,scene-1094_010,pitch,deg,1.5,1.5,34688,3596,4,0.523341,86,0.0559759,0.222531,34,34,136,34,168,168,408,168,0,0,0,0,0,0,0,0
nuscenes,scene-1094_010,pitch,deg,1.5,-1.5,34688,3593,4,0.552489,88,0.117074,0.222531,34,34,136,34,168,168,426,168,0,0,0,0,0,0,0,0
nuscenes,scene-1094_010,pitch,deg,2,2,34688,3595,4,0.512143,87,0.0524879,0.222531,34,34,138,34,168,168,424,168,0,0,0,0,0,0,0,0
nuscenes,scene-1094_010,pitch,deg,2,-2,34688,3592,4,0.544805,89,0.120449,0.222531,34,34,139,34,168,168,407,168,0,0,0,0,0,0,0,0
nuscenes,scene-1094_010,pitch,deg,3,3,34688,3593,4,0.514105,86,0.0450799,0.222531,34,34,138,34,168,161,397,161,0,0,0,0,0,0,0,0
nuscenes,scene-1094_010,pitch,deg,3,-3,34688,3588,4,0.582917,88,0.117201,0.222531,34,34,138,34,168,141,383,141,0,0,0,0,0,0,0,0
nuscenes,scene-1094_010,yaw,deg,0.25,0.25,34688,3593,4,0.522076,87,0.0664896,0.222531,34,34,139,34,168,168,379,168,0,0,0,0,0,0,0,0
nuscenes,scene-1094_010,yaw,deg,0.25,-0.25,34688,3589,4,0.476594,89,0.014121,0.222531,34,34,133,34,168,168,373,168,0,0,0,0,0,0,0,0
nuscenes,scene-1094_010,yaw,deg,0.5,0.5,34688,3594,4,0.543447,88,0.0766408,0.222531,34,34,140,34,168,168,380,168,0,0,0,0,0,0,0,0
nuscenes,scene-1094_010,yaw,deg,0.5,-0.5,34688,3584,4,0.480105,88,0.0207035,0.222531,34,34,135,34,168,166,372,166,0,0,0,0,0,0,0,0
nuscenes,scene-1094_010,yaw,deg,1,1,34688,3600,4,0.508355,87,0.0349144,0.222531,34,34,141,34,168,168,385,168,0,0,0,0,0,0,0,0
nuscenes,scene-1094_010,yaw,deg,1,-1,34688,3581,4,0.437135,89,-0.0183935,0.222531,34,34,134,34,168,162,370,162,0,0,0,0,0,0,0,0
nuscenes,scene-1094_010,yaw,deg,1.5,1.5,34688,3604,4,0.501706,88,0.0292615,0.222531,34,34,144,34,168,165,387,165,0,0,0,0,0,0,0,0
nuscenes,scene-1094_010,yaw,deg,1.5,-1.5,34688,3575,4,0.452519,91,0.00775999,0.222531,34,33,134,33,168,158,370,158,0,0,0,0,0,0,0,0
nuscenes,scene-1094_010,yaw,deg,2,2,34688,3609,4,0.533065,89,0.0630714,0.222531,34,33,150,33,168,161,389,161,0,0,0,0,0,0,0,0
nuscenes,scene-1094_010,yaw,deg,2,-2,34688,3565,4,0.435849,91,-0.00247872,0.222531,34,29,132,29,168,154,374,154,0,0,0,0,0,0,0,0
nuscenes,scene-1094_010,yaw,deg,3,3,34688,3618,4,0.505774,90,0.0234048,0.222531,34,19,152,19,168,153,399,153,0,0,0,0,0,0,0,0
nuscenes,scene-1094_010,yaw,deg,3,-3,34688,3550,4,0.381795,92,-0.0389297,0.222531,34,23,133,23,168,142,377,142,0,0,0,0,0,0,0,0
nuscenes,scene-1094_010,tx,cm,2,2,34688,3592,4,0.500476,88,0.0473864,0.222531,34,34,136,34,168,168,377,168,0,0,0,0,0,0,0,0
nuscenes,scene-1094_010,tx,cm,2,-2,34688,3589,4,0.509249,85,0.0537148,0.222531,34,34,134,34,168,168,376,168,0,0,0,0,0,0,0,0
nuscenes,scene-1094_010,tx,cm,5,5,34688,3592,4,0.496467,89,0.0335854,0.222531,34,34,139,34,168,168,379,168,0,0,0,0,0,0,0,0
nuscenes,scene-1094_010,tx,cm,5,-5,34688,3590,4,0.511606,89,0.0559272,0.222531,34,34,137,34,168,168,375,168,0,0,0,0,0,0,0,0
nuscenes,scene-1094_010,tx,cm,10,10,34688,3594,4,0.499904,98,0.0332564,0.222531,34,34,133,34,168,168,379,168,0,0,0,0,0,0,0,0
nuscenes,scene-1094_010,tx,cm,10,-10,34688,3589,4,0.515739,85,0.0602924,0.222531,34,34,138,34,168,168,374,168,0,0,0,0,0,0,0,0
nuscenes,scene-1094_010,tx,cm,20,20,34688,3596,4,0.478663,104,0.026417,0.222531,34,34,137,34,168,167,381,167,0,0,0,0,0,0,0,0
nuscenes,scene-1094_010,tx,cm,20,-20,34688,3582,4,0.522555,88,0.0581267,0.222531,34,34,139,34,168,168,376,168,0,0,0,0,0,0,0,0
nuscenes,scene-1094_010,ty,cm,2,2,34688,3608,4,0.492152,88,0.0410157,0.222531,34,34,135,34,168,168,378,168,0,0,0,0,0,0,0,0
nuscenes,scene-1094_010,ty,cm,2,-2,34688,3576,4,0.503022,87,0.0506492,0.222531,34,34,135,34,168,168,376,168,0,0,0,0,0,0,0,0
nuscenes,scene-1094_010,ty,cm,5,5,34688,3624,4,0.488135,88,0.0393252,0.222531,34,34,135,34,168,168,380,168,0,0,0,0,0,0,0,0
nuscenes,scene-1094_010,ty,cm,5,-5,34688,3551,4,0.50447,88,0.0509614,0.222531,34,34,135,34,168,168,375,168,0,0,0,0,0,0,0,0
nuscenes,scene-1094_010,ty,cm,10,10,34688,3661,4,0.498455,86,0.0425769,0.222531,34,34,135,34,168,168,384,168,0,0,0,0,0,0,0,0
nuscenes,scene-1094_010,ty,cm,10,-10,34688,3493,4,0.51055,88,0.0567763,0.222531,34,34,134,34,168,168,372,168,0,0,0,0,0,0,0,0
nuscenes,scene-1094_010,ty,cm,20,20,34688,3754,4,0.488503,121,0.03875,0.222531,34,34,135,34,168,168,403,168,0,0,0,0,0,0,0,0
nuscenes,scene-1094_010,ty,cm,20,-20,34688,3455,4,0.513797,86,0.0584661,0.222531,34,34,134,34,168,168,367,168,0,0,0,0,0,0,0,0
nuscenes,scene-1094_010,tz,cm,2,2,34688,3622,4,0.536674,93,0.0846266,0.222531,34,34,135,34,168,168,374,168,0,0,0,0,0,0,0,0
nuscenes,scene-1094_010,tz,cm,2,-2,34688,3549,4,0.494282,87,0.0411247,0.222531,34,34,135,34,168,168,381,168,0,0,0,0,0,0,0,0
nuscenes,scene-1094_010,tz,cm,5,5,34688,3655,4,0.547372,92,0.0788638,0.222531,34,34,135,34,168,168,374,168,0,0,0,0,0,0,0,0
nuscenes,scene-1094_010,tz,cm,5,-5,34688,3508,4,0.48631,90,0.0389454,0.222531,34,34,135,34,168,168,386,168,0,0,0,0,0,0,0,0
nuscenes,scene-1094_010,tz,cm,10,10,34688,3686,4,0.562594,92,0.0826056,0.222531,34,34,135,34,168,168,395,168,0,0,0,0,0,0,0,0
nuscenes,scene-1094_010,tz,cm,10,-10,34688,3477,4,0.492307,80,0.0435381,0.222531,34,34,135,34,168,168,392,168,0,0,0,0,0,0,0,0
nuscenes,scene-1094_010,tz,cm,20,20,34688,3949,4,0.268804,188,0.00212044,0.222531,34,27,147,27,168,168,427,168,0,0,0,0,0,0,0,0
nuscenes,scene-1094_010,tz,cm,20,-20,34688,3340,4,0.500798,80,0.0279951,0.222531,34,34,116,34,168,168,392,168,0,0,0,0,0,0,0,0
nuscenes,scene-1094_011,baseline,,0,0,34688,3559,5,0.445895,88,0.0313143,0.190601,137,137,344,137,169,169,414,169,0,0,0,0,0,0,0,0
nuscenes,scene-1094_011,roll,deg,0.25,0.25,34688,3595,5,0.446332,89,0.0246655,0.190601,137,137,343,137,169,169,464,169,0,0,0,0,0,0,0,0
nuscenes,scene-1094_011,roll,deg,0.25,-0.25,34688,3488,5,0.488055,86,0.0589159,0.190601,137,137,313,137,169,169,441,169,0,0,0,0,0,0,0,0
nuscenes,scene-1094_011,roll,deg,0.5,0.5,34688,3621,5,0.438995,92,0.0152514,0.190601,137,137,336,137,169,169,461,169,0,0,0,0,0,0,0,0
nuscenes,scene-1094_011,roll,deg,0.5,-0.5,34688,3472,5,0.484517,88,0.0497038,0.190601,137,137,296,137,169,169,440,169,0,0,0,0,0,0,0,0
nuscenes,scene-1094_011,roll,deg,1,1,34688,3652,5,0.502744,91,0.066595,0.190601,137,131,313,131,169,166,449,166,0,0,0,0,0,0,0,0
nuscenes,scene-1094_011,roll,deg,1,-1,34688,3436,5,0.364952,89,-0.0215821,0.190601,137,137,334,137,169,169,461,169,0,0,0,0,0,0,0,0
nuscenes,scene-1094_011,roll,deg,1.5,1.5,34688,3754,5,0.466556,91,0.0571956,0.190601,137,115,328,115,169,159,478,159,0,0,0,0,0,0,0,0
nuscenes,scene-1094_011,roll,deg,1.5,-1.5,34688,3340,5,0.483463,89,0.0706496,0.190601,137,137,319,137,169,138,430,138,0,0,0,0,0,0,0,0
nuscenes,scene-1094_011,roll,deg,2,2,34688,3807,5,0.423403,96,-0.0258622,0.190601,137,103,295,103,169,139,461,139,0,0,0,0,0,0,0,0
nuscenes,scene-1094_011,roll,deg,2,-2,34688,3288,5,0.432469,86,0.0723537,0.190601,137,119,304,119,169,118,464,118,0,0,0,0,0,0,0,0
nuscenes,scene-1094_011,roll,deg,3,3,34688,3946,5,0.3454,96,-0.035038,0.190601,137,81,317,81,169,103,499,103,0,0,0,0,0,0,0,0
nuscenes,scene-1094_011,roll,deg,3,-3,34688,3135,5,0.41836,89,0.0311325,0.190601,137,113,306,113,169,92,450,92,0,0,0,0,0,0,0,0
nuscenes,scene-1094_011,pitch,deg,0.25,0.25,34688,3558,5,0.435722,88,0.0255838,0.190601,137,137,343,137,169,169,415,169,0,0,0,0,0,0,0,0
nuscenes,scene-1094_011,pitch,deg,0.25,-0.25,34688,3559,5,0.438968,86,0.032592,0.190601,137,137,341,137,169,169,417,169,0,0,0,0,0,0,0,0
nuscenes,scene-1094_011,pitch,deg,0.5,0.5,34688,3558,5,0.43581,89,0.0181655,0.190601,137,137,340,137,169,169,433,169,0,0,0,0,0,0,0,0
nuscenes,scene-1094_011,pitch,deg,0.5,-0.5,34688,3561,5,0.442674,92,0.0437879,0.190601,137,137,330,137,169,169,428,169,0,0,0,0,0,0,0,0
nuscenes,scene-1094_011,pitch,deg,1,1,34688,3560,5,0.47548,87,0.0398301,0.190601,137,137,328,137,169,169,466,169,0,0,0,0,0,0,0,0
nuscenes,scene-1094_011,pitch,deg,1,-1,34688,3561,5,0.425968,89,0.0250749,0.190601,137,137,315,137,169,169,460,169,0,0,0,0,0,0,0,0
nuscenes,scene-1094_011,pitch,deg,1.5,1.5,34688,3561,5,0.483602,89,0.0538994,0.190601,137,137,319,137,169,169,460,169,0,0,0,0,0,0,0,0
nuscenes,scene-1094_011,pitch,deg,1.5,-1.5,34688,3562,5,0.391161,88,-0.0137094,0.190601,137,137,335,137,169,169,462,169,0,0,0,0,0,0,0,0
nuscenes,scene-1094_011,pitch,deg,2,2,34688,3558,5,0.477232,91,0.0600037,0.190601,137,137,305,137,169,169,450,169,0,0,0,0,0,0,0,0
nuscenes,scene-1094_011,pitch,deg,2,-2,34688,3565,5,0.407591,86,0.00733128,0.190601,137,137,340,137,169,169,466,169,0,0,0,0,0,0,0,0
nuscenes,scene-1094_011,pitch,deg,3,3,34688,3554,5,0.45388,89,0.0290205,0.190601,137,121,314,121,169,162,441,162,0,0,0,0,0,0,0,0
nuscenes,scene-1094_011,pitch,deg,3,-3,34688,3566,5,0.409491,88,-0.000117213,0.190601,137,136,335,136,169,169,467,169,0,0,0,0,0,0,0,0
nuscenes,scene-1094_011,yaw,deg,0.25,0.25,34688,3567,5,0.438452,90,0.0157852,0.190601,137,135,343,135,169,169,411,169,0,0,0,0,0,0,0,0
nuscenes,scene-1094_011,yaw,deg,0.25,-0.25,34688,3549,5,0.456624,88,0.0444197,0.190601,137,137,342,138,169,169,414,169,0,0,0,0,0,0,0,0
nuscenes,scene-1094_011,yaw,deg,0.5,0.5,34688,3567,5,0.456346,90,0.0202583,0.190601,137,133,347,133,169,169,408,169,0,0,0,0,0,0,0,0
nuscenes,scene-1094_011,yaw,deg,0.5,-0.5,34688,3543,5,0.480102,92,0.0735255,0.190601,137,137,336,138,169,169,413,169,0,0,0,0,0,0,0,0
nuscenes,scene-1094_011,yaw,deg,1,1,34688,3579,5,0.467573,88,0.0269094,0.190601,137,127,356,127,169,167,413,167,0,0,0,0,0,0,0,0
nuscenes,scene-1094_011,yaw,deg,1,-1,34688,3530,5,0.490124,84,0.0716006,0.190601,137,137,334,138,169,169,422,169,0,0,0,0,0,0,0,0
nuscenes,scene-1094_011,yaw,deg,1.5,1.5,34688,3590,5,0.453242,90,0.00725684,0.190601,137,118,359,118,169,163,411,163,0,0,0,0,0,0,0,0
nuscenes,scene-1094_011,yaw,deg,1.5,-1.5,34688,3516,5,0.437402,84,0.032025,0.190601,137,135,329,136,169,164,426,164,0,0,0,0,0,0,0,0
nuscenes,scene-1094_011,yaw,deg,2,2,34688,3599,5,0.43244,91,-0.00393596,0.190601,137,106,369,106,169,159,412,159,0,0,0,0,0,0,0,0
nuscenes,scene-1094_011,yaw,deg,2,-2,34688,3504,5,0.430968,84,0.0530717,0.190601,137,131,323,132,169,161,429,161,0,0,0,0,0,0,0,0
nuscenes,scene-1094_011,yaw,deg,3,3,34688,3606,5,0.448118,91,-0.000213653,0.190601,137,79,373,79,169,150,416,150,0,0,0,0,0,0,0,0
nuscenes,scene-1094_011,yaw,deg,3,-3,34688,3478,5,0.415856,79,0.00976926,0.190601,137,118,312,119,169,152,438,152,0,0,0,0,0,0,0,0
nuscenes,scene-1094_011,tx,cm,2,2,34688,3557,5,0.45011,87,0.0348439,0.190601,137,137,340,137,169,169,413,169,0,0,0,0,0,0,0,0
nuscenes,scene-1094_011,tx,cm,2,-2,34688,3555,5,0.438029,87,0.0263938,0.190601,137,136,345,136,169,169,415,169,0,0,0,0,0,0,0,0
nuscenes,scene-1094_011,tx,cm,5,5,34688,3557,5,0.458681,94,0.0602169,0.190601,137,137,338,137,169,169,411,169,0,0,0,0,0,0,0,0
nuscenes,scene-1094_011,tx,cm,5,-5,34688,3560,5,0.440126,84,0.024526,0.190601,137,135,343,135,169,169,412,169,0,0,0,0,0,0,0,0
nuscenes,scene-1094_011,tx,cm,10,10,34688,3553,5,0.458804,95,0.0658545,0.190601,137,137,344,138,169,169,411,169,0,0,0,0,0,0,0,0
nuscenes,scene-1094_011,tx,cm,10,-10,34688,3560,5,0.443547,86,0.0317135,0.190601,137,135,341,135,169,169,415,169,0,0,0,0,0,0,0,0
nuscenes,scene-1094_011,tx,cm,20,20,34688,3554,5,0.441337,88,0.0506271,0.190601,137,137,344,138,169,169,409,169,0,0,0,0,0,0,0,0
nuscenes,scene-1094_011,tx,cm,20,-20,34688,3568,5,0.455354,84,0.0415302,0.190601,137,130,342,130,169,169,418,169,0,0,0,0,0,0,0,0
nuscenes,scene-1094_011,ty,cm,2,2,34688,3570,5,0.441151,87,0.0265079,0.190601,137,137,344,137,169,169,417,169,0,0,0,0,0,0,0,0
nuscenes,scene-1094_011,ty,cm,2,-2,34688,3542,5,0.446297,90,0.0336049,0.190601,137,137,342,137,169,169,412,169,0,0,0,0,0,0,0,0
nuscenes,scene-1094_011,ty,cm,5,5,34688,3590,5,0.444765,89,0.030086,0.190601,137,137,343,137,169,169,419,169,0,0,0,0,0,0,0,0
nuscenes,scene-1094_011,ty,cm,5,-5,34688,3515,5,0.448073,90,0.0368772,0.190601,137,136,339,136,169,169,409,169,0,0,0,0,0,0,0,0
nuscenes,scene-1094_011,ty,cm,10,10,34688,3619,5,0.443409,87,0.0316302,0.190601,137,137,345,137,169,169,423,169,0,0,0,0,0,0,0,0
nuscenes,scene-1094_011,ty,cm,10,-10,34688,3465,5,0.460319,95,0.0505292,0.190601,137,135,334,135,169,169,406,169,0,0,0,0,0,0,0,0
nuscenes,scene-1094_011,ty,cm,20,20,34688,3716,5,0.360886,130,0.0182793,0.190601,137,137,349,138,169,169,436,169,0,0,0,0,0,0,0,0
nuscenes,scene-1094_011,ty,cm,20,-20,34688,3428,5,0.457573,93,0.068083,0.190601,137,135,327,135,169,169,399,169,0,0,0,0,0,0,0,0
nuscenes,scene-1094_011,tz,cm,2,2,34688,3587,5,0.455798,93,0.0535246,0.190601,137,137,344,137,169,169,423,169,0,0,0,0,0,0,0,0
nuscenes,scene-1094_011,tz,cm,2,-2,34688,3516,5,0.432341,89,0.0144323,0.190601,137,137,338,137,169,169,412,169,0,0,0,0,0,0,0,0
nuscenes,scene-1094_011,tz,cm,5,5,34688,3620,5,0.437303,98,0.0428018,0.190601,137,137,343,137,169,169,435,169,0,0,0,0,0,0,0,0
nuscenes,scene-1094_011,tz,cm,5,-5,34688,3477,5,0.430889,90,0.0139515,0.190601,137,137,317,137,169,169,416,169,0,0,0,0,0,0,0,0
nuscenes,scene-1094_011,tz,cm,10,10,34688,3652,5,0.425365,98,0.0242873,0.190601,137,137,345,137,169,169,472,169,0,0,0,0,0,0,0,0
nuscenes,scene-1094_011,tz,cm,10,-10,34688,3447,5,0.469805,84,0.0450482,0.190601,137,137,299,137,169,169,440,169,0,0,0,0,0,0,0,0
nuscenes,scene-1094_011,tz,cm,20,20,34688,3916,5,0.223111,174,0.0143407,0.190601,137,131,358,131,169,169,457,169,0,0,0,0,0,0,0,0
nuscenes,scene-1094_011,tz,cm,20,-20,34688,3311,5,0.461046,80,0.0261685,0.190601,137,137,296,137,169,169,439,169,0,0,0,0,0,0,0,0
nuscenes,scene-1094_012,baseline,,0,0,34752,3384,6,0.272291,100,7.00653e-05,0.183671,172,172,403,172,190,190,598,190,0,0,0,0,0,0,0,0
nuscenes,scene-1094_012,roll,deg,0.25,0.25,34752,3422,6,0.290637,100,-0.020268,0.183671,172,172,404,172,190,190,594,190,0,0,0,0,0,0,0,0
nuscenes,scene-1094_012,roll,deg,0.25,-0.25,34752,3317,6,0.276078,101,0.00945067,0.183671,172,172,407,172,190,190,568,190,0,0,0,0,0,0,0,0
nuscenes,scene-1094_012,roll,deg,0.5,0.5,34752,3451,6,0.286304,101,-0.00178519,0.183671,172,172,430,172,190,190,581,190,0,0,0,0,0,0,0,0
nuscenes,scene-1094_012,roll,deg,0.5,-0.5,34752,3305,6,0.27976,100,5.75781e-05,0.183671,172,172,433,172,190,190,531,190,0,0,0,0,0,0,0,0
nuscenes,scene-1094_012,roll,deg,1,1,34752,3481,6,0.278292,101,-0.0104192,0.183671,172,172,436,172,190,187,549,187,0,0,0,0,0,0,0,0
nuscenes,scene-1094_012,roll,deg,1,-1,34752,3260,6,0.305534,96,-0.0127734,0.183671,172,172,403,172,190,190,594,190,0,0,0,0,0,0,0,0
nuscenes,scene-1094_012,roll,deg,1.5,1.5,34752,3578,6,0.435223,101,0.0912769,0.183671,172,144,386,144,190,176,617,176,0,0,0,0,0,0,0,0
nuscenes,scene-1094_012,roll,deg,1.5,-1.5,34752,3167,6,0.315935,98,0.00637993,0.183671,172,172,402,172,190,172,580,172,0,0,0,0,0,0,0,0
nuscenes,scene-1094_012,roll,deg,2,2,34752,3635,6,0.3665,98,0.0643486,0.183671,172,144,432,144,190,176,591,176,0,0,0,0,0,0,0,0
nuscenes,scene-1094_012,roll,deg,2,-2,34752,3117,6,0.298667,97,0.0314457,0.183671,172,172,426,172,190,120,531,120,0,0,0,0,0,0,0,0
nuscenes,scene-1094_012,roll,deg,3,3,34752,3772,6,0.321731,97,0.0217156,0.183671,172,107,412,107,190,105,611,105,0,0,0,0,0,0,0,0
nuscenes,scene-1094_012,roll,deg,3,-3,34752,2967,6,0.226932,96,-0.00499105,0.183671,172,140,384,140,190,99,599,99,0,0,0,0,0,0,0,0
nuscenes,scene-1094_012,pitch,deg,0.25,0.25,34752,3386,6,0.269883,100,0.000958622,0.183671,172,172,403,172,190,190,594,190,0,0,0,0,0,0,0,0
nuscenes,scene-1094_012,pitch,deg,0.25,-0.25,34752,3389,6,0.270728,100,-0.00712535,0.183671,172,172,402,172,190,190,575,190,0,0,0,0,0,0,0,0
nuscenes,scene-1094_012,pitch,deg,0.5,0.5,34752,3385,6,0.263011,99,-0.00744873,0.183671,172,172,407,172,190,190,594,190,0,0,0,0,0,0,0,0
nuscenes,scene-1094_012,pitch,deg,0.5,-0.5,34752,3389,6,0.287813,100,-0.0031063,0.183671,172,172,401,172,190,190,566,190,0,0,0,0,0,0,0,0
nuscenes,scene-1094_012,pitch,deg,1,1,34752,3383,6,0.261661,100,-0.00452623,0.183671,172,172,423,172,190,190,592,190,0,0,0,0,0,0,0,0
nuscenes,scene-1094_012,pitch,deg,1,-1,34752,3389,6,0.296451,101,-0.0014078,0.183671,172,172,408,172,190,190,564,190,0,0,0,0,0,0,0,0
nuscenes,scene-1094_012,pitch,deg,1.5,1.5,34752,3387,6,0.256697,101,-0.00827631,0.183671,172,172,452,172,190,190,599,190,0,0,0,0,0,0,0,0
nuscenes,scene-1094_012,pitch,deg,1.5,-1.5,34752,3392,6,0.28961,101,0.00148615,0.183671,172,172,420,172,190,190,543,190,0,0,0,0,0,0,0,0
nuscenes,scene-1094_012,pitch,deg,2,2,34752,3383,6,0.293971,99,0.00954321,0.183671,172,172,438,172,190,190,577,190,0,0,0,0,0,0,0,0
nuscenes,scene-1094_012,pitch,deg,2,-2,34752,3392,6,0.284723,101,0.0110221,0.183671,172,172,437,172,190,190,533,190,0,0,0,0,0,0,0,0
nuscenes,scene-1094_012,pitch,deg,3,3,34752,3381,6,0.304532,101,-0.0210892,0.183671,172,172,429,172,190,186,570,186,0,0,0,0,0,0,0,0
nuscenes,scene-1094_012,pitch,deg,3,-3,34752,3396,6,0.359517,101,0.045662,0.183671,172,164,399,164,190,189,544,189,0,0,0,0,0,0,0,0
nuscenes,scene-1094_012,yaw,deg,0.25,0.25,34752,3392,6,0.270539,99,-0.00663352,0.183671,172,172,405,172,190,190,597,190,0,0,0,0,0,0,0,0
nuscenes,scene-1094_012,yaw,deg,0.25,-0.25,34752,3380,6,0.278793,100,0.00865522,0.183671,172,172,398,172,190,190,598,190,0,0,0,0,0,0,0,0
nuscenes,scene-1094_012,yaw,deg,0.5,0.5,34752,3396,6,0.27035,100,-0.0023022,0.183671,172,171,401,171,190,190,600,190,0,0,0,0,0,0,0,0
nuscenes,scene-1094_012,yaw,deg,0.5,-0.5,34752,3366,6,0.268962,100,0.00789574,0.183671,172,172,395,172,190,188,599,188,0,0,0,0,0,0,0,0
nuscenes,scene-1094_012,yaw,deg,1,1,34752,3419,6,0.2765,102,-0.00957438,0.183671,172,168,410,168,190,189,595,189,0,0,0,0,0,0,0,0
nuscenes,scene-1094_012,yaw,deg,1,-1,34752,3355,6,0.239644,101,-0.00319074,0.183671,172,171,397,171,190,185,605,185,0,0,0,0,0,0,0,0
nuscenes,scene-1094_012,yaw,deg,1.5,1.5,34752,3432,6,0.30081,102,0.020573,0.183671,172,159,415,159,190,183,594,183,0,0,0,0,0,0,0,0
nuscenes,scene-1094_012,yaw,deg,1.5,-1.5,34752,3338,6,0.23479,99,-0.00547318,0.183671,172,165,389,165,190,178,610,178,0,0,0,0,0,0,0,0
nuscenes,scene-1094_012,yaw,deg,2,2,34752,3459,6,0.297248,105,0.00251704,0.183671,172,152,425,152,190,179,599,179,0,0,0,0,0,0,0,0
nuscenes,scene-1094_012,yaw,deg,2,-2,34752,3325,6,0.224228,100,0.00224786,0.183671,172,159,390,159,190,174,603,174,0,0,0,0,0,0,0,0
nuscenes,scene-1094_012,yaw,deg,3,3,34752,3479,6,0.289769,104,0.000473529,0.183671,172,123,425,123,190,166,599,166,0,0,0,0,0,0,0,0
nuscenes,scene-1094_012,yaw,deg,3,-3,34752,3300,6,0.202991,101,-0.0251345,0.183671,172,145,376,145,190,165,596,165,0,0,0,0,0,0,0,0
nuscenes,scene-1094_012,tx,cm,2,2,34752,3381,6,0.269102,100,0.00513721,0.183671,172,172,402,172,190,190,598,190,0,0,0,0,0,0,0,0
nuscenes,scene-1094_012,tx,cm,2,-2,34752,3383,6,0.279939,98,0.00363514,0.183671,172,172,401,172,190,190,598,190,0,0,0,0,0,0,0,0
nuscenes,scene-1094_012,tx,cm,5,5,34752,3386,6,0.26723,102,0.00577435,0.183671,172,172,401,172,190,190,597,190,0,0,0,0,0,0,0,0
nuscenes,scene-1094_012,tx,cm,5,-5,34752,3387,6,0.286242,97,0.00673652,0.183671,172,172,401,172,190,190,598,190,0,0,0,0,0,0,0,0
nuscenes,scene-1094_012,tx,cm,10,10,34752,3380,6,0.269225,98,0.0125605,0.183671,172,172,398,172,190,190,601,190,0,0,0,0,0,0,0,0
nuscenes,scene-1094_012,tx,cm,10,-10,34752,3386,6,0.292179,93,0.0130419,0.183671,172,172,403,172,190,190,596,190,0,0,0,0,0,0,0,0
nuscenes,scene-1094_012,tx,cm,20,20,34752,3379,6,0.269516,99,0.0274805,0.183671,172,172,399,172,190,188,600,188,0,0,0,0,0,0,0,0
nuscenes,scene-1094_012,tx,cm,20,-20,34752,3397,6,0.271006,92,-0.0179774,0.183671,172,171,403,171,190,190,599,190,0,0,0,0,0,0,0,0
nuscenes,scene-1094_012,ty,cm,2,2,34752,3397,6,0.281579,99,0.00692603,0.183671,172,172,402,172,190,190,599,190,0,0,0,0,0,0,0,0
nuscenes,scene-1094_012,ty,cm,2,-2,34752,3372,6,0.27228,99,8.62479e-05,0.183671,172,172,403,172,190,190,595,190,0,0,0,0,0,0,0,0
nuscenes,scene-1094_012,ty,cm,5,5,34752,3414,6,0.29177,100,0.0184976,0.183671,172,172,401,172,190,190,602,190,0,0,0,0,0,0,0,0
nuscenes,scene-1094_012,ty,cm,5,-5,34752,3342,6,0.265364,102,-0.00596282,0.183671,172,172,404,172,190,190,593,190,0,0,0,0,0,0,0,0
nuscenes,scene-1094_012,ty,cm,10,10,34752,3448,6,0.296019,98,0.0209183,0.183671,172,172,401,172,190,190,607,190,0,0,0,0,0,0,0,0
nuscenes,scene-1094_012,ty,cm,10,-10,34752,3294,6,0.253784,99,-0.0091061,0.183671,172,172,401,172,190,190,584,190,0,0,0,0,0,0,0,0
nuscenes,scene-1094_012,ty,cm,20,20,34752,3527,6,0.28568,133,0.013871,0.183671,172,172,412,172,190,190,624,190,0,0,0,0,0,0,0,0
nuscenes,scene-1094_012,ty,cm,20,-20,34752,3256,6,0.240615,98,-0.0213562,0.183671,172,172,394,172,190,190,573,190,0,0,0,0,0,0,0,0
nuscenes,scene-1094_012,tz,cm,2,2,34752,3413,6,0.27529,103,-0.00147298,0.183671,172,172,403,172,190,190,601,190,0,0,0,0,0,0,0,0
nuscenes,scene-1094_012,tz,cm,2,-2,34752,3341,6,0.267205,98,-0.00178677,0.183671,172,172,403,172,190,190,572,190,0,0,0,0,0,0,0,0
nuscenes,scene-1094_012,tz,cm,5,5,34752,3448,6,0.28089,98,-0.000211239,0.183671,172,172,408,172,190,190,600,190,0,0,0,0,0,0,0,0
nuscenes,scene-1094_012,tz,cm,5,-5,34752,3304,6,0.229787,85,-0.0444237,0.183671,172,172,403,172,190,190,551,190,0,0,0,0,0,0,0,0
nuscenes,scene-1094_012,tz,cm,10,10,34752,3480,6,0.294127,100,7.88867e-05,0.183671,172,172,439,172,190,190,598,190,0,0,0,0,0,0,0,0
nuscenes,scene-1094_012,tz,cm,10,-10,34752,3272,6,0.225389,82,-0.0398897,0.183671,172,172,402,172,190,190,545,190,0,0,0,0,0,0,0,0
nuscenes,scene-1094_012,tz,cm,20,20,34752,3738,6,0.196247,184,0.0251161,0.183671,172,164,446,164,190,190,583,190,0,0,0,0,0,0,0,0
nuscenes,scene-1094_012,tz,cm,20,-20,34752,3140,6,0.270937,81,-0.00841489,0.183671,172,172,390,172,190,190,539,190,0,0,0,0,0,0,0,0
nuscenes,scene-1094_013,baseline,,0,0,34752,3177,8,0.522705,56,0.131607,0.197353,202,202,337,202,248,248,695,248,25,25,42,25,0,0,0,0
nuscenes,scene-1094_013,roll,deg,0.25,0.25,34752,3216,8,0.57948,58,0.178971,0.197353,202,202,342,203,248,248,767,248,25,25,46,25,0,0,0,0
nuscenes,scene-1094_013,roll,deg,0.25,-0.25,34752,3106,8,0.571329,58,0.150475,0.197353,202,202,335,202,248,248,667,248,25,25,42,25,0,0,0,0
nuscenes,scene-1094_013,roll,deg,0.5,0.5,34752,3246,8,0.559372,59,0.104361,0.197353,202,202,349,203,248,248,682,248,25,25,52,25,0,0,0,0
nuscenes,scene-1094_013,roll,deg,0.5,-0.5,34752,3089,8,0.548998,58,0.109402,0.197353,202,202,335,202,248,248,656,248,25,25,43,25,0,0,0,0
nuscenes,scene-1094_013,roll,deg,1,1,34752,3276,8,0.449254,57,0.0206643,0.197353,202,202,363,204,248,248,668,248,25,8,49,8,0,0,0,0
nuscenes,scene-1094_013,roll,deg,1,-1,34752,3052,8,0.509533,60,0.0854768,0.197353,202,201,324,201,248,248,745,248,25,21,32,21,0,0,0,0
nuscenes,scene-1094_013,roll,deg,1.5,1.5,34752,3373,8,0.460011,56,0.0527638,0.197353,202,202,371,205,248,248,785,248,25,8,49,8,0,0,0,0
nuscenes,scene-1094_013,roll,deg,1.5,-1.5,34752,2951,8,0.470747,59,0.0593671,0.197353,202,201,308,201,248,180,691,180,25,21,32,21,0,0,0,0
nuscenes,scene-1094_013,roll,deg,2,2,34752,3424,8,0.45261,56,-0.00200483,0.197353,202,199,409,202,248,237,710,237,25,8,55,8,0,0,0,0
nuscenes,scene-1094_013,roll,deg,2,-2,34752,2912,8,0.488246,56,0.0756485,0.197353,202,196,303,196,248,180,667,180,25,17,27,17,0,0,0,0
nuscenes,scene-1094_013,roll,deg,3,3,34752,3563,8,0.378473,56,-0.0099771,0.197353,202,179,403,182,248,176,759,176,25,0,68,0,0,0,0,0
nuscenes,scene-1094_013,roll,deg,3,-3,34752,2758,8,0.442235,59,0.0438087,0.197353,202,159,278,159,248,131,670,131,25,11,21,11,0,0,0,0
nuscenes,scene-1094_013,pitch,deg,0.25,0.25,34752,3177,8,0.528631,57,0.133936,0.197353,202,202,343,202,248,248,689,248,25,25,44,25,0,0,0,0
nuscenes,scene-1094_013,pitch,deg,0.25,-0.25,34752,3178,8,0.522374,60,0.124415,0.197353,202,202,337,203,248,248,723,248,25,25,42,25,0,0,0,0
nuscenes,scene-1094_013,pitch,deg,0.5,0.5,34752,3175,8,0.536189,57,0.12254,0.197353,202,202,348,202,248,248,695,248,25,25,46,25,0,0,0,0
nuscenes,scene-1094_013,pitch,deg,0.5,-0.5,34752,3178,8,0.544325,60,0.15611,0.197353,202,202,337,203,248,248,722,248,25,25,42,25,0,0,0,0
nuscenes,scene-1094_013,pitch,deg,1,1,34752,3179,8,0.576634,59,0.141826,0.197353,202,202,354,202,248,248,693,248,25,25,46,25,0,0,0,0
nuscenes,scene-1094_013,pitch,deg,1,-1,34752,3181,8,0.572806,59,0.176015,0.197353,202,202,338,205,248,248,705,248,25,25,40,25,0,0,0,0
nuscenes,scene-1094_013,pitch,deg,1.5,1.5,34752,3180,8,0.568684,60,0.125708,0.197353,202,201,353,201,248,248,689,248,25,25,52,25,0,0,0,0
nuscenes,scene-1094_013,pitch,deg,1.5,-1.5,34752,3179,8,0.552237,61,0.139156,0.197353,202,202,339,205,248,248,716,248,25,25,43,25,0,0,0,0
nuscenes,scene-1094_013,pitch,deg,2,2,34752,3178,8,0.520652,58,0.069704,0.197353,202,201,352,201,248,248,699,248,25,24,66,24,0,0,0,0
nuscenes,scene-1094_013,pitch,deg,2,-2,34752,3182,8,0.532817,60,0.0867435,0.197353,202,202,332,205,248,248,719,248,25,25,43,25,0,0,0,0
nuscenes,scene-1094_013,pitch,deg,3,3,34752,3176,8,0.47807,57,0.0337264,0.197353,202,201,359,201,248,235,699,235,25,8,48,8,0,0,0,0
nuscenes,scene-1094_013,pitch,deg,3,-3,34752,3181,8,0.517877,58,0.128952,0.197353,202,202,316,205,248,248,733,248,25,21,37,21,0,0,0,0
nuscenes,scene-1094_013,yaw,deg,0.25,0.25,34752,3179,8,0.519307,56,0.130549,0.197353,202,200,340,200,248,248,691,248,25,25,41,25,0,0,0,0
nuscenes,scene-1094_013,yaw,deg,0.25,-0.25,34752,3173,8,0.535515,57,0.129109,0.197353,202,202,338,206,248,248,691,248,25,25,42,25,0,0,0,0
nuscenes,scene-1094_013,yaw,deg,0.5,0.5,34752,3181,8,0.506785,59,0.0906899,0.197353,202,195,337,195,248,248,687,248,25,25,40,25,0,0,0,0
nuscenes,scene-1094_013,yaw,deg,0.5,-0.5,34752,3171,8,0.530669,58,0.125585,0.197353,202,200,336,208,248,247,691,247,25,25,41,25,0,0,0,0
nuscenes,scene-1094_013,yaw,deg,1,1,34752,3187,8,0.487017,59,0.0675351,0.197353,202,185,342,185,248,247,689,247,25,24,40,24,0,0,0,0
nuscenes,scene-1094_013,yaw,deg,1,-1,34752,3157,8,0.495753,53,0.0846917,0.197353,202,193,337,206,248,241,696,241,25,24,41,24,0,0,0,0
nuscenes,scene-1094_013,yaw,deg,1.5,1.5,34752,3196,8,0.459444,64,0.0396141,0.197353,202,175,355,175,248,241,689,241,25,22,39,22,0,0,0,0
nuscenes,scene-1094_013,yaw,deg,1.5,-1.5,34752,3147,8,0.431695,50,0.00653982,0.197353,202,184,333,204,248,237,687,237,25,23,39,23,0,0,0,0
nuscenes,scene-1094_013,yaw,deg,2,2,34752,3203,8,0.45946,64,0.0324777,0.197353,202,158,355,158,248,237,699,237,25,16,39,16,0,0,0,0
nuscenes,scene-1094_013,yaw,deg,2,-2,34752,3142,8,0.388908,51,-0.0555385,0.197353,202,172,331,197,248,232,691,232,25,20,37,20,0,0,0,0
nuscenes,scene-1094_013,yaw,deg,3,3,34752,3223,8,0.404635,66,-0.0235634,0.197353,202,130,358,130,248,219,702,219,25,7,44,7,0,0,0,0
nuscenes,scene-1094_013,yaw,deg,3,-3,34752,3120,8,0.333667,50,-0.124798,0.197353,202,144,323,179,248,219,691,219,25,12,31,12,0,0,0,0
nuscenes,scene-1094_013,tx,cm,2,2,34752,3178,8,0.500289,58,0.104712,0.197353,202,202,339,205,248,248,696,248,25,25,42,25,0,0,0,0
nuscenes,scene-1094_013,tx,cm,2,-2,34752,3177,8,0.507681,60,0.100509,0.197353,202,201,337,201,248,248,692,248,25,25,41,25,0,0,0,0
nuscenes,scene-1094_013,tx,cm,5,5,34752,3174,8,0.510709,56,0.119396,0.197353,202,202,339,206,248,248,695,248,25,25,42,25,0,0,0,0
nuscenes,scene-1094_013,tx,cm,5,-5,34752,3179,8,0.488919,59,0.0896205,0.197353,202,200,338,200,248,248,686,248,25,25,41,25,0,0,0,0
nuscenes,scene-1094_013,tx,cm,10,10,34752,3173,8,0.486539,63,0.0975474,0.197353,202,200,334,208,248,248,692,248,25,25,41,25,0,0,0,0
nuscenes,scene-1094_013,tx,cm,10,-10,34752,3175,8,0.50098,61,0.0984759,0.197353,202,196,337,196,248,248,690,248,25,25,41,25,0,0,0,0
nuscenes,scene-1094_013,tx,cm,20,20,34752,3171,8,0.511114,66,0.111534,0.197353,202,196,333,208,248,247,699,247,25,25,42,25,0,0,0,0
nuscenes,scene-1094_013,tx,cm,20,-20,34752,3178,8,0.479226,58,0.0612299,0.197353,202,190,340,190,248,248,686,248,25,25,40,25,0,0,0,0
nuscenes,scene-1094_013,ty,cm,2,2,34752,3195,8,0.506472,58,0.107234,0.197353,202,202,339,204,248,248,694,248,25,25,42,25,0,0,0,0
nuscenes,scene-1094_013,ty,cm,2,-2,34752,3158,8,0.513922,60,0.114276,0.197353,202,201,334,201,248,248,695,248,25,25,42,25,0,0,0,0
nuscenes,scene-1094_013,ty,cm,5,5,34752,3211,8,0.544474,57,0.140358,0.197353,202,202,340,205,248,248,694,248,25,25,42,25,0,0,0,0
nuscenes,scene-1094_013,ty,cm,5,-5,34752,3133,8,0.500751,57,0.110925,0.197353,202,201,334,201,248,248,696,248,25,25,41,25,0,0,0,0
nuscenes,scene-1094_013,ty,cm,10,10,34752,3240,8,0.522435,57,0.126579,0.197353,202,202,343,206,248,248,696,248,25,25,42,25,0,0,0,0
nuscenes,scene-1094_013,ty,cm,10,-10,34752,3083,8,0.486122,59,0.0884772,0.197353,202,198,331,198,248,248,686,248,25,25,41,25,0,0,0,0
nuscenes,scene-1094_013,ty,cm,20,20,34752,3313,8,0.386782,100,0.0779418,0.197353,202,200,352,208,248,248,715,248,25,25,42,25,0,0,0,0
nuscenes,scene-1094_013,ty,cm,20,-20,34752,3045,8,0.49065,62,0.0870415,0.197353,202,195,327,195,248,248,681,248,25,25,41,25,0,0,0,0
nuscenes,scene-1094_013,tz,cm,2,2,34752,3207,8,0.507247,55,0.126657,0.197353,202,202,342,202,248,248,716,248,25,25,44,25,0,0,0,0
nuscenes,scene-1094_013,tz,cm,2,-2,34752,3122,8,0.533121,57,0.131248,0.197353,202,202,336,202,248,248,684,248,25,25,42,25,0,0,0,0
nuscenes,scene-1094_013,tz,cm,5,5,34752,3241,8,0.520489,55,0.144159,0.197353,202,202,349,202,248,248,758,248,25,25,46,25,0,0,0,0
nuscenes,scene-1094_013,tz,cm,5,-5,34752,3098,8,0.537406,57,0.124059,0.197353,202,202,336,202,248,248,673,248,25,25,42,25,0,0,0,0
nuscenes,scene-1094_013,tz,cm,10,10,34752,3273,8,0.554693,52,0.172421,0.197353,202,202,350,203,248,248,778,248,25,25,46,25,0,0,0,0
nuscenes,scene-1094_013,tz,cm,10,-10,34752,3064,8,0.541702,50,0.113217,0.197353,202,202,336,202,248,248,643,248,25,25,42,25,0,0,0,0
nuscenes,scene-1094_013,tz,cm,20,20,34752,3518,8,0.346947,177,0.0910658,0.197353,202,202,387,203,248,248,717,248,25,25,53,25,0,0,0,0
nuscenes,scene-1094_013,tz,cm,20,-20,34752,2931,8,0.549639,47,0.103851,0.197353,202,202,292,202,248,248,643,248,25,25,36,25,0,0,0,0
nuscenes,scene-1094_014,baseline,,0,0,34720,2899,8,0.434899,61,0.0946399,0.168583,258,258,444,258,251,251,776,251,27,27,54,27,0,0,0,0
nuscenes,scene-1094_014,roll,deg,0.25,0.25,34720,2937,8,0.420225,61,0.0761622,0.168583,258,258,447,258,251,251,799,251,27,27,57,27,0,0,0,0
nuscenes,scene-1094_014,roll,deg,0.25,-0.25,34720,2838,8,0.422104,62,0.0900034,0.168583,258,258,445,258,251,251,804,251,27,27,50,27,0,0,0,0
nuscenes,scene-1094_014,roll,deg,0.5,0.5,34720,2969,8,0.426292,62,0.0497754,0.168583,258,258,470,258,251,251,797,251,27,27,64,27,0,0,0,0
nuscenes,scene-1094_014,roll,deg,0.5,-0.5,34720,2822,8,0.429284,62,0.0862386,0.168583,258,258,475,258,251,251,806,251,27,26,37,26,0,0,0,0
nuscenes,scene-1094_014,roll,deg,1,1,34720,3000,8,0.338148,62,-0.0526324,0.168583,258,258,497,258,251,251,822,251,27,10,56,10,0,0,0,0
nuscenes,scene-1094_014,roll,deg,1,-1,34720,2781,8,0.430216,62,0.0556648,0.168583,258,258,421,258,251,248,788,248,27,26,43,26,0,0,0,0
nuscenes,scene-1094_014,roll,deg,1.5,1.5,34720,3091,8,0.364463,61,-0.0282954,0.168583,258,258,485,258,251,250,804,250,27,10,66,10,0,0,0,0
nuscenes,scene-1094_014,roll,deg,1.5,-1.5,34720,2670,8,0.525608,61,0.153751,0.168583,258,258,415,258,251,236,765,236,27,21,33,21,0,0,0,0
nuscenes,scene-1094_014,roll,deg,2,2,34720,3147,8,0.367489,59,-0.0095008,0.168583,258,239,519,239,251,247,862,247,27,5,63,5,0,0,0,0
nuscenes,scene-1094_014,roll,deg,2,-2,34720,2634,8,0.458308,62,0.069606,0.168583,258,254,420,254,251,226,790,226,27,17,32,17,0,0,0,0
nuscenes,scene-1094_014,roll,deg,3,3,34720,3284,8,0.313047,60,0.0044046,0.168583,258,224,519,224,251,215,853,215,27,1,71,1,0,0,0,0
nuscenes,scene-1094_014,roll,deg,3,-3,34720,2488,8,0.28343,62,-0.0336218,0.168583,258,210,391,210,251,189,788,189,27,10,19,10,0,0,0,0
nuscenes,scene-1094_014,pitch,deg,0.25,0.25,34720,2894,8,0.421756,63,0.0804197,0.168583,258,258,443,258,251,251,777,251,27,27,54,27,0,0,0,0
nuscenes,scene-1094_014,pitch,deg,0.25,-0.25,34720,2896,8,0.426526,61,0.0945346,0.168583,258,258,444,258,251,251,780,251,27,27,52,27,0,0,0,0
nuscenes,scene-1094_014,pitch,deg,0.5,0.5,34720,2897,8,0.43263,61,0.090795,0.168583,258,258,443,258,251,251,780,251,27,27,56,27,0,0,0,0
nuscenes,scene-1094_014,pitch,deg,0.5,-0.5,34720,2898,8,0.429307,60,0.105699,0.168583,258,258,444,258,251,251,787,251,27,27,51,27,0,0,0,0
nuscenes,scene-1094_014,pitch,deg,1,1,34720,2899,8,0.429298,61,0.0669466,0.168583,258,258,458,258,251,251,791,251,27,27,57,27,0,0,0,0
nuscenes,scene-1094_014,pitch,deg,1,-1,34720,2903,8,0.434069,61,0.104176,0.168583,258,258,440,258,251,251,800,251,27,27,50,27,0,0,0,0
nuscenes,scene-1094_014,pitch,deg,1.5,1.5,34720,2899,8,0.429753,62,0.0603167,0.168583,258,258,469,258,251,251,796,251,27,27,57,27,0,0,0,0
nuscenes,scene-1094_014,pitch,deg,1.5,-1.5,34720,2900,8,0.41204,63,0.0624535,0.168583,258,258,436,258,251,251,816,251,27,27,50,27,0,0,0,0
nuscenes,scene-1094_014,pitch,deg,2,2,34720,2900,8,0.390416,62,0.0216154,0.168583,258,258,466,258,251,251,803,251,27,27,57,27,0,0,0,0
nuscenes,scene-1094_014,pitch,deg,2,-2,34720,2907,8,0.392992,64,0.0514158,0.168583,258,258,432,258,251,251,833,251,27,26,49,26,0,0,0,0
nuscenes,scene-1094_014,pitch,deg,3,3,34720,2904,8,0.40895,62,0.0169909,0.168583,258,258,484,258,251,248,807,248,27,27,62,27,0,0,0,0
nuscenes,scene-1094_014,pitch,deg,3,-3,34720,2907,8,0.457012,64,0.103696,0.168583,258,256,416,256,251,251,809,251,27,26,46,26,0,0,0,0
nuscenes,scene-1094_014,yaw,deg,0.25,0.25,34720,2908,8,0.416137,62,0.0905658,0.168583,258,257,443,257,251,251,774,251,27,27,55,27,0,0,0,0
nuscenes,scene-1094_014,yaw,deg,0.25,-0.25,34720,2887,8,0.401174,61,0.055381,0.168583,258,256,444,256,251,251,778,251,27,27,52,27,0,0,0,0
nuscenes,scene-1094_014,yaw,deg,0.5,0.5,34720,2903,8,0.398455,61,0.0767916,0.168583,258,257,450,257,251,251,779,251,27,27,55,27,0,0,0,0
nuscenes,scene-1094_014,yaw,deg,0.5,-0.5,34720,2887,8,0.41265,63,0.0689821,0.168583,258,256,443,256,251,251,777,251,27,27,52,27,0,0,0,0
nuscenes,scene-1094_014,yaw,deg,1,1,34720,2914,8,0.406729,63,0.0836146,0.168583,258,249,451,249,251,250,779,250,27,26,54,26,0,0,0,0
nuscenes,scene-1094_014,yaw,deg,1,-1,34720,2883,8,0.381945,65,0.0522095,0.168583,258,250,436,250,251,246,769,246,27,27,56,27,0,0,0,0
nuscenes,scene-1094_014,yaw,deg,1.5,1.5,34720,2923,8,0.431878,64,0.0885446,0.168583,258,239,458,239,251,247,785,247,27,21,50,21,0,0,0,0
nuscenes,scene-1094_014,yaw,deg,1.5,-1.5,34720,2877,8,0.343998,66,-0.000831634,0.168583,258,242,428,242,251,243,771,243,27,26,54,26,0,0,0,0
nuscenes,scene-1094_014,yaw,deg,2,2,34720,2940,8,0.439545,62,0.0823581,0.168583,258,225,457,225,251,243,785,243,27,15,51,15,0,0,0,0
nuscenes,scene-1094_014,yaw,deg,2,-2,34720,2878,8,0.301203,66,-0.017285,0.168583,258,230,422,230,251,235,770,235,27,24,55,24,0,0,0,0
nuscenes,scene-1094_014,yaw,deg,3,3,34720,2974,8,0.409897,63,0.0351644,0.168583,258,203,459,203,251,230,788,230,27,6,54,6,0,0,0,0
nuscenes,scene-1094_014,yaw,deg,3,-3,34720,2874,8,0.276516,69,-0.0625115,0.168583,258,206,410,206,251,222,769,222,27,16,51,16,0,0,0,0
nuscenes,scene-1094_014,tx,cm,2,2,34720,2899,8,0.428635,64,0.084749,0.168583,258,258,441,258,251,251,779,251,27,27,54,27,0,0,0,0
nuscenes,scene-1094_014,tx,cm,2,-2,34720,2894,8,0.459214,61,0.121439,0.168583,258,257,446,257,251,251,776,251,27,27,54,27,0,0,0,0
nuscenes,scene-1094_014,tx,cm,5,5,34720,2894,8,0.424166,65,0.0799092,0.168583,258,257,443,257,251,251,783,251,27,27,55,27,0,0,0,0
nuscenes,scene-1094_014,tx,cm,5,-5,34720,2900,8,0.439039,58,0.103846,0.168583,258,257,445,257,251,251,770,251,27,27,54,27,0,0,0,0
nuscenes,scene-1094_014,tx,cm,10,10,34720,2892,8,0.390645,71,0.0380125,0.168583,258,256,440,256,251,251,784,251,27,27,53,27,0,0,0,0
nuscenes,scene-1094_014,tx,cm,10,-10,34720,2903,8,0.421733,56,0.0884864,0.168583,258,257,445,257,251,251,779,251,27,27,55,27,0,0,0,0
nuscenes,scene-1094_014,tx,cm,20,20,34720,2884,8,0.360699,69,0.021111,0.168583,258,251,437,251,251,251,780,251,27,27,53,27,0,0,0,0
nuscenes,scene-1094_014,tx,cm,20,-20,34720,2907,8,0.416858,60,0.0759265,0.168583,258,255,449,255,251,251,772,251,27,27,56,27,0,0,0,0
nuscenes,scene-1094_014,ty,cm,2,2,34720,2910,8,0.430428,63,0.0874198,0.168583,258,258,444,258,251,251,777,251,27,27,54,27,0,0,0,0
nuscenes,scene-1094_014,ty,cm,2,-2,34720,2879,8,0.435834,60,0.0955551,0.168583,258,258,443,258,251,251,776,251,27,27,54,27,0,0,0,0
nuscenes,scene-1094_014,ty,cm,5,5,34720,2928,8,0.445965,64,0.09999,0.168583,258,258,445,258,251,251,782,251,27,27,54,27,0,0,0,0
nuscenes,scene-1094_014,ty,cm,5,-5,34720,2836,8,0.442683,63,0.101392,0.168583,258,257,440,257,251,251,773,251,27,27,53,27,0,0,0,0
nuscenes,scene-1094_014,ty,cm,10,10,34720,2969,8,0.452131,60,0.107475,0.168583,258,258,448,258,251,251,790,251,27,27,54,27,0,0,0,0
nuscenes,scene-1094_014,ty,cm,10,-10,34720,2813,8,0.443067,62,0.105377,0.168583,258,257,440,257,251,251,771,251,27,27,53,27,0,0,0,0
nuscenes,scene-1094_014,ty,cm,20,20,34720,3032,8,0.3866,74,0.0642192,0.168583,258,256,448,256,251,251,803,251,27,27,53,27,0,0,0,0
nuscenes,scene-1094_014,ty,cm,20,-20,34720,2778,8,0.422363,62,0.0929845,0.168583,258,257,440,257,251,251,768,251,27,27,53,27,0,0,0,0
nuscenes,scene-1094_014,tz,cm,2,2,34720,2931,8,0.433322,61,0.0879465,0.168583,258,258,444,258,251,251,789,251,27,27,56,27,0,0,0,0
nuscenes,scene-1094_014,tz,cm,2,-2,34720,2843,8,0.437159,63,0.105281,0.168583,258,258,444,258,251,251,772,251,27,27,50,27,0,0,0,0
nuscenes,scene-1094_014,tz,cm,5,5,34720,2969,8,0.430278,57,0.0859281,0.168583,258,258,453,258,251,251,795,251,27,27,57,27,0,0,0,0
nuscenes,scene-1094_014,tz,cm,5,-5,34720,2826,8,0.433393,63,0.10358,0.168583,258,258,444,258,251,251,779,251,27,27,50,27,0,0,0,0
nuscenes,scene-1094_014,tz,cm,10,10,34720,3003,8,0.352163,95,0.0467857,0.168583,258,258,481,258,251,251,811,251,27,27,57,27,0,0,0,0
nuscenes,scene-1094_014,tz,cm,10,-10,34720,2793,8,0.44314,58,0.123548,0.168583,258,258,444,258,251,251,794,251,27,27,49,27,0,0,0,0
nuscenes,scene-1094_014,tz,cm,20,20,34720,3230,8,0.26485,184,0.0214058,0.168583,258,258,504,258,251,251,846,251,27,27,71,27,0,0,0,0
nuscenes,scene-1094_014,tz,cm,20,-20,34720,2660,8,0.391012,44,0.0609376,0.168583,258,258,391,258,251,251,747,251,27,27,46,27,0,0,0,0
nuscenes,scene-1094_015,baseline,,0,0,34752,2825,6,0.274776,96,0.0903929,0.137404,318,318,578,318,38,38,139,38,29,29,60,29,0,0,0,0
nuscenes,scene-1094_015,roll,deg,0.25,0.25,34752,2867,6,0.262267,98,0.0695713,0.137404,318,318,571,318,38,38,143,38,29,29,61,29,0,0,0,0
nuscenes,scene-1094_015,roll,deg,0.25,-0.25,34752,2765,6,0.265464,99,0.0840878,0.137404,318,318,552,318,38,38,141,38,29,29,55,29,0,0,0,0
nuscenes,scene-1094_015,roll,deg,0.5,0.5,34752,2899,6,0.224586,99,0.0253828,0.137404,318,318,556,318,38,38,159,38,29,29,75,29,0,0,0,0
nuscenes,scene-1094_015,roll,deg,0.5,-0.5,34752,2751,6,0.25096,99,0.0651996,0.137404,318,318,541,318,38,36,142,36,29,29,56,29,0,0,0,0
nuscenes,scene-1094_015,roll,deg,1,1,34752,2934,6,0.258968,99,0.04448,0.137404,318,318,576,318,38,38,152,38,29,21,69,21,0,0,0,0
nuscenes,scene-1094_015,roll,deg,1,-1,34752,2709,6,0.173381,99,-0.01981,0.137404,318,318,527,318,38,32,142,32,29,29,48,29,0,0,0,0
nuscenes,scene-1094_015,roll,deg,1.5,1.5,34752,3027,6,0.277756,98,0.0542611,0.137404,318,306,596,307,38,37,163,37,29,9,64,9,0,0,0,0
nuscenes,scene-1094_015,roll,deg,1.5,-1.5,34752,2602,6,0.167571,102,-0.0357689,0.137404,318,306,511,306,38,32,128,32,29,24,39,24,0,0,0,0
nuscenes,scene-1094_015,roll,deg,2,2,34752,3081,6,0.213899,95,0.0024135,0.137404,318,303,580,305,38,35,186,35,29,4,69,4,0,0,0,0
nuscenes,scene-1094_015,roll,deg,2,-2,34752,2569,6,0.210854,99,0.0218847,0.137404,318,306,505,306,38,16,108,16,29,20,34,20,0,0,0,0
nuscenes,scene-1094_015,roll,deg,3,3,34752,3209,6,0.237892,90,0.0200898,0.137404,318,276,593,278,38,6,175,6,29,0,69,0,0,0,0,0
nuscenes,scene-1094_015,roll,deg,3,-3,34752,2423,6,0.168962,99,-0.030923,0.137404,318,276,499,276,38,3,99,3,29,12,22,12,0,0,0,0
nuscenes,scene-1094_015,pitch,deg,0.25,0.25,34752,2825,6,0.271194,99,0.0882351,0.137404,318,318,580,318,38,38,134,38,29,29,60,29,0,0,0,0
nuscenes,scene-1094_015,pitch,deg,0.25,-0.25,34752,2828,6,0.268503,99,0.077461,0.137404,318,318,572,318,38,38,142,38,29,29,61,29,0,0,0,0
nuscenes,scene-1094_015,pitch,deg,0.5,0.5,34752,2826,6,0.263667,99,0.0795003,0.137404,318,318,576,318,38,38,129,38,29,29,60,29,0,0,0,0
nuscenes,scene-1094_015,pitch,deg,0.5,-0.5,34752,2827,6,0.278323,100,0.0819512,0.137404,318,318,564,318,38,38,145,38,29,29,61,29,0,0,0,0
nuscenes,scene-1094_015,pitch,deg,1,1,34752,2833,6,0.268631,98,0.0812812,0.137404,318,318,567,319,38,38,134,38,29,29,60,29,0,0,0,0
nuscenes,scene-1094_015,pitch,deg,1,-1,34752,2832,6,0.251043,100,0.0622304,0.137404,318,318,538,318,38,38,143,38,29,29,61,29,0,0,0,0
nuscenes,scene-1094_015,pitch,deg,1.5,1.5,34752,2834,6,0.244281,98,0.0550024,0.137404,318,318,562,320,38,38,141,38,29,29,54,29,0,0,0,0
nuscenes,scene-1094_015,pitch,deg,1.5,-1.5,34752,2833,6,0.241488,98,0.0601393,0.137404,318,318,527,318,38,38,153,38,29,29,61,29,0,0,0,0
nuscenes,scene-1094_015,pitch,deg,2,2,34752,2836,6,0.2401,99,0.0375621,0.137404,318,318,562,320,38,38,150,38,29,29,54,29,0,0,0,0
nuscenes,scene-1094_015,pitch,deg,2,-2,34752,2832,6,0.233302,95,0.049937,0.137404,318,318,531,318,38,38,150,38,29,29,61,29,0,0,0,0
nuscenes,scene-1094_015,pitch,deg,3,3,34752,2837,6,0.218067,99,0.0113133,0.137404,318,318,549,322,38,38,166,38,29,29,54,29,0,0,0,0
nuscenes,scene-1094_015,pitch,deg,3,-3,34752,2839,6,0.206392,94,0.0109265,0.137404,318,317,574,317,38,38,137,38,29,26,61,26,0,0,0,0
nuscenes,scene-1094_015,yaw,deg,0.25,0.25,34752,2831,6,0.251073,97,0.0670513,0.137404,318,318,579,322,38,38,136,38,29,29,61,29,0,0,0,0
nuscenes,scene-1094_015,yaw,deg,0.25,-0.25,34752,2826,6,0.275906,100,0.0808576,0.137404,318,312,567,312,38,38,140,38,29,29,60,29,0,0,0,0
nuscenes,scene-1094_015,yaw,deg,0.5,0.5,34752,2838,6,0.244003,98,0.0563979,0.137404,318,317,594,326,38,38,136,38,29,29,61,29,0,0,0,0
nuscenes,scene-1094_015,yaw,deg,0.5,-0.5,34752,2829,6,0.262471,101,0.0731276,0.137404,318,311,568,311,38,38,135,38,29,29,60,29,0,0,0,0
nuscenes,scene-1094_015,yaw,deg,1,1,34752,2832,6,0.224833,97,0.0387013,0.137404,318,309,597,321,38,37,139,37,29,28,61,28,0,0,0,0
nuscenes,scene-1094_015,yaw,deg,1,-1,34752,2819,6,0.230684,101,0.0457749,0.137404,318,298,557,298,38,37,134,37,29,29,61,29,0,0,0,0
nuscenes,scene-1094_015,yaw,deg,1.5,1.5,34752,2835,6,0.230997,93,0.00825508,0.137404,318,301,603,313,38,35,145,35,29,23,61,23,0,0,0,0
nuscenes,scene-1094_015,yaw,deg,1.5,-1.5,34752,2827,6,0.181126,99,-0.011852,0.137404,318,286,548,286,38,36,129,36,29,28,61,28,0,0,0,0
nuscenes,scene-1094_015,yaw,deg,2,2,34752,2830,6,0.246718,87,-0.00311118,0.137404,318,294,606,306,38,31,149,31,29,21,61,21,0,0,0,0
nuscenes,scene-1094_015,yaw,deg,2,-2,34752,2819,6,0.177012,102,-0.0472199,0.137404,318,273,542,273,38,34,127,34,29,25,59,25,0,0,0,0
nuscenes,scene-1094_015,yaw,deg,3,3,34752,2825,6,0.212544,84,-0.0362405,0.137404,318,265,603,277,38,27,151,27,29,12,55,12,0,0,0,0
nuscenes,scene-1094_015,yaw,deg,3,-3,34752,2816,6,0.17485,106,-0.0454829,0.137404,318,248,526,248,38,31,126,31,29,17,56,17,0,0,0,0
nuscenes,scene-1094_015,tx,cm,2,2,34752,2826,6,0.282031,94,0.0926415,0.137404,318,317,575,317,38,38,136,38,29,29,60,29,0,0,0,0
nuscenes,scene-1094_015,tx,cm,2,-2,34752,2828,6,0.268863,97,0.0829789,0.137404,318,318,575,321,38,38,140,38,29,29,62,29,0,0,0,0
nuscenes,scene-1094_015,tx,cm,5,5,34752,2824,6,0.283229,92,0.0845615,0.137404,318,313,573,313,38,38,136,38,29,29,60,29,0,0,0,0
nuscenes,scene-1094_015,tx,cm,5,-5,34752,2830,6,0.259874,96,0.0778318,0.137404,318,318,580,322,38,38,139,38,29,29,61,29,0,0,0,0
nuscenes,scene-1094_015,tx,cm,10,10,34752,2820,6,0.292107,91,0.0855721,0.137404,318,312,571,312,38,38,135,38,29,29,60,29,0,0,0,0
nuscenes,scene-1094_015,tx,cm,10,-10,34752,2836,6,0.237006,97,0.0580402,0.137404,318,318,583,327,38,38,140,38,29,29,60,29,0,0,0,0
nuscenes,scene-1094_015,tx,cm,20,20,34752,2812,6,0.285945,90,0.067976,0.137404,318,298,564,298,38,38,132,38,29,29,60,29,0,0,0,0
nuscenes,scene-1094_015,tx,cm,20,-20,34752,2845,6,0.225989,99,0.0470922,0.137404,318,312,584,324,38,38,145,38,29,29,60,29,0,0,0,0
nuscenes,scene-1094_015,ty,cm,2,2,34752,2842,6,0.264888,95,0.0868246,0.137404,318,318,578,318,38,38,140,38,29,29,60,29,0,0,0,0
nuscenes,scene-1094_015,ty,cm,2,-2,34752,2811,6,0.275272,97,0.0894733,0.137404,318,317,572,317,38,38,138,38,29,29,60,29,0,0,0,0
nuscenes,scene-1094_015,ty,cm,5,5,34752,2865,6,0.266119,97,0.0787942,0.137404,318,318,581,322,38,38,140,38,29,29,61,29,0,0,0,0
nuscenes,scene-1094_015,ty,cm,5,-5,34752,2767,6,0.271034,98,0.0870238,0.137404,318,317,569,317,38,38,136,38,29,29,60,29,0,0,0,0
nuscenes,scene-1094_015,ty,cm,10,10,34752,2902,6,0.26632,96,0.0708267,0.137404,318,318,585,322,38,38,141,38,29,29,61,29,0,0,0,0
nuscenes,scene-1094_015,ty,cm,10,-10,34752,2741,6,0.280501,97,0.0863836,0.137404,318,312,559,312,38,38,135,38,29,29,60,29,0,0,0,0
nuscenes,scene-1094_015,ty,cm,20,20,34752,2977,6,0.241611,120,0.0407615,0.137404,318,318,602,327,38,38,145,38,29,29,62,29,0,0,0,0
nuscenes,scene-1094_015,ty,cm,20,-20,34752,2698,6,0.27916,91,0.0864305,0.137404,318,308,544,308,38,38,130,38,29,29,60,29,0,0,0,0
nuscenes,scene-1094_015,tz,cm,2,2,34752,2859,6,0.266781,97,0.0749042,0.137404,318,318,578,318,38,38,144,38,29,29,61,29,0,0,0,0
nuscenes,scene-1094_015,tz,cm,2,-2,34752,2769,6,0.265725,96,0.0864085,0.137404,318,318,565,318,38,38,132,38,29,29,60,29,0,0,0,0
nuscenes,scene-1094_015,tz,cm,5,5,34752,2896,6,0.279673,93,0.0808683,0.137404,318,318,580,318,38,38,145,38,29,29,61,29,0,0,0,0
nuscenes,scene-1094_015,tz,cm,5,-5,34752,2753,6,0.260398,97,0.0808875,0.137404,318,318,547,318,38,38,141,38,29,29,60,29,0,0,0,0
nuscenes,scene-1094_015,tz,cm,10,10,34752,2930,6,0.262193,96,0.0593514,0.137404,318,318,585,318,38,38,160,38,29,29,68,29,0,0,0,0
nuscenes,scene-1094_015,tz,cm,10,-10,34752,2721,6,0.259213,98,0.0848893,0.137404,318,318,534,318,38,38,142,38,29,29,55,29,0,0,0,0
nuscenes,scene-1094_015,tz,cm,20,20,34752,3158,6,0.1856,220,0.013918,0.137404,318,318,605,318,38,38,160,38,29,29,79,29,0,0,0,0
nuscenes,scene-1094_015,tz,cm,20,-20,34752,2589,6,0.219302,83,0.0516872,0.137404,318,318,519,318,38,36,151,36,29,29,51,29,0,0,0,0
nuscenes,scene-1094_016,baseline,,0,0,34816,2790,5,0.328794,121,0.0385495,0.164309,0,0,0,0,124,124,292,124,17,17,48,17,0,0,0,0
nuscenes,scene-1094_016,roll,deg,0.25,0.25,34816,2830,5,0.332939,117,0.0546874,0.164309,0,0,0,0,124,119,288,119,17,17,48,17,0,0,0,0
nuscenes,scene-1094_016,roll,deg,0.25,-0.25,34816,2722,5,0.31003,120,0.0370408,0.164309,0,0,0,0,124,124,281,124,17,17,39,17,0,0,0,0
nuscenes,scene-1094_016,roll,deg,0.5,0.5,34816,2856,5,0.31746,119,0.0524358,0.164309,0,0,0,0,124,119,285,119,17,17,50,17,0,0,0,0
nuscenes,scene-1094_016,roll,deg,0.5,-0.5,34816,2709,5,0.289196,122,0.0171948,0.164309,0,0,0,0,124,124,280,124,17,17,37,17,0,0,0,0
nuscenes,scene-1094_016,roll,deg,1,1,34816,2889,5,0.304098,120,0.0300685,0.164309,0,0,0,0,124,119,305,119,17,4,37,4,0,0,0,0
nuscenes,scene-1094_016,roll,deg,1,-1,34816,2674,5,0.27148,119,0.0131297,0.164309,0,0,0,0,124,118,251,118,17,17,33,17,0,0,0,0
nuscenes,scene-1094_016,roll,deg,1.5,1.5,34816,2982,5,0.285055,120,0.0289423,0.164309,0,0,0,0,124,117,314,117,17,4,50,4,0,0,0,0
nuscenes,scene-1094_016,roll,deg,1.5,-1.5,34816,2580,5,0.285191,122,0.0132105,0.164309,0,0,0,0,124,115,244,115,17,17,20,17,0,0,0,0
nuscenes,scene-1094_016,roll,deg,2,2,34816,3038,5,0.271121,122,-0.00267023,0.164309,0,0,0,0,124,107,351,107,17,4,52,4,0,0,0,0
nuscenes,scene-1094_016,roll,deg,2,-2,34816,2529,5,0.279725,119,0.0268327,0.164309,0,0,0,0,124,112,234,112,17,17,21,17,0,0,0,0
nuscenes,scene-1094_016,roll,deg,3,3,34816,3170,5,0.277958,119,0.0404789,0.164309,0,0,0,0,124,55,363,55,17,0,66,0,0,0,0,0
nuscenes,scene-1094_016,roll,deg,3,-3,34816,2381,5,0.318411,117,0.047314,0.164309,0,0,0,0,124,58,197,58,17,13,18,13,0,0,0,0
nuscenes,scene-1094_016,pitch,deg,0.25,0.25,34816,2791,5,0.332711,120,0.0344158,0.164309,0,0,0,0,124,124,287,124,17,17,47,17,0,0,0,0
nuscenes,scene-1094_016,pitch,deg,0.25,-0.25,34816,2791,5,0.304015,121,0.023736,0.164309,0,0,0,0,124,124,291,124,17,17,48,17,0,0,0,0
nuscenes,scene-1094_016,pitch,deg,0.5,0.5,34816,2792,5,0.329168,123,0.0378764,0.164309,0,0,0,0,124,124,289,124,17,17,45,17,0,0,0,0
nuscenes,scene-1094_016,pitch,deg,0.5,-0.5,34816,2794,5,0.310842,118,0.0393071,0.164309,0,0,0,0,124,124,289,124,17,17,48,17,0,0,0,0
nuscenes,scene-1094_016,pitch,deg,1,1,34816,2798,5,0.318046,118,0.0425921,0.164309,0,0,0,0,124,124,283,124,17,17,37,17,0,0,0,0
nuscenes,scene-1094_016,pitch,deg,1,-1,34816,2788,5,0.33041,119,0.0660071,0.164309,0,0,0,0,124,119,281,119,17,17,49,17,0,0,0,0
nuscenes,scene-1094_016,pitch,deg,1.5,1.5,34816,2799,5,0.309757,121,0.0292002,0.164309,0,0,0,0,124,124,274,124,17,17,37,17,0,0,0,0
nuscenes,scene-1094_016,pitch,deg,1.5,-1.5,34816,2789,5,0.312979,121,0.0480298,0.164309,0,0,0,0,124,119,285,119,17,17,50,17,0,0,0,0
nuscenes,scene-1094_016,pitch,deg,2,2,34816,2797,5,0.310555,122,0.0357997,0.164309,0,0,0,0,124,119,276,119,17,17,37,17,0,0,0,0
nuscenes,scene-1094_016,pitch,deg,2,-2,34816,2789,5,0.284518,119,0.0123047,0.164309,0,0,0,0,124,119,284,119,17,17,50,17,0,0,0,0
nuscenes,scene-1094_016,pitch,deg,3,3,34816,2801,5,0.315101,124,0.0486729,0.164309,0,0,0,0,124,117,270,117,17,17,36,17,0,0,0,0
nuscenes,scene-1094_016,pitch,deg,3,-3,34816,2789,5,0.282891,119,9.87053e-05,0.164309,0,0,0,0,124,117,281,117,17,17,50,17,0,0,0,0
nuscenes,scene-1094_016,yaw,deg,0.25,0.25,34816,2788,5,0.344646,121,0.0552976,0.164309,0,0,0,0,124,124,292,124,17,17,47,17,0,0,0,0
nuscenes,scene-1094_016,yaw,deg,0.25,-0.25,34816,2789,5,0.316157,115,0.0296626,0.164309,0,0,0,0,124,124,285,124,17,17,47,17,0,0,0,0
nuscenes,scene-1094_016,yaw,deg,0.5,0.5,34816,2791,5,0.347514,121,0.0563774,0.164309,0,0,0,0,124,124,298,124,17,17,47,17,0,0,0,0
nuscenes,scene-1094_016,yaw,deg,0.5,-0.5,34816,2782,5,0.31441,121,0.0470133,0.164309,0,0,0,0,124,124,290,124,17,17,48,17,0,0,0,0
nuscenes,scene-1094_016,yaw,deg,1,1,34816,2802,5,0.334138,121,0.055943,0.164309,0,0,0,0,124,120,298,120,17,14,47,14,0,0,0,0
nuscenes,scene-1094_016,yaw,deg,1,-1,34816,2782,5,0.313026,123,0.0416042,0.164309,0,0,0,0,124,122,284,122,17,17,47,17,0,0,0,0
nuscenes,scene-1094_016,yaw,deg,1.5,1.5,34816,2818,5,0.325201,121,0.0510385,0.164309,0,0,0,0,124,113,298,113,17,11,43,11,0,0,0,0
nuscenes,scene-1094_016,yaw,deg,1.5,-1.5,34816,2788,5,0.270664,126,0.0170824,0.164309,0,0,0,0,124,117,284,117,17,17,46,17,0,0,0,0
nuscenes,scene-1094_016,yaw,deg,2,2,34816,2825,5,0.352265,121,0.0846711,0.164309,0,0,0,0,124,108,307,108,17,9,41,9,0,0,0,0
nuscenes,scene-1094_016,yaw,deg,2,-2,34816,2803,5,0.233911,147,0.00548178,0.164309,0,0,0,0,124,109,280,109,17,16,44,16,0,0,0,0
nuscenes,scene-1094_016,yaw,deg,3,3,34816,2830,5,0.352302,118,0.0650343,0.164309,0,0,0,0,124,88,313,88,17,6,39,6,0,0,0,0
nuscenes,scene-1094_016,yaw,deg,3,-3,34816,2810,5,0.193728,167,-0.0272049,0.164309,0,0,0,0,124,85,263,85,17,13,38,13,0,0,0,0
nuscenes,scene-1094_016,tx,cm,2,2,34816,2787,5,0.338269,119,0.0465341,0.164309,0,0,0,0,124,124,288,124,17,17,48,17,0,0,0,0
nuscenes,scene-1094_016,tx,cm,2,-2,34816,2788,5,0.328552,120,0.0359217,0.164309,0,0,0,0,124,124,291,124,17,17,47,17,0,0,0,0
nuscenes,scene-1094_016,tx,cm,5,5,34816,2790,5,0.313113,123,0.0197714,0.164309,0,0,0,0,124,124,289,124,17,17,48,17,0,0,0,0
nuscenes,scene-1094_016,tx,cm,5,-5,34816,2786,5,0.34886,119,0.0486792,0.164309,0,0,0,0,124,124,290,124,17,17,47,17,0,0,0,0
nuscenes,scene-1094_016,tx,cm,10,10,34816,2791,5,0.346121,120,0.0578955,0.164309,0,0,0,0,124,124,286,124,17,17,48,17,0,0,0,0
nuscenes,scene-1094_016,tx,cm,10,-10,34816,2788,5,0.369652,118,0.070094,0.164309,0,0,0,0,124,124,296,124,17,17,46,17,0,0,0,0
nuscenes,scene-1094_016,tx,cm,20,20,34816,2792,5,0.347125,114,0.0573853,0.164309,0,0,0,0,124,124,282,124,17,17,48,17,0,0,0,0
nuscenes,scene-1094_016,tx,cm,20,-20,34816,2788,5,0.350973,117,0.0655876,0.164309,0,0,0,0,124,124,295,124,17,17,45,17,0,0,0,0
nuscenes,scene-1094_016,ty,cm,2,2,34816,2803,5,0.321751,122,0.0329111,0.164309,0,0,0,0,124,124,291,124,17,17,48,17,0,0,0,0
nuscenes,scene-1094_016,ty,cm,2,-2,34816,2768,5,0.334972,117,0.0437151,0.164309,0,0,0,0,124,124,288,124,17,17,48,17,0,0,0,0
nuscenes,scene-1094_016,ty,cm,5,5,34816,2826,5,0.33251,121,0.0350546,0.164309,0,0,0,0,124,124,291,124,17,17,47,17,0,0,0,0
nuscenes,scene-1094_016,ty,cm,5,-5,34816,2738,5,0.31855,121,0.0342057,0.164309,0,0,0,0,124,124,286,124,17,17,48,17,0,0,0,0
nuscenes,scene-1094_016,ty,cm,10,10,34816,2861,5,0.335578,122,0.0331533,0.164309,0,0,0,0,124,124,292,124,17,17,47,17,0,0,0,0
nuscenes,scene-1094_016,ty,cm,10,-10,34816,2689,5,0.317864,119,0.0228247,0.164309,0,0,0,0,124,124,284,124,17,17,47,17,0,0,0,0
nuscenes,scene-1094_016,ty,cm,20,20,34816,2942,5,0.342936,154,0.0545142,0.164309,0,0,0,0,124,124,304,124,17,17,47,17,0,0,0,0
nuscenes,scene-1094_016,ty,cm,20,-20,34816,2646,5,0.32278,119,0.0347296,0.164309,0,0,0,0,124,124,277,124,17,17,48,17,0,0,0,0
nuscenes,scene-1094_016,tz,cm,2,2,34816,2821,5,0.335189,121,0.0446723,0.164309,0,0,0,0,124,124,296,124,17,17,48,17,0,0,0,0
nuscenes,scene-1094_016,tz,cm,2,-2,34816,2738,5,0.300806,120,0.0268215,0.164309,0,0,0,0,124,124,282,124,17,17,46,17,0,0,0,0
nuscenes,scene-1094_016,tz,cm,5,5,34816,2856,5,0.340046,119,0.0602306,0.164309,0,0,0,0,124,124,294,124,17,17,48,17,0,0,0,0
nuscenes,scene-1094_016,tz,cm,5,-5,34816,2711,5,0.301671,122,0.0251352,0.164309,0,0,0,0,124,124,272,124,17,17,40,17,0,0,0,0
nuscenes,scene-1094_016,tz,cm,10,10,34816,2888,5,0.334886,144,0.0527383,0.164309,0,0,0,0,124,124,297,124,17,17,48,17,0,0,0,0
nuscenes,scene-1094_016,tz,cm,10,-10,34816,2680,5,0.302478,125,0.0240923,0.164309,0,0,0,0,124,124,280,124,17,17,36,17,0,0,0,0
nuscenes,scene-1094_016,tz,cm,20,20,34816,3141,5,0.279161,253,0.0484848,0.164309,0,0,0,0,124,119,329,119,17,17,50,17,0,0,0,0
nuscenes,scene-1094_016,tz,cm,20,-20,34816,2549,5,0.299316,125,0.0141291,0.164309,0,0,0,0,124,124,245,124,17,17,37,17,0,0,0,0
nuscenes,scene-1094_017,baseline,,0,0,34752,2795,4,0.329914,107,0.0551777,0.174858,0,0,0,0,118,118,256,118,0,0,0,0,0,0,0,0
nuscenes,scene-1094_017,roll,deg,0.25,0.25,34752,2831,4,0.318067,110,0.0387237,0.174858,0,0,0,0,118,118,259,118,0,0,0,0,0,0,0,0
nuscenes,scene-1094_017,roll,deg,0.25,-0.25,34752,2723,4,0.317844,103,0.0314254,0.174858,0,0,0,0,118,118,215,118,0,0,0,0,0,0,0,0
nuscenes,scene-1094_017,roll,deg,0.5,0.5,34752,2857,4,0.32632,108,0.0364105,0.174858,0,0,0,0,118,118,244,118,0,0,0,0,0,0,0,0
nuscenes,scene-1094_017,roll,deg,0.5,-0.5,34752,2705,4,0.320036,101,0.0121782,0.174858,0,0,0,0,118,118,209,118,0,0,0,0,0,0,0,0
nuscenes,scene-1094_017,roll,deg,1,1,34752,2887,4,0.295269,110,-0.00286764,0.174858,0,0,0,0,118,109,245,109,0,0,0,0,0,0,0,0
nuscenes,scene-1094_017,roll,deg,1,-1,34752,2670,4,0.326358,103,0.0312485,0.174858,0,0,0,0,118,116,205,116,0,0,0,0,0,0,0,0
nuscenes,scene-1094_017,roll,deg,1.5,1.5,34752,2987,4,0.298118,116,0.0158456,0.174858,0,0,0,0,118,95,274,95,0,0,0,0,0,0,0,0
nuscenes,scene-1094_017,roll,deg,1.5,-1.5,34752,2586,4,0.359365,104,0.0690895,0.174858,0,0,0,0,118,111,197,111,0,0,0,0,0,0,0,0
nuscenes,scene-1094_017,roll,deg,2,2,34752,3036,4,0.295,114,0.0119141,0.174858,0,0,0,0,118,92,257,92,0,0,0,0,0,0,0,0
nuscenes,scene-1094_017,roll,deg,2,-2,34752,2524,4,0.335572,104,0.0532939,0.174858,0,0,0,0,118,95,176,95,0,0,0,0,0,0,0,0
nuscenes,scene-1094_017,roll,deg,3,3,34752,3173,4,0.272662,115,0.0149132,0.174858,0,0,0,0,118,40,286,40,0,0,0,0,0,0,0,0
nuscenes,scene-1094_017,roll,deg,3,-3,34752,2378,4,0.280782,104,-0.0088357,0.174858,0,0,0,0,118,42,126,42,0,0,0,0,0,0,0,0
nuscenes,scene-1094_017,pitch,deg,0.25,0.25,34752,2795,4,0.325343,107,0.0440373,0.174858,0,0,0,0,118,118,252,118,0,0,0,0,0,0,0,0
nuscenes,scene-1094_017,pitch,deg,0.25,-0.25,34752,2792,4,0.338013,109,0.0559129,0.174858,0,0,0,0,118,118,257,118,0,0,0,0,0,0,0,0
nuscenes,scene-1094_017,pitch,deg,0.5,0.5,34752,2795,4,0.313746,105,0.0216983,0.174858,0,0,0,0,118,118,238,118,0,0,0,0,0,0,0,0
nuscenes,scene-1094_017,pitch,deg,0.5,-0.5,34752,2793,4,0.338998,106,0.0577205,0.174858,0,0,0,0,118,118,258,118,0,0,0,0,0,0,0,0
nuscenes,scene-1094_017,pitch,deg,1,1,34752,2800,4,0.314388,106,0.0211151,0.174858,0,0,0,0,118,118,236,118,0,0,0,0,0,0,0,0
nuscenes,scene-1094_017,pitch,deg,1,-1,34752,2792,4,0.323979,108,0.0233055,0.174858,0,0,0,0,118,118,255,118,0,0,0,0,0,0,0,0
nuscenes,scene-1094_017,pitch,deg,1.5,1.5,34752,2801,4,0.312508,105,0.026188,0.174858,0,0,0,0,118,116,229,116,0,0,0,0,0,0,0,0
nuscenes,scene-1094_017,pitch,deg,1.5,-1.5,34752,2792,4,0.336683,106,0.0245511,0.174858,0,0,0,0,118,110,238,110,0,0,0,0,0,0,0,0
nuscenes,scene-1094_017,pitch,deg,2,2,34752,2805,4,0.295512,105,0.0206283,0.174858,0,0,0,0,118,116,226,116,0,0,0,0,0,0,0,0
nuscenes,scene-1094_017,pitch,deg,2,-2,34752,2791,4,0.346195,106,0.0145262,0.174858,0,0,0,0,118,109,232,109,0,0,0,0,0,0,0,0
nuscenes,scene-1094_017,pitch,deg,3,3,34752,2809,4,0.345004,105,0.0701861,0.174858,0,0,0,0,118,114,221,114,0,0,0,0,0,0,0,0
nuscenes,scene-1094_017,pitch,deg,3,-3,34752,2786,4,0.315141,105,-0.0163394,0.174858,0,0,0,0,118,109,240,109,0,0,0,0,0,0,0,0
nuscenes,scene-1094_017,yaw,deg,0.25,0.25,34752,2792,4,0.350955,105,0.0677983,0.174858,0,0,0,0,118,118,258,118,0,0,0,0,0,0,0,0
nuscenes,scene-1094_017,yaw,deg,0.25,-0.25,34752,2797,4,0.322226,109,0.0501947,0.174858,0,0,0,0,118,118,258,118,0,0,0,0,0,0,0,0
nuscenes,scene-1094_017,yaw,deg,0.5,0.5,34752,2793,4,0.340763,104,0.0521131,0.174858,0,0,0,0,118,117,263,117,0,0,0,0,0,0,0,0
nuscenes,scene-1094_017,yaw,deg,0.5,-0.5,34752,2800,4,0.316678,108,0.0418445,0.174858,0,0,0,0,118,117,255,117,0,0,0,0,0,0,0,0
nuscenes,scene-1094_017,yaw,deg,1,1,34752,2791,4,0.301158,105,0.0162077,0.174858,0,0,0,0,118,112,266,112,0,0,0,0,0,0,0,0
nuscenes,scene-1094_017,yaw,deg,1,-1,34752,2807,4,0.314522,113,0.0466369,0.174858,0,0,0,0,118,110,246,110,0,0,0,0,0,0,0,0
nuscenes,scene-1094_017,yaw,deg,1.5,1.5,34752,2789,4,0.275843,101,-0.00769415,0.174858,0,0,0,0,118,109,269,109,0,0,0,0,0,0,0,0
nuscenes,scene-1094_017,yaw,deg,1.5,-1.5,34752,2820,4,0.280585,114,-0.00389045,0.174858,0,0,0,0,118,102,236,102,0,0,0,0,0,0,0,0
nuscenes,scene-1094_017,yaw,deg,2,2,34752,2786,4,0.270871,101,-0.0149023,0.174858,0,0,0,0,118,105,271,105,0,0,0,0,0,0,0,0
nuscenes,scene-1094_017,yaw,deg,2,-2,34752,2824,4,0.263801,117,-0.0200993,0.174858,0,0,0,0,118,95,231,95,0,0,0,0,0,0,0,0
nuscenes,scene-1094_017,yaw,deg,3,3,34752,2786,4,0.346515,92,0.0466955,0.174858,0,0,0,0,118,82,260,82,0,0,0,0,0,0,0,0
nuscenes,scene-1094_017,yaw,deg,3,-3,34752,2818,4,0.239853,126,-0.0469201,0.174858,0,0,0,0,118,74,224,74,0,0,0,0,0,0,0,0
nuscenes,scene-1094_017,tx,cm,2,2,34752,2791,4,0.32655,112,0.0527526,0.174858,0,0,0,0,118,118,253,118,0,0,0,0,0,0,0,0
nuscenes,scene-1094_017,tx,cm,2,-2,34752,2792,4,0.325606,107,0.0463173,0.174858,0,0,0,0,118,118,257,118,0,0,0,0,0,0,0,0
nuscenes,scene-1094_017,tx,cm,5,5,34752,2797,4,0.313757,113,0.041706,0.174858,0,0,0,0,118,118,254,118,0,0,0,0,0,0,0,0
nuscenes,scene-1094_017,tx,cm,5,-5,34752,2796,4,0.329444,106,0.060024,0.174858,0,0,0,0,118,118,256,118,0,0,0,0,0,0,0,0
nuscenes,scene-1094_017,tx,cm,10,10,34752,2796,4,0.306874,118,0.0417526,0.174858,0,0,0,0,118,117,257,117,0,0,0,0,0,0,0,0
nuscenes,scene-1094_017,tx,cm,10,-10,34752,2796,4,0.328426,106,0.0626067,0.174858,0,0,0,0,118,118,260,118,0,0,0,0,0,0,0,0
nuscenes,scene-1094_017,tx,cm,20,20,34752,2801,4,0.348932,113,0.052167,0.174858,0,0,0,0,118,114,251,114,0,0,0,0,0,0,0,0
nuscenes,scene-1094_017,tx,cm,20,-20,34752,2796,4,0.279494,112,0.0250698,0.174858,0,0,0,0,118,114,258,114,0,0,0,0,0,0,0,0
nuscenes,scene-1094_017,ty,cm,2,2,34752,2807,4,0.315972,109,0.0461887,0.174858,0,0,0,0,118,118,257,118,0,0,0,0,0,0,0,0
nuscenes,scene-1094_017,ty,cm,2,-2,34752,2778,4,0.329509,106,0.0534979,0.174858,0,0,0,0,118,118,256,118,0,0,0,0,0,0,0,0
nuscenes,scene-1094_017,ty,cm,5,5,34752,2828,4,0.323806,109,0.0444,0.174858,0,0,0,0,118,118,258,118,0,0,0,0,0,0,0,0
nuscenes,scene-1094_017,ty,cm,5,-5,34752,2750,4,0.343642,105,0.0643934,0.174858,0,0,0,0,118,118,254,118,0,0,0,0,0,0,0,0
nuscenes,scene-1094_017,ty,cm,10,10,34752,2862,4,0.321761,110,0.0449222,0.174858,0,0,0,0,118,118,256,118,0,0,0,0,0,0,0,0
nuscenes,scene-1094_017,ty,cm,10,-10,34752,2696,4,0.343737,107,0.0714281,0.174858,0,0,0,0,118,118,253,118,0,0,0,0,0,0,0,0
nuscenes,scene-1094_017,ty,cm,20,20,34752,2952,4,0.308098,157,0.0428388,0.174858,0,0,0,0,118,118,264,118,0,0,0,0,0,0,0,0
nuscenes,scene-1094_017,ty,cm,20,-20,34752,2657,4,0.325356,106,0.0618418,0.174858,0,0,0,0,118,118,253,118,0,0,0,0,0,0,0,0
nuscenes,scene-1094_017,tz,cm,2,2,34752,2824,4,0.32317,114,0.0389575,0.174858,0,0,0,0,118,118,257,118,0,0,0,0,0,0,0,0
nuscenes,scene-1094_017,tz,cm,2,-2,34752,2750,4,0.325699,102,0.0494673,0.174858,0,0,0,0,118,118,251,118,0,0,0,0,0,0,0,0
nuscenes,scene-1094_017,tz,cm,5,5,34752,2856,4,0.321365,115,0.0392778,0.174858,0,0,0,0,118,118,259,118,0,0,0,0,0,0,0,0
nuscenes,scene-1094_017,tz,cm,5,-5,34752,2709,4,0.324769,101,0.0506101,0.174858,0,0,0,0,118,118,215,118,0,0,0,0,0,0,0,0
nuscenes,scene-1094_017,tz,cm,10,10,34752,2896,4,0.366358,131,0.0618842,0.174858,0,0,0,0,118,118,259,118,0,0,0,0,0,0,0,0
nuscenes,scene-1094_017,tz,cm,10,-10,34752,2676,4,0.289817,104,0.0202131,0.174858,0,0,0,0,118,118,200,118,0,0,0,0,0,0,0,0
nuscenes,scene-1094_017,tz,cm,20,20,34752,3142,4,0.254885,224,0.0248701,0.174858,0,0,0,0,118,118,264,118,0,0,0,0,0,0,0,0
nuscenes,scene-1094_017,tz,cm,20,-20,34752,2539,4,0.261589,106,-0.0159625,0.174858,0,0,0,0,118,118,200,118,0,0,0,0,0,0,0,0
nuscenes,scene-1094_018,baseline,,0,0,34688,2766,3,0.346597,102,0.0463058,0.181471,0,0,0,0,94,93,191,93,0,0,0,0,0,0,0,0
nuscenes,scene-1094_018,roll,deg,0.25,0.25,34688,2799,3,0.362437,97,0.0707529,0.181471,0,0,0,0,94,93,207,93,0,0,0,0,0,0,0,0
nuscenes,scene-1094_018,roll,deg,0.25,-0.25,34688,2714,3,0.319877,103,0.018722,0.181471,0,0,0,0,94,93,172,93,0,0,0,0,0,0,0,0
nuscenes,scene-1094_018,roll,deg,0.5,0.5,34688,2822,3,0.347534,98,0.0530888,0.181471,0,0,0,0,94,93,211,93,0,0,0,0,0,0,0,0
nuscenes,scene-1094_018,roll,deg,0.5,-0.5,34688,2670,3,0.306911,102,0.0127522,0.181471,0,0,0,0,94,93,164,93,0,0,0,0,0,0,0,0
nuscenes,scene-1094_018,roll,deg,1,1,34688,2851,3,0.335964,95,0.066538,0.181471,0,0,0,0,94,83,208,83,0,0,0,0,0,0,0,0
nuscenes,scene-1094_018,roll,deg,1,-1,34688,2637,3,0.290922,102,-0.00357401,0.181471,0,0,0,0,94,92,178,92,0,0,0,0,0,0,0,0
nuscenes,scene-1094_018,roll,deg,1.5,1.5,34688,2956,3,0.307581,101,0.0323294,0.181471,0,0,0,0,94,83,216,83,0,0,0,0,0,0,0,0
nuscenes,scene-1094_018,roll,deg,1.5,-1.5,34688,2567,3,0.246953,106,-0.0562504,0.181471,0,0,0,0,94,92,151,92,0,0,0,0,0,0,0,0
nuscenes,scene-1094_018,roll,deg,2,2,34688,3006,3,0.279988,96,0.00924996,0.181471,0,0,0,0,94,73,229,73,0,0,0,0,0,0,0,0
nuscenes,scene-1094_018,roll,deg,2,-2,34688,2492,3,0.265853,107,-0.0291704,0.181471,0,0,0,0,94,77,140,77,0,0,0,0,0,0,0,0
nuscenes,scene-1094_018,roll,deg,3,3,34688,3143,3,0.23779,96,-0.0501046,0.181471,0,0,0,0,94,70,276,70,0,0,0,0,0,0,0,0
nuscenes,scene-1094_018,roll,deg,3,-3,34688,2339,3,0.312087,111,0.0153088,0.181471,0,0,0,0,94,46,109,46,0,0,0,0,0,0,0,0
nuscenes,scene-1094_018,pitch,deg,0.25,0.25,34688,2767,3,0.339133,102,0.0360499,0.181471,0,0,0,0,94,93,192,93,0,0,0,0,0,0,0,0
nuscenes,scene-1094_018,pitch,deg,0.25,-0.25,34688,2762,3,0.354139,103,0.0488833,0.181471,0,0,0,0,94,93,193,93,0,0,0,0,0,0,0,0
nuscenes,scene-1094_018,pitch,deg,0.5,0.5,34688,2769,3,0.326008,100,0.0252396,0.181471,0,0,0,0,94,93,194,93,0,0,0,0,0,0,0,0
nuscenes,scene-1094_018,pitch,deg,0.5,-0.5,34688,2761,3,0.340141,100,0.0376216,0.181471,0,0,0,0,94,93,207,93,0,0,0,0,0,0,0,0
nuscenes,scene-1094_018,pitch,deg,1,1,34688,2772,3,0.308426,102,0.0259227,0.181471,0,0,0,0,94,93,186,93,0,0,0,0,0,0,0,0
nuscenes,scene-1094_018,pitch,deg,1,-1,34688,2765,3,0.329596,101,0.0287186,0.181471,0,0,0,0,94,93,209,93,0,0,0,0,0,0,0,0
nuscenes,scene-1094_018,pitch,deg,1.5,1.5,34688,2774,3,0.291069,100,0.0127005,0.181471,0,0,0,0,94,93,193,93,0,0,0,0,0,0,0,0
nuscenes,scene-1094_018,pitch,deg,1.5,-1.5,34688,2764,3,0.316007,103,0.0240789,0.181471,0,0,0,0,94,94,202,94,0,0,0,0,0,0,0,0
nuscenes,scene-1094_018,pitch,deg,2,2,34688,2772,3,0.279848,101,0.013334,0.181471,0,0,0,0,94,93,200,93,0,0,0,0,0,0,0,0
nuscenes,scene-1094_018,pitch,deg,2,-2,34688,2758,3,0.308562,105,0.0191408,0.181471,0,0,0,0,94,94,199,94,0,0,0,0,0,0,0,0
nuscenes,scene-1094_018,pitch,deg,3,3,34688,2774,3,0.283402,103,0.0298415,0.181471,0,0,0,0,94,92,175,92,0,0,0,0,0,0,0,0
nuscenes,scene-1094_018,pitch,deg,3,-3,34688,2756,3,0.299569,103,0.00536919,0.181471,0,0,0,0,94,93,205,93,0,0,0,0,0,0,0,0
nuscenes,scene-1094_018,yaw,deg,0.25,0.25,34688,2757,3,0.357597,100,0.0583931,0.181471,0,0,0,0,94,93,191,93,0,0,0,0,0,0,0,0
nuscenes,scene-1094_018,yaw,deg,0.25,-0.25,34688,2772,3,0.336272,103,0.0555819,0.181471,0,0,0,0,94,93,193,93,0,0,0,0,0,0,0,0
nuscenes,scene-1094_018,yaw,deg,0.5,0.5,34688,2757,3,0.349002,100,0.0453623,0.181471,0,0,0,0,94,91,193,92,0,0,0,0,0,0,0,0
nuscenes,scene-1094_018,yaw,deg,0.5,-0.5,34688,2768,3,0.326564,104,0.0400028,0.181471,0,0,0,0,94,91,192,91,0,0,0,0,0,0,0,0
nuscenes,scene-1094_018,yaw,deg,1,1,34688,2757,3,0.387558,103,0.07932,0.181471,0,0,0,0,94,88,198,91,0,0,0,0,0,0,0,0
nuscenes,scene-1094_018,yaw,deg,1,-1,34688,2779,3,0.351818,107,0.0518497,0.181471,0,0,0,0,94,84,183,84,0,0,0,0,0,0,0,0
nuscenes,scene-1094_018,yaw,deg,1.5,1.5,34688,2748,3,0.413584,103,0.104254,0.181471,0,0,0,0,94,84,205,88,0,0,0,0,0,0,0,0
nuscenes,scene-1094_018,yaw,deg,1.5,-1.5,34688,2785,3,0.370886,111,0.0590602,0.181471,0,0,0,0,94,78,179,78,0,0,0,0,0,0,0,0
nuscenes,scene-1094_018,yaw,deg,2,2,34688,2740,3,0.383176,102,0.0690711,0.181471,0,0,0,0,94,78,208,83,0,0,0,0,0,0,0,0
nuscenes,scene-1094_018,yaw,deg,2,-2,34688,2804,3,0.335618,111,0.0301498,0.181471,0,0,0,0,94,72,181,72,0,0,0,0,0,0,0,0
nuscenes,scene-1094_018,yaw,deg,3,3,34688,2728,3,0.362808,105,0.0422185,0.181471,0,0,0,0,94,62,211,67,0,0,0,0,0,0,0,0
nuscenes,scene-1094_018,yaw,deg,3,-3,34688,2821,3,0.274485,113,-0.0255283,0.181471,0,0,0,0,94,57,178,57,0,0,0,0,0,0,0,0
nuscenes,scene-1094_018,tx,cm,2,2,34688,2765,3,0.33077,102,0.0324196,0.181471,0,0,0,0,94,94,191,94,0,0,0,0,0,0,0,0
nuscenes,scene-1094_018,tx,cm,2,-2,34688,2766,3,0.348846,103,0.0465932,0.181471,0,0,0,0,94,93,194,93,0,0,0,0,0,0,0,0
nuscenes,scene-1094_018,tx,cm,5,5,34688,2763,3,0.355465,100,0.0637858,0.181471,0,0,0,0,94,93,190,93,0,0,0,0,0,0,0,0
nuscenes,scene-1094_018,tx,cm,5,-5,34688,2764,3,0.360648,103,0.0612332,0.181471,0,0,0,0,94,93,192,93,0,0,0,0,0,0,0,0
nuscenes,scene-1094_018,tx,cm,10,10,34688,2764,3,0.328049,106,0.0383684,0.181471,0,0,0,0,94,93,191,93,0,0,0,0,0,0,0,0
nuscenes,scene-1094_018,tx,cm,10,-10,34688,2761,3,0.360204,108,0.0639166,0.181471,0,0,0,0,94,91,191,92,0,0,0,0,0,0,0,0
nuscenes,scene-1094_018,tx,cm,20,20,34688,2771,3,0.353127,104,0.0336846,0.181471,0,0,0,0,94,89,191,89,0,0,0,0,0,0,0,0
nuscenes,scene-1094_018,tx,cm,20,-20,34688,2763,3,0.360893,107,0.0822634,0.181471,0,0,0,0,94,91,192,92,0,0,0,0,0,0,0,0
nuscenes,scene-1094_018,ty,cm,2,2,34688,2778,3,0.337253,103,0.0395468,0.181471,0,0,0,0,94,93,192,93,0,0,0,0,0,0,0,0
nuscenes,scene-1094_018,ty,cm,2,-2,34688,2750,3,0.349569,98,0.0480395,0.181471,0,0,0,0,94,93,191,93,0,0,0,0,0,0,0,0
nuscenes,scene-1094_018,ty,cm,5,5,34688,2796,3,0.333149,102,0.0345845,0.181471,0,0,0,0,94,93,193,93,0,0,0,0,0,0,0,0
nuscenes,scene-1094_018,ty,cm,5,-5,34688,2732,3,0.361674,98,0.0509322,0.181471,0,0,0,0,94,92,189,92,0,0,0,0,0,0,0,0
nuscenes,scene-1094_018,ty,cm,10,10,34688,2827,3,0.317843,107,0.0284491,0.181471,0,0,0,0,94,93,192,93,0,0,0,0,0,0,0,0
nuscenes,scene-1094_018,ty,cm,10,-10,34688,2672,3,0.391029,94,0.0736914,0.181471,0,0,0,0,94,92,186,92,0,0,0,0,0,0,0,0
nuscenes,scene-1094_018,ty,cm,20,20,34688,2968,3,0.265718,190,0.0101203,0.181471,0,0,0,0,94,93,205,94,0,0,0,0,0,0,0,0
nuscenes,scene-1094_018,ty,cm,20,-20,34688,2618,3,0.389292,99,0.0811896,0.181471,0,0,0,0,94,92,189,92,0,0,0,0,0,0,0,0
nuscenes,scene-1094_018,tz,cm,2,2,34688,2794,3,0.387716,98,0.0851761,0.181471,0,0,0,0,94,93,192,93,0,0,0,0,0,0,0,0
nuscenes,scene-1094_018,tz,cm,2,-2,34688,2730,3,0.326179,112,0.0306585,0.181471,0,0,0,0,94,93,191,93,0,0,0,0,0,0,0,0
nuscenes,scene-1094_018,tz,cm,5,5,34688,2822,3,0.412304,100,0.105488,0.181471,0,0,0,0,94,93,203,93,0,0,0,0,0,0,0,0
nuscenes,scene-1094_018,tz,cm,5,-5,34688,2675,3,0.303961,117,0.014482,0.181471,0,0,0,0,94,93,191,93,0,0,0,0,0,0,0,0
nuscenes,scene-1094_018,tz,cm,10,10,34688,2881,3,0.390585,136,0.0565211,0.181471,0,0,0,0,94,93,208,93,0,0,0,0,0,0,0,0
nuscenes,scene-1094_018,tz,cm,10,-10,34688,2644,3,0.260716,120,-0.0226597,0.181471,0,0,0,0,94,93,163,93,0,0,0,0,0,0,0,0
nuscenes,scene-1094_018,tz,cm,20,20,34688,3130,3,0.253045,276,0.0225796,0.181471,0,0,0,0,94,93,221,93,0,0,0,0,0,0,0,0
nuscenes,scene-1094_018,tz,cm,20,-20,34688,2505,3,0.269817,121,-0.0172759,0.181471,0,0,0,0,94,93,162,93,0,0,0,0,0,0,0,0
nuscenes,scene-1094_019,baseline,,0,0,34688,2829,3,0.38371,142,0.0546456,0.17706,0,0,0,0,78,78,187,78,0,0,0,0,0,0,0,0
nuscenes,scene-1094_019,roll,deg,0.25,0.25,34688,2864,3,0.360839,142,0.0526176,0.17706,0,0,0,0,78,78,199,78,0,0,0,0,0,0,0,0
nuscenes,scene-1094_019,roll,deg,0.25,-0.25,34688,2780,3,0.376422,137,0.055016,0.17706,0,0,0,0,78,78,169,78,0,0,0,0,0,0,0,0
nuscenes,scene-1094_019,roll,deg,0.5,0.5,34688,2884,3,0.369435,140,0.0820879,0.17706,0,0,0,0,78,78,192,78,0,0,0,0,0,0,0,0
nuscenes,scene-1094_019,roll,deg,0.5,-0.5,34688,2736,3,0.351771,134,0.0396614,0.17706,0,0,0,0,78,78,167,78,0,0,0,0,0,0,0,0
nuscenes,scene-1094_019,roll,deg,1,1,34688,2913,3,0.34127,139,0.0391254,0.17706,0,0,0,0,78,78,201,78,0,0,0,0,0,0,0,0
nuscenes,scene-1094_019,roll,deg,1,-1,34688,2706,3,0.331844,132,0.027213,0.17706,0,0,0,0,78,77,162,77,0,0,0,0,0,0,0,0
nuscenes,scene-1094_019,roll,deg,1.5,1.5,34688,3016,3,0.328494,134,0.0447955,0.17706,0,0,0,0,78,78,218,78,0,0,0,0,0,0,0,0
nuscenes,scene-1094_019,roll,deg,1.5,-1.5,34688,2633,3,0.326051,131,0.0244513,0.17706,0,0,0,0,78,76,144,76,0,0,0,0,0,0,0,0
nuscenes,scene-1094_019,roll,deg,2,2,34688,3067,3,0.331251,137,0.0628306,0.17706,0,0,0,0,78,56,218,56,0,0,0,0,0,0,0,0
nuscenes,scene-1094_019,roll,deg,2,-2,34688,2560,3,0.351564,130,0.0439864,0.17706,0,0,0,0,78,58,124,58,0,0,0,0,0,0,0,0
nuscenes,scene-1094_019,roll,deg,3,3,34688,3203,3,0.314498,133,0.0290437,0.17706,0,0,0,0,78,43,247,43,0,0,0,0,0,0,0,0
nuscenes,scene-1094_019,roll,deg,3,-3,34688,2411,3,0.368934,129,0.0370881,0.17706,0,0,0,0,78,32,93,32,0,0,0,0,0,0,0,0
nuscenes,scene-1094_019,pitch,deg,0.25,0.25,34688,2829,3,0.365015,144,0.0445823,0.17706,0,0,0,0,78,78,187,78,0,0,0,0,0,0,0,0
nuscenes,scene-1094_019,pitch,deg,0.25,-0.25,34688,2829,3,0.381819,142,0.0461914,0.17706,0,0,0,0,78,78,191,78,0,0,0,0,0,0,0,0
nuscenes,scene-1094_019,pitch,deg,0.5,0.5,34688,2833,3,0.376894,143,0.0567354,0.17706,0,0,0,0,78,78,187,78,0,0,0,0,0,0,0,0
nuscenes,scene-1094_019,pitch,deg,0.5,-0.5,34688,2829,3,0.385692,135,0.0493445,0.17706,0,0,0,0,78,78,199,78,0,0,0,0,0,0,0,0
nuscenes,scene-1094_019,pitch,deg,1,1,34688,2834,3,0.369594,135,0.0634556,0.17706,0,0,0,0,78,78,185,78,0,0,0,0,0,0,0,0
nuscenes,scene-1094_019,pitch,deg,1,-1,34688,2832,3,0.366345,139,0.0416089,0.17706,0,0,0,0,78,78,195,78,0,0,0,0,0,0,0,0
nuscenes,scene-1094_019,pitch,deg,1.5,1.5,34688,2836,3,0.369569,140,0.0625551,0.17706,0,0,0,0,78,78,170,78,0,0,0,0,0,0,0,0
nuscenes,scene-1094_019,pitch,deg,1.5,-1.5,34688,2831,3,0.357975,140,0.0245591,0.17706,0,0,0,0,78,78,193,78,0,0,0,0,0,0,0,0
nuscenes,scene-1094_019,pitch,deg,2,2,34688,2832,3,0.332006,137,0.0446443,0.17706,0,0,0,0,78,77,179,77,0,0,0,0,0,0,0,0
nuscenes,scene-1094_019,pitch,deg,2,-2,34688,2826,3,0.362862,138,0.0316473,0.17706,0,0,0,0,78,78,196,78,0,0,0,0,0,0,0,0
nuscenes,scene-1094_019,pitch,deg,3,3,34688,2836,3,0.324118,138,0.0434181,0.17706,0,0,0,0,78,77,178,77,0,0,0,0,0,0,0,0
nuscenes,scene-1094_019,pitch,deg,3,-3,34688,2823,3,0.365437,132,0.0465861,0.17706,0,0,0,0,78,76,195,76,0,0,0,0,0,0,0,0
nuscenes,scene-1094_019,yaw,deg,0.25,0.25,34688,2822,3,0.409986,135,0.0699629,0.17706,0,0,0,0,78,76,187,76,0,0,0,0,0,0,0,0
nuscenes,scene-1094_019,yaw,deg,0.25,-0.25,34688,2842,3,0.355402,143,0.0276405,0.17706,0,0,0,0,78,78,184,78,0,0,0,0,0,0,0,0
nuscenes,scene-1094_019,yaw,deg,0.5,0.5,34688,2823,3,0.394092,139,0.0500506,0.17706,0,0,0,0,78,76,186,76,0,0,0,0,0,0,0,0
nuscenes,scene-1094_019,yaw,deg,0.5,-0.5,34688,2842,3,0.331429,144,0.00158808,0.17706,0,0,0,0,78,78,183,78,0,0,0,0,0,0,0,0
nuscenes,scene-1094_019,yaw,deg,1,1,34688,2814,3,0.390063,127,0.0587817,0.17706,0,0,0,0,78,72,191,72,0,0,0,0,0,0,0,0
nuscenes,scene-1094_019,yaw,deg,1,-1,34688,2847,3,0.347712,145,0.0235616,0.17706,0,0,0,0,78,75,177,75,0,0,0,0,0,0,0,0
nuscenes,scene-1094_019,yaw,deg,1.5,1.5,34688,2812,3,0.352949,126,0.0218568,0.17706,0,0,0,0,78,69,195,69,0,0,0,0,0,0,0,0
nuscenes,scene-1094_019,yaw,deg,1.5,-1.5,34688,2852,3,0.37063,142,0.0503165,0.17706,0,0,0,0,78,71,176,71,0,0,0,0,0,0,0,0
nuscenes,scene-1094_019,yaw,deg,2,2,34688,2804,3,0.321996,125,0.00964722,0.17706,0,0,0,0,78,63,203,63,0,0,0,0,0,0,0,0
nuscenes,scene-1094_019,yaw,deg,2,-2,34688,2859,3,0.333049,141,0.00633383,0.17706,0,0,0,0,78,65,172,65,0,0,0,0,0,0,0,0
nuscenes,scene-1094_019,yaw,deg,3,3,34688,2785,3,0.356068,119,0.0459811,0.17706,0,0,0,0,78,49,206,49,0,0,0,0,0,0,0,0
nuscenes,scene-1094_019,yaw,deg,3,-3,34688,2874,3,0.304911,142,-0.0158415,0.17706,0,0,0,0,78,54,171,54,0,0,0,0,0,0,0,0
nuscenes,scene-1094_019,tx,cm,2,2,34688,2830,3,0.381203,137,0.0452859,0.17706,0,0,0,0,78,78,188,78,0,0,0,0,0,0,0,0
nuscenes,scene-1094_019,tx,cm,2,-2,34688,2831,3,0.389286,143,0.0620332,0.17706,0,0,0,0,78,78,186,78,0,0,0,0,0,0,0,0
nuscenes,scene-1094_019,tx,cm,5,5,34688,2835,3,0.373745,138,0.0382979,0.17706,0,0,0,0,78,78,184,78,0,0,0,0,0,0,0,0
nuscenes,scene-1094_019,tx,cm,5,-5,34688,2832,3,0.406113,134,0.0715404,0.17706,0,0,0,0,78,77,185,77,0,0,0,0,0,0,0,0
nuscenes,scene-1094_019,tx,cm,10,10,34688,2837,3,0.36488,136,0.0371237,0.17706,0,0,0,0,78,78,184,78,0,0,0,0,0,0,0,0
nuscenes,scene-1094_019,tx,cm,10,-10,34688,2830,3,0.400695,130,0.0762866,0.17706,0,0,0,0,78,76,185,76,0,0,0,0,0,0,0,0
nuscenes,scene-1094_019,tx,cm,20,20,34688,2841,3,0.365249,133,0.0304515,0.17706,0,0,0,0,78,78,185,78,0,0,0,0,0,0,0,0
nuscenes,scene-1094_019,tx,cm,20,-20,34688,2829,3,0.378024,126,0.0563979,0.17706,0,0,0,0,78,75,185,75,0,0,0,0,0,0,0,0
nuscenes,scene-1094_019,ty,cm,2,2,34688,2841,3,0.384925,138,0.0550919,0.17706,0,0,0,0,78,78,188,78,0,0,0,0,0,0,0,0
nuscenes,scene-1094_019,ty,cm,2,-2,34688,2817,3,0.39793,138,0.0591712,0.17706,0,0,0,0,78,78,186,78,0,0,0,0,0,0,0,0
nuscenes,scene-1094_019,ty,cm,5,5,34688,2860,3,0.389798,138,0.0524741,0.17706,0,0,0,0,78,78,189,78,0,0,0,0,0,0,0,0
nuscenes,scene-1094_019,ty,cm,5,-5,34688,2797,3,0.407029,136,0.0728779,0.17706,0,0,0,0,78,78,183,78,0,0,0,0,0,0,0,0
nuscenes,scene-1094_019,ty,cm,10,10,34688,2892,3,0.352193,140,0.030223,0.17706,0,0,0,0,78,78,191,78,0,0,0,0,0,0,0,0
nuscenes,scene-1094_019,ty,cm,10,-10,34688,2742,3,0.415108,133,0.0733859,0.17706,0,0,0,0,78,78,181,78,0,0,0,0,0,0,0,0
nuscenes,scene-1094_019,ty,cm,20,20,34688,3029,3,0.312221,221,0.0385797,0.17706,0,0,0,0,78,78,201,78,0,0,0,0,0,0,0,0
nuscenes,scene-1094_019,ty,cm,20,-20,34688,2694,3,0.419674,128,0.0913236,0.17706,0,0,0,0,78,78,178,78,0,0,0,0,0,0,0,0
nuscenes,scene-1094_019,tz,cm,2,2,34688,2856,3,0.393269,136,0.05991,0.17706,0,0,0,0,78,78,193,78,0,0,0,0,0,0,0,0
nuscenes,scene-1094_019,tz,cm,2,-2,34688,2792,3,0.355949,128,0.0391695,0.17706,0,0,0,0,78,78,185,78,0,0,0,0,0,0,0,0
nuscenes,scene-1094_019,tz,cm,5,5,34688,2884,3,0.350491,155,0.0373397,0.17706,0,0,0,0,78,78,199,78,0,0,0,0,0,0,0,0
nuscenes,scene-1094_019,tz,cm,5,-5,34688,2738,3,0.332313,131,0.0272599,0.17706,0,0,0,0,78,78,175,78,0,0,0,0,0,0,0,0
nuscenes,scene-1094_019,tz,cm,10,10,34688,2936,3,0.359201,170,0.0521695,0.17706,0,0,0,0,78,78,199,78,0,0,0,0,0,0,0,0
nuscenes,scene-1094_019,tz,cm,10,-10,34688,2708,3,0.293609,150,0.0152079,0.17706,0,0,0,0,78,78,169,78,0,0,0,0,0,0,0,0
nuscenes,scene-1094_019,tz,cm,20,20,34688,3194,3,0.242151,321,0.0169605,0.17706,0,0,0,0,78,78,200,78,0,0,0,0,0,0,0,0
nuscenes,scene-1094_019,tz,cm,20,-20,34688,2569,3,0.270981,158,0.00875238,0.17706,0,0,0,0,78,78,159,78,0,0,0,0,0,0,0,0
nuscenes,scene-1094_020,baseline,,0,0,34720,2805,2,0.324726,169,0.0195014,0.173865,0,0,0,0,61,61,96,61,0,0,0,0,0,0,0,0
nuscenes,scene-1094_020,roll,deg,0.25,0.25,34720,2838,2,0.325243,169,0.0229919,0.173865,0,0,0,0,61,61,113,61,0,0,0,0,0,0,0,0
nuscenes,scene-1094_020,roll,deg,0.25,-0.25,34720,2758,2,0.325464,167,0.0272615,0.173865,0,0,0,0,61,61,108,61,0,0,0,0,0,0,0,0
nuscenes,scene-1094_020,roll,deg,0.5,0.5,34720,2858,2,0.314621,169,0.0142809,0.173865,0,0,0,0,61,55,103,55,0,0,0,0,0,0,0,0
nuscenes,scene-1094_020,roll,deg,0.5,-0.5,34720,2711,2,0.303569,167,0.0102633,0.173865,0,0,0,0,61,61,105,61,0,0,0,0,0,0,0,0
nuscenes,scene-1094_020,roll,deg,1,1,34720,2889,2,0.305497,169,0.0175082,0.173865,0,0,0,0,61,55,122,55,0,0,0,0,0,0,0,0
nuscenes,scene-1094_020,roll,deg,1,-1,34720,2678,2,0.264629,167,-0.0309146,0.173865,0,0,0,0,61,61,96,61,0,0,0,0,0,0,0,0
nuscenes,scene-1094_020,roll,deg,1.5,1.5,34720,2993,2,0.301459,174,0.0524233,0.173865,0,0,0,0,61,54,140,54,0,0,0,0,0,0,0,0
nuscenes,scene-1094_020,roll,deg,1.5,-1.5,34720,2613,2,0.290688,167,-0.0018639,0.173865,0,0,0,0,61,46,85,46,0,0,0,0,0,0,0,0
nuscenes,scene-1094_020,roll,deg,2,2,34720,3044,2,0.306957,173,0.0649935,0.173865,0,0,0,0,61,51,143,51,0,0,0,0,0,0,0,0
nuscenes,scene-1094_020,roll,deg,2,-2,34720,2535,2,0.304058,167,0.0250292,0.173865,0,0,0,0,61,38,74,38,0,0,0,0,0,0,0,0
nuscenes,scene-1094_020,roll,deg,3,3,34720,3180,2,0.279281,177,0.0291156,0.173865,0,0,0,0,61,36,157,36,0,0,0,0,0,0,0,0
nuscenes,scene-1094_020,roll,deg,3,-3,34720,2388,2,0.27385,167,-0.0149607,0.173865,0,0,0,0,61,25,64,25,0,0,0,0,0,0,0,0
nuscenes,scene-1094_020,pitch,deg,0.25,0.25,34720,2806,2,0.325972,170,0.0215588,0.173865,0,0,0,0,61,61,101,61,0,0,0,0,0,0,0,0
nuscenes,scene-1094_020,pitch,deg,0.25,-0.25,34720,2804,2,0.32828,167,0.0250754,0.173865,0,0,0,0,61,61,96,61,0,0,0,0,0,0,0,0
nuscenes,scene-1094_020,pitch,deg,0.5,0.5,34720,2810,2,0.319676,171,0.0230298,0.173865,0,0,0,0,61,61,108,61,0,0,0,0,0,0,0,0
nuscenes,scene-1094_020,pitch,deg,0.5,-0.5,34720,2805,2,0.306379,167,0.00609776,0.173865,0,0,0,0,61,61,96,61,0,0,0,0,0,0,0,0
nuscenes,scene-1094_020,pitch,deg,1,1,34720,2810,2,0.310438,174,0.0230131,0.173865,0,0,0,0,61,61,106,61,0,0,0,0,0,0,0,0
nuscenes,scene-1094_020,pitch,deg,1,-1,34720,2804,2,0.313431,168,0.0123611,0.173865,0,0,0,0,61,61,95,61,0,0,0,0,0,0,0,0
nuscenes,scene-1094_020,pitch,deg,1.5,1.5,34720,2811,2,0.302308,171,0.0182329,0.173865,0,0,0,0,61,61,104,61,0,0,0,0,0,0,0,0
nuscenes,scene-1094_020,pitch,deg,1.5,-1.5,34720,2806,2,0.287559,167,-0.0207424,0.173865,0,0,0,0,61,61,107,61,0,0,0,0,0,0,0,0
nuscenes,scene-1094_020,pitch,deg,2,2,34720,2813,2,0.295052,177,0.0140335,0.173865,0,0,0,0,61,61,102,61,0,0,0,0,0,0,0,0
nuscenes,scene-1094_020,pitch,deg,2,-2,34720,2806,2,0.286331,167,-0.0256994,0.173865,0,0,0,0,61,61,113,61,0,0,0,0,0,0,0,0
nuscenes,scene-1094_020,pitch,deg,3,3,34720,2810,2,0.253446,175,-0.00659367,0.173865,0,0,0,0,61,59,96,59,0,0,0,0,0,0,0,0
nuscenes,scene-1094_020,pitch,deg,3,-3,34720,2799,2,0.266807,172,-0.0338414,0.173865,0,0,0,0,61,60,120,60,0,0,0,0,0,0,0,0
nuscenes,scene-1094_020,yaw,deg,0.25,0.25,34720,2802,2,0.336258,172,0.0314812,0.173865,0,0,0,0,61,59,95,59,0,0,0,0,0,0,0,0
nuscenes,scene-1094_020,yaw,deg,0.25,-0.25,34720,2813,2,0.302069,173,0.00125596,0.173865,0,0,0,0,61,61,95,61,0,0,0,0,0,0,0,0
nuscenes,scene-1094_020,yaw,deg,0.5,0.5,34720,2792,2,0.325132,169,0.029684,0.173865,0,0,0,0,61,58,90,58,0,0,0,0,0,0,0,0
nuscenes,scene-1094_020,yaw,deg,0.5,-0.5,34720,2815,2,0.291341,176,0.000808448,0.173865,0,0,0,0,61,61,99,61,0,0,0,0,0,0,0,0
nuscenes,scene-1094_020,yaw,deg,1,1,34720,2793,2,0.296158,170,0.0165227,0.173865,0,0,0,0,61,55,95,55,0,0,0,0,0,0,0,0
nuscenes,scene-1094_020,yaw,deg,1,-1,34720,2821,2,0.309516,177,0.0192393,0.173865,0,0,0,0,61,58,99,58,0,0,0,0,0,0,0,0
nuscenes,scene-1094_020,yaw,deg,1.5,1.5,34720,2788,2,0.300977,168,0.0249577,0.173865,0,0,0,0,61,51,91,51,0,0,0,0,0,0,0,0
nuscenes,scene-1094_020,yaw,deg,1.5,-1.5,34720,2832,2,0.296996,180,0.0121588,0.173865,0,0,0,0,61,52,96,52,0,0,0,0,0,0,0,0
nuscenes,scene-1094_020,yaw,deg,2,2,34720,2783,2,0.308672,170,0.0428441,0.173865,0,0,0,0,61,44,87,44,0,0,0,0,0,0,0,0
nuscenes,scene-1094_020,yaw,deg,2,-2,34720,2840,2,0.291274,181,0.00929525,0.173865,0,0,0,0,61,47,97,47,0,0,0,0,0,0,0,0
nuscenes,scene-1094_020,yaw,deg,3,3,34720,2765,2,0.31423,153,0.0246678,0.173865,0,0,0,0,61,35,78,35,0,0,0,0,0,0,0,0
nuscenes,scene-1094_020,yaw,deg,3,-3,34720,2863,2,0.302195,192,0.0252331,0.173865,0,0,0,0,61,36,103,36,0,0,0,0,0,0,0,0
nuscenes,scene-1094_020,tx,cm,2,2,34720,2805,2,0.316443,169,0.0132692,0.173865,0,0,0,0,61,61,98,61,0,0,0,0,0,0,0,0
nuscenes,scene-1094_020,tx,cm,2,-2,34720,2802,2,0.332652,172,0.0262711,0.173865,0,0,0,0,61,61,96,61,0,0,0,0,0,0,0,0
nuscenes,scene-1094_020,tx,cm,5,5,34720,2812,2,0.301725,165,0.00251716,0.173865,0,0,0,0,61,61,98,61,0,0,0,0,0,0,0,0
nuscenes,scene-1094_020,tx,cm,5,-5,34720,2798,2,0.310517,177,0.00909379,0.173865,0,0,0,0,61,61,95,61,0,0,0,0,0,0,0,0
nuscenes,scene-1094_020,tx,cm,10,10,34720,2818,2,0.301373,164,-0.00300494,0.173865,0,0,0,0,61,61,97,61,0,0,0,0,0,0,0,0
nuscenes,scene-1094_020,tx,cm,10,-10,34720,2799,2,0.318623,177,0.0192271,0.173865,0,0,0,0,61,58,91,58,0,0,0,0,0,0,0,0
nuscenes,scene-1094_020,tx,cm,20,20,34720,2823,2,0.310527,160,-0.00592744,0.173865,0,0,0,0,61,61,100,61,0,0,0,0,0,0,0,0
nuscenes,scene-1094_020,tx,cm,20,-20,34720,2787,2,0.316788,182,0.0316195,0.173865,0,0,0,0,61,56,91,56,0,0,0,0,0,0,0,0
nuscenes,scene-1094_020,ty,cm,2,2,34720,2820,2,0.324798,167,0.0242448,0.173865,0,0,0,0,61,61,96,61,0,0,0,0,0,0,0,0
nuscenes,scene-1094_020,ty,cm,2,-2,34720,2792,2,0.328248,168,0.019968,0.173865,0,0,0,0,61,61,97,61,0,0,0,0,0,0,0,0
nuscenes,scene-1094_020,ty,cm,5,5,34720,2846,2,0.318352,172,0.0196947,0.173865,0,0,0,0,61,61,96,61,0,0,0,0,0,0,0,0
nuscenes,scene-1094_020,ty,cm,5,-5,34720,2763,2,0.325446,170,0.0229799,0.173865,0,0,0,0,61,61,98,61,0,0,0,0,0,0,0,0
nuscenes,scene-1094_020,ty,cm,10,10,34720,2878,2,0.302861,169,0.00407961,0.173865,0,0,0,0,61,61,95,61,0,0,0,0,0,0,0,0
nuscenes,scene-1094_020,ty,cm,10,-10,34720,2710,2,0.321655,170,0.0157918,0.173865,0,0,0,0,61,61,96,61,0,0,0,0,0,0,0,0
nuscenes,scene-1094_020,ty,cm,20,20,34720,3021,2,0.267776,275,0.00213274,0.173865,0,0,0,0,61,61,102,61,0,0,0,0,0,0,0,0
nuscenes,scene-1094_020,ty,cm,20,-20,34720,2651,2,0.299147,173,0.00428024,0.173865,0,0,0,0,61,61,95,61,0,0,0,0,0,0,0,0
nuscenes,scene-1094_020,tz,cm,2,2,34720,2833,2,0.32783,175,0.0171958,0.173865,0,0,0,0,61,61,101,61,0,0,0,0,0,0,0,0
nuscenes,scene-1094_020,tz,cm,2,-2,34720,2770,2,0.321986,165,0.0291512,0.173865,0,0,0,0,61,61,96,61,0,0,0,0,0,0,0,0
nuscenes,scene-1094_020,tz,cm,5,5,34720,2860,2,0.326656,178,0.0282975,0.173865,0,0,0,0,61,61,113,61,0,0,0,0,0,0,0,0
nuscenes,scene-1094_020,tz,cm,5,-5,34720,2712,2,0.311823,155,0.037295,0.173865,0,0,0,0,61,61,101,61,0,0,0,0,0,0,0,0
nuscenes,scene-1094_020,tz,cm,10,10,34720,2922,2,0.325176,208,0.0218235,0.173865,0,0,0,0,61,61,119,61,0,0,0,0,0,0,0,0
nuscenes,scene-1094_020,tz,cm,10,-10,34720,2684,2,0.30915,147,0.0378398,0.173865,0,0,0,0,61,61,107,61,0,0,0,0,0,0,0,0
nuscenes,scene-1094_020,tz,cm,20,20,34720,3165,2,0.26504,322,0.0242303,0.173865,0,0,0,0,61,55,123,55,0,0,0,0,0,0,0,0
nuscenes,scene-1094_020,tz,cm,20,-20,34720,2548,2,0.245637,169,-0.00244811,0.173865,0,0,0,0,61,61,96,61,0,0,0,0,0,0,0,0
nuscenes,scene-1094_021,baseline,,0,0,34688,2784,2,0.356164,174,0.0607335,0.16014,0,0,0,0,41,41,93,41,0,0,0,0,0,0,0,0
nuscenes,scene-1094_021,roll,deg,0.25,0.25,34688,2817,2,0.350133,178,0.0512309,0.16014,0,0,0,0,41,41,92,41,0,0,0,0,0,0,0,0
nuscenes,scene-1094_021,roll,deg,0.25,-0.25,34688,2719,2,0.387205,176,0.0780388,0.16014,0,0,0,0,41,41,77,41,0,0,0,0,0,0,0,0
nuscenes,scene-1094_021,roll,deg,0.5,0.5,34688,2841,2,0.365687,182,0.0655588,0.16014,0,0,0,0,41,41,91,41,0,0,0,0,0,0,0,0
nuscenes,scene-1094_021,roll,deg,0.5,-0.5,34688,2694,2,0.404805,176,0.0855,0.16014,0,0,0,0,41,41,75,41,0,0,0,0,0,0,0,0
nuscenes,scene-1094_021,roll,deg,1,1,34688,2866,2,0.340653,185,0.0524206,0.16014,0,0,0,0,41,39,102,39,0,0,0,0,0,0,0,0
nuscenes,scene-1094_021,roll,deg,1,-1,34688,2661,2,0.356606,174,0.0505569,0.16014,0,0,0,0,41,41,67,41,0,0,0,0,0,0,0,0
nuscenes,scene-1094_021,roll,deg,1.5,1.5,34688,2964,2,0.282847,184,0.0110009,0.16014,0,0,0,0,41,39,115,39,0,0,0,0,0,0,0,0
nuscenes,scene-1094_021,roll,deg,1.5,-1.5,34688,2590,2,0.349141,176,0.0483211,0.16014,0,0,0,0,41,33,60,33,0,0,0,0,0,0,0,0
nuscenes,scene-1094_021,roll,deg,2,2,34688,3015,2,0.31391,187,0.0403169,0.16014,0,0,0,0,41,39,115,39,0,0,0,0,0,0,0,0
nuscenes,scene-1094_021,roll,deg,2,-2,34688,2520,2,0.347371,173,0.0185598,0.16014,0,0,0,0,41,25,51,25,0,0,0,0,0,0,0,0
nuscenes,scene-1094_021,roll,deg,3,3,34688,3147,2,0.28583,192,0.0358087,0.16014,0,0,0,0,41,22,123,22,0,0,0,0,0,0,0,0
nuscenes,scene-1094_021,roll,deg,3,-3,34688,2379,2,0.355099,173,0.044358,0.16014,0,0,0,0,41,14,34,14,0,0,0,0,0,0,0,0
nuscenes,scene-1094_021,pitch,deg,0.25,0.25,34688,2784,2,0.347665,176,0.0535126,0.16014,0,0,0,0,41,41,94,41,0,0,0,0,0,0,0,0
nuscenes,scene-1094_021,pitch,deg,0.25,-0.25,34688,2783,2,0.363575,177,0.0615635,0.16014,0,0,0,0,41,41,93,41,0,0,0,0,0,0,0,0
nuscenes,scene-1094_021,pitch,deg,0.5,0.5,34688,2783,2,0.3588,178,0.0595655,0.16014,0,0,0,0,41,41,93,41,0,0,0,0,0,0,0,0
nuscenes,scene-1094_021,pitch,deg,0.5,-0.5,34688,2781,2,0.368565,179,0.0574028,0.16014,0,0,0,0,41,41,92,41,0,0,0,0,0,0,0,0
nuscenes,scene-1094_021,pitch,deg,1,1,34688,2779,2,0.358491,173,0.0688803,0.16014,0,0,0,0,41,41,90,41,0,0,0,0,0,0,0,0
nuscenes,scene-1094_021,pitch,deg,1,-1,34688,2787,2,0.393688,179,0.0743358,0.16014,0,0,0,0,41,41,93,41,0,0,0,0,0,0,0,0
nuscenes,scene-1094_021,pitch,deg,1.5,1.5,34688,2778,2,0.349484,178,0.0582165,0.16014,0,0,0,0,41,41,82,41,0,0,0,0,0,0,0,0
nuscenes,scene-1094_021,pitch,deg,1.5,-1.5,34688,2786,2,0.395807,181,0.0746152,0.16014,0,0,0,0,41,39,92,39,0,0,0,0,0,0,0,0
nuscenes,scene-1094_021,pitch,deg,2,2,34688,2773,2,0.34591,175,0.0589773,0.16014,0,0,0,0,41,41,80,41,0,0,0,0,0,0,0,0
nuscenes,scene-1094_021,pitch,deg,2,-2,34688,2786,2,0.387156,179,0.073501,0.16014,0,0,0,0,41,39,101,39,0,0,0,0,0,0,0,0
nuscenes,scene-1094_021,pitch,deg,3,3,34688,2775,2,0.340533,178,0.057298,0.16014,0,0,0,0,41,41,79,41,0,0,0,0,0,0,0,0
nuscenes,scene-1094_021,pitch,deg,3,-3,34688,2782,2,0.365077,177,0.0601106,0.16014,0,0,0,0,41,39,103,39,0,0,0,0,0,0,0,0
nuscenes,scene-1094_021,yaw,deg,0.25,0.25,34688,2786,2,0.358201,175,0.0601741,0.16014,0,0,0,0,41,39,89,39,0,0,0,0,0,0,0,0
nuscenes,scene-1094_021,yaw,deg,0.25,-0.25,34688,2775,2,0.330707,176,0.048537,0.16014,0,0,0,0,41,41,93,41,0,0,0,0,0,0,0,0
nuscenes,scene-1094_021,yaw,deg,0.5,0.5,34688,2784,2,0.337072,176,0.0466857,0.16014,0,0,0,0,41,39,91,39,0,0,0,0,0,0,0,0
nuscenes,scene-1094_021,yaw,deg,0.5,-0.5,34688,2770,2,0.302016,175,0.0122433,0.16014,0,0,0,0,41,41,94,41,0,0,0,0,0,0,0,0
nuscenes,scene-1094_021,yaw,deg,1,1,34688,2790,2,0.32065,174,0.0477062,0.16014,0,0,0,0,41,36,90,36,0,0,0,0,0,0,0,0
nuscenes,scene-1094_021,yaw,deg,1,-1,34688,2777,2,0.29779,181,0.00778857,0.16014,0,0,0,0,41,38,92,38,0,0,0,0,0,0,0,0
nuscenes,scene-1094_021,yaw,deg,1.5,1.5,34688,2780,2,0.333417,174,0.069509,0.16014,0,0,0,0,41,31,84,31,0,0,0,0,0,0,0,0
nuscenes,scene-1094_021,yaw,deg,1.5,-1.5,34688,2768,2,0.307029,178,0.00352287,0.16014,0,0,0,0,41,35,91,35,0,0,0,0,0,0,0,0
nuscenes,scene-1094_021,yaw,deg,2,2,34688,2771,2,0.30686,179,0.0370812,0.16014,0,0,0,0,41,26,84,26,0,0,0,0,0,0,0,0
nuscenes,scene-1094_021,yaw,deg,2,-2,34688,2774,2,0.318233,178,0.0237674,0.16014,0,0,0,0,41,31,90,31,0,0,0,0,0,0,0,0
nuscenes,scene-1094_021,yaw,deg,3,3,34688,2762,2,0.289217,171,0.0149937,0.16014,0,0,0,0,41,16,81,16,0,0,0,0,0,0,0,0
nuscenes,scene-1094_021,yaw,deg,3,-3,34688,2799,2,0.283889,191,0.00843051,0.16014,0,0,0,0,41,20,88,20,0,0,0,0,0,0,0,0
nuscenes,scene-1094_021,tx,cm,2,2,34688,2783,2,0.351731,175,0.0583932,0.16014,0,0,0,0,41,41,95,41,0,0,0,0,0,0,0,0
nuscenes,scene-1094_021,tx,cm,2,-2,34688,2781,2,0.35884,180,0.0647555,0.16014,0,0,0,0,41,41,93,41,0,0,0,0,0,0,0,0
nuscenes,scene-1094_021,tx,cm,5,5,34688,2782,2,0.340116,174,0.0560223,0.16014,0,0,0,0,41,41,93,41,0,0,0,0,0,0,0,0
nuscenes,scene-1094_021,tx,cm,5,-5,34688,2782,2,0.358677,181,0.0638123,0.16014,0,0,0,0,41,41,93,41,0,0,0,0,0,0,0,0
nuscenes,scene-1094_021,tx,cm,10,10,34688,2783,2,0.326961,178,0.0511978,0.16014,0,0,0,0,41,41,93,41,0,0,0,0,0,0,0,0
nuscenes,scene-1094_021,tx,cm,10,-10,34688,2784,2,0.370241,182,0.0738912,0.16014,0,0,0,0,41,39,89,39,0,0,0,0,0,0,0,0
nuscenes,scene-1094_021,tx,cm,20,20,34688,2781,2,0.320821,196,0.0471383,0.16014,0,0,0,0,41,40,95,40,0,0,0,0,0,0,0,0
nuscenes,scene-1094_021,tx,cm,20,-20,34688,2782,2,0.339341,174,0.0494558,0.16014,0,0,0,0,41,37,88,37,0,0,0,0,0,0,0,0
nuscenes,scene-1094_021,ty,cm,2,2,34688,2798,2,0.350579,176,0.0562885,0.16014,0,0,0,0,41,41,93,41,0,0,0,0,0,0,0,0
nuscenes,scene-1094_021,ty,cm,2,-2,34688,2767,2,0.353369,175,0.0606855,0.16014,0,0,0,0,41,41,93,41,0,0,0,0,0,0,0,0
nuscenes,scene-1094_021,ty,cm,5,5,34688,2815,2,0.347217,176,0.0554439,0.16014,0,0,0,0,41,41,93,41,0,0,0,0,0,0,0,0
nuscenes,scene-1094_021,ty,cm,5,-5,34688,2741,2,0.356493,178,0.0607503,0.16014,0,0,0,0,41,41,93,41,0,0,0,0,0,0,0,0
nuscenes,scene-1094_021,ty,cm,10,10,34688,2846,2,0.344548,178,0.058179,0.16014,0,0,0,0,41,41,93,41,0,0,0,0,0,0,0,0
nuscenes,scene-1094_021,ty,cm,10,-10,34688,2681,2,0.358955,179,0.0655277,0.16014,0,0,0,0,41,41,92,41,0,0,0,0,0,0,0,0
nuscenes,scene-1094_021,ty,cm,20,20,34688,2950,2,0.293814,235,0.0353524,0.16014,0,0,0,0,41,41,96,41,0,0,0,0,0,0,0,0
nuscenes,scene-1094_021,ty,cm,20,-20,34688,2648,2,0.352605,176,0.0569736,0.16014,0,0,0,0,41,41,92,41,0,0,0,0,0,0,0,0
nuscenes,scene-1094_021,tz,cm,2,2,34688,2813,2,0.358474,187,0.0536559,0.16014,0,0,0,0,41,41,93,41,0,0,0,0,0,0,0,0
nuscenes,scene-1094_021,tz,cm,2,-2,34688,2741,2,0.357185,176,0.0614637,0.16014,0,0,0,0,41,41,93,41,0,0,0,0,0,0,0,0
nuscenes,scene-1094_021,tz,cm,5,5,34688,2841,2,0.356239,198,0.0559169,0.16014,0,0,0,0,41,41,93,41,0,0,0,0,0,0,0,0
nuscenes,scene-1094_021,tz,cm,5,-5,34688,2700,2,0.356215,170,0.0593798,0.16014,0,0,0,0,41,41,84,41,0,0,0,0,0,0,0,0
nuscenes,scene-1094_021,tz,cm,10,10,34688,2868,2,0.32475,216,0.0374889,0.16014,0,0,0,0,41,41,93,41,0,0,0,0,0,0,0,0
nuscenes,scene-1094_021,tz,cm,10,-10,34688,2670,2,0.352482,171,0.0708067,0.16014,0,0,0,0,41,41,75,41,0,0,0,0,0,0,0,0
nuscenes,scene-1094_021,tz,cm,20,20,34688,3134,2,0.258976,337,0.0204398,0.16014,0,0,0,0,41,39,107,39,0,0,0,0,0,0,0,0
nuscenes,scene-1094_021,tz,cm,20,-20,34688,2536,2,0.35285,173,0.0665019,0.16014,0,0,0,0,41,41,67,41,0,0,0,0,0,0,0,0
nuscenes,scene-1094_022,baseline,,0,0,34656,2873,2,0.250089,199,0.0409428,0.135218,0,0,0,0,49,49,99,49,0,0,0,0,0,0,0,0
nuscenes,scene-1094_022,roll,deg,0.25,0.25,34656,2903,2,0.247288,202,0.0325835,0.135218,0,0,0,0,49,49,97,49,0,0,0,0,0,0,0,0
nuscenes,scene-1094_022,roll,deg,0.25,-0.25,34656,2811,2,0.253881,201,0.0497252,0.135218,0,0,0,0,49,49,86,49,0,0,0,0,0,0,0,0
nuscenes,scene-1094_022,roll,deg,0.5,0.5,34656,2921,2,0.242723,203,0.0370659,0.135218,0,0,0,0,49,49,107,49,0,0,0,0,0,0,0,0
nuscenes,scene-1094_022,roll,deg,0.5,-0.5,34656,2785,2,0.24976,198,0.0443317,0.135218,0,0,0,0,49,49,86,49,0,0,0,0,0,0,0,0
nuscenes,scene-1094_022,roll,deg,1,1,34656,2954,2,0.209884,206,0.0253014,0.135218,0,0,0,0,49,48,115,48,0,0,0,0,0,0,0,0
nuscenes,scene-1094_022,roll,deg,1,-1,34656,2751,2,0.260369,198,0.0457978,0.135218,0,0,0,0,49,49,85,49,0,0,0,0,0,0,0,0
nuscenes,scene-1094_022,roll,deg,1.5,1.5,34656,3057,2,0.185186,203,0.00180314,0.135218,0,0,0,0,49,48,123,48,0,0,0,0,0,0,0,0
nuscenes,scene-1094_022,roll,deg,1.5,-1.5,34656,2682,2,0.261931,197,0.0415374,0.135218,0,0,0,0,49,36,65,36,0,0,0,0,0,0,0,0
nuscenes,scene-1094_022,roll,deg,2,2,34656,3097,2,0.181523,209,0.00720191,0.135218,0,0,0,0,49,48,143,48,0,0,0,0,0,0,0,0
nuscenes,scene-1094_022,roll,deg,2,-2,34656,2617,2,0.238697,194,0.0133397,0.135218,0,0,0,0,49,24,55,24,0,0,0,0,0,0,0,0
nuscenes,scene-1094_022,roll,deg,3,3,34656,3229,2,0.156044,213,-0.00763449,0.135218,0,0,0,0,49,25,138,25,0,0,0,0,0,0,0,0
nuscenes,scene-1094_022,roll,deg,3,-3,34656,2472,2,0.241658,187,-0.00864436,0.135218,0,0,0,0,49,14,36,14,0,0,0,0,0,0,0,0
nuscenes,scene-1094_022,pitch,deg,0.25,0.25,34656,2873,2,0.247439,200,0.0371977,0.135218,0,0,0,0,49,49,100,49,0,0,0,0,0,0,0,0
nuscenes,scene-1094_022,pitch,deg,0.25,-0.25,34656,2875,2,0.25851,199,0.0545148,0.135218,0,0,0,0,49,49,97,49,0,0,0,0,0,0,0,0
nuscenes,scene-1094_022,pitch,deg,0.5,0.5,34656,2872,2,0.237996,199,0.0271695,0.135218,0,0,0,0,49,49,103,49,0,0,0,0,0,0,0,0
nuscenes,scene-1094_022,pitch,deg,0.5,-0.5,34656,2873,2,0.256063,199,0.0555158,0.135218,0,0,0,0,49,49,97,49,0,0,0,0,0,0,0,0
nuscenes,scene-1094_022,pitch,deg,1,1,34656,2872,2,0.237574,198,0.0286862,0.135218,0,0,0,0,49,49,98,49,0,0,0,0,0,0,0,0
nuscenes,scene-1094_022,pitch,deg,1,-1,34656,2876,2,0.257493,197,0.0541197,0.135218,0,0,0,0,49,49,103,49,0,0,0,0,0,0,0,0
nuscenes,scene-1094_022,pitch,deg,1.5,1.5,34656,2875,2,0.241326,199,0.0329468,0.135218,0,0,0,0,49,48,93,48,0,0,0,0,0,0,0,0
nuscenes,scene-1094_022,pitch,deg,1.5,-1.5,34656,2868,2,0.253537,198,0.0473057,0.135218,0,0,0,0,49,49,108,49,0,0,0,0,0,0,0,0
nuscenes,scene-1094_022,pitch,deg,2,2,34656,2875,2,0.244101,203,0.0403174,0.135218,0,0,0,0,49,48,92,48,0,0,0,0,0,0,0,0
nuscenes,scene-1094_022,pitch,deg,2,-2,34656,2869,2,0.261398,201,0.0526024,0.135218,0,0,0,0,49,48,115,48,0,0,0,0,0,0,0,0
nuscenes,scene-1094_022,pitch,deg,3,3,34656,2875,2,0.229982,196,0.0374466,0.135218,0,0,0,0,49,48,79,48,0,0,0,0,0,0,0,0
nuscenes,scene-1094_022,pitch,deg,3,-3,34656,2872,2,0.257514,205,0.0374867,0.135218,0,0,0,0,49,48,110,48,0,0,0,0,0,0,0,0
nuscenes,scene-1094_022,yaw,deg,0.25,0.25,34656,2870,2,0.249805,197,0.0356969,0.135218,0,0,0,0,49,48,96,48,0,0,0,0,0,0,0,0
nuscenes,scene-1094_022,yaw,deg,0.25,-0.25,34656,2879,2,0.222409,203,0.0256195,0.135218,0,0,0,0,49,49,101,49,0,0,0,0,0,0,0,0
nuscenes,scene-1094_022,yaw,deg,0.5,0.5,34656,2866,2,0.244063,196,0.0362723,0.135218,0,0,0,0,49,46,94,46,0,0,0,0,0,0,0,0
nuscenes,scene-1094_022,yaw,deg,0.5,-0.5,34656,2882,2,0.230427,198,0.0345082,0.135218,0,0,0,0,49,49,100,49,0,0,0,0,0,0,0,0
nuscenes,scene-1094_022,yaw,deg,1,1,34656,2865,2,0.271976,200,0.048018,0.135218,0,0,0,0,49,46,92,47,0,0,0,0,0,0,0,0
nuscenes,scene-1094_022,yaw,deg,1,-1,34656,2890,2,0.229501,203,0.0340448,0.135218,0,0,0,0,49,46,101,46,0,0,0,0,0,0,0,0
nuscenes,scene-1094_022,yaw,deg,1.5,1.5,34656,2866,2,0.260368,198,0.044638,0.135218,0,0,0,0,49,43,94,45,0,0,0,0,0,0,0,0
nuscenes,scene-1094_022,yaw,deg,1.5,-1.5,34656,2891,2,0.234496,198,0.0234874,0.135218,0,0,0,0,49,40,94,40,0,0,0,0,0,0,0,0
nuscenes,scene-1094_022,yaw,deg,2,2,34656,2861,2,0.243936,198,0.0309945,0.135218,0,0,0,0,49,40,93,42,0,0,0,0,0,0,0,0
nuscenes,scene-1094_022,yaw,deg,2,-2,34656,2901,2,0.206529,204,-0.00617449,0.135218,0,0,0,0,49,39,98,39,0,0,0,0,0,0,0,0
nuscenes,scene-1094_022,yaw,deg,3,3,34656,2854,2,0.245771,191,0.0354461,0.135218,0,0,0,0,49,31,89,33,0,0,0,0,0,0,0,0
nuscenes,scene-1094_022,yaw,deg,3,-3,34656,2919,2,0.206719,208,-0.011401,0.135218,0,0,0,0,49,28,92,28,0,0,0,0,0,0,0,0
nuscenes,scene-1094_022,tx,cm,2,2,34656,2880,2,0.247027,196,0.0417484,0.135218,0,0,0,0,49,49,99,49,0,0,0,0,0,0,0,0
nuscenes,scene-1094_022,tx,cm,2,-2,34656,2872,2,0.244445,199,0.0377928,0.135218,0,0,0,0,49,49,99,49,0,0,0,0,0,0,0,0
nuscenes,scene-1094_022,tx,cm,5,5,34656,2879,2,0.236747,196,0.0385309,0.135218,0,0,0,0,49,49,100,49,0,0,0,0,0,0,0,0
nuscenes,scene-1094_022,tx,cm,5,-5,34656,2863,2,0.239254,199,0.029625,0.135218,0,0,0,0,49,48,98,48,0,0,0,0,0,0,0,0
nuscenes,scene-1094_022,tx,cm,10,10,34656,2882,2,0.228899,197,0.0314187,0.135218,0,0,0,0,49,49,100,49,0,0,0,0,0,0,0,0
nuscenes,scene-1094_022,tx,cm,10,-10,34656,2859,2,0.240641,199,0.0292068,0.135218,0,0,0,0,49,48,98,48,0,0,0,0,0,0,0,0
nuscenes,scene-1094_022,tx,cm,20,20,34656,2896,2,0.250739,213,0.0426102,0.135218,0,0,0,0,49,49,102,49,0,0,0,0,0,0,0,0
nuscenes,scene-1094_022,tx,cm,20,-20,34656,2844,2,0.24355,191,0.0291445,0.135218,0,0,0,0,49,46,93,46,0,0,0,0,0,0,0,0
nuscenes,scene-1094_022,ty,cm,2,2,34656,2889,2,0.24349,200,0.0409498,0.135218,0,0,0,0,49,49,100,49,0,0,0,0,0,0,0,0
nuscenes,scene-1094_022,ty,cm,2,-2,34656,2858,2,0.246414,196,0.0412975,0.135218,0,0,0,0,49,49,99,49,0,0,0,0,0,0,0,0
nuscenes,scene-1094_022,ty,cm,5,5,34656,2908,2,0.242298,199,0.0386115,0.135218,0,0,0,0,49,49,101,49,0,0,0,0,0,0,0,0
nuscenes,scene-1094_022,ty,cm,5,-5,34656,2834,2,0.247061,196,0.04144,0.135218,0,0,0,0,49,49,99,49,0,0,0,0,0,0,0,0
nuscenes,scene-1094_022,ty,cm,10,10,34656,2933,2,0.252271,202,0.0487851,0.135218,0,0,0,0,49,49,101,49,0,0,0,0,0,0,0,0
nuscenes,scene-1094_022,ty,cm,10,-10,34656,2774,2,0.241106,194,0.0358461,0.135218,0,0,0,0,49,49,101,49,0,0,0,0,0,0,0,0
nuscenes,scene-1094_022,ty,cm,20,20,34656,3043,2,0.227169,261,0.0404167,0.135218,0,0,0,0,49,49,104,49,0,0,0,0,0,0,0,0
nuscenes,scene-1094_022,ty,cm,20,-20,34656,2732,2,0.239755,191,0.0298488,0.135218,0,0,0,0,49,49,101,49,0,0,0,0,0,0,0,0
nuscenes,scene-1094_022,tz,cm,2,2,34656,2898,2,0.252083,210,0.0418971,0.135218,0,0,0,0,49,49,99,49,0,0,0,0,0,0,0,0
nuscenes,scene-1094_022,tz,cm,2,-2,34656,2832,2,0.259224,194,0.0458578,0.135218,0,0,0,0,49,49,93,49,0,0,0,0,0,0,0,0
nuscenes,scene-1094_022,tz,cm,5,5,34656,2922,2,0.234762,219,0.0301258,0.135218,0,0,0,0,49,49,98,49,0,0,0,0,0,0,0,0
nuscenes,scene-1094_022,tz,cm,5,-5,34656,2787,2,0.247805,201,0.0361029,0.135218,0,0,0,0,49,49,83,49,0,0,0,0,0,0,0,0
nuscenes,scene-1094_022,tz,cm,10,10,34656,2957,2,0.24019,234,0.0249706,0.135218,0,0,0,0,49,49,108,49,0,0,0,0,0,0,0,0
nuscenes,scene-1094_022,tz,cm,10,-10,34656,2757,2,0.250391,203,0.0415286,0.135218,0,0,0,0,49,49,84,49,0,0,0,0,0,0,0,0
nuscenes,scene-1094_022,tz,cm,20,20,34656,3219,2,0.185168,384,0.00573021,0.135218,0,0,0,0,49,49,111,49,0,0,0,0,0,0,0,0
nuscenes,scene-1094_022,tz,cm,20,-20,34656,2620,2,0.264512,192,0.0502689,0.135218,0,0,0,0,49,49,81,49,0,0,0,0,0,0,0,0
nuscenes,scene-1094_023,baseline,,0,0,34688,2989,1,0.252612,200,0.0454921,0.115568,0,0,0,0,22,22,23,22,0,0,0,0,0,0,0,0
nuscenes,scene-1094_023,roll,deg,0.25,0.25,34688,3024,1,0.257819,200,0.0628524,0.115568,0,0,0,0,22,22,23,22,0,0,0,0,0,0,0,0
nuscenes,scene-1094_023,roll,deg,0.25,-0.25,34688,2942,1,0.241078,197,0.0301509,0.115568,0,0,0,0,22,22,23,22,0,0,0,0,0,0,0,0
nuscenes,scene-1094_023,roll,deg,0.5,0.5,34688,3047,1,0.246909,204,0.0526216,0.115568,0,0,0,0,22,22,38,22,0,0,0,0,0,0,0,0
nuscenes,scene-1094_023,roll,deg,0.5,-0.5,34688,2896,1,0.237479,196,0.0145665,0.115568,0,0,0,0,22,22,23,22,0,0,0,0,0,0,0,0
nuscenes,scene-1094_023,roll,deg,1,1,34688,3079,1,0.214114,199,0.0338095,0.115568,0,0,0,0,22,22,38,22,0,0,0,0,0,0,0,0
nuscenes,scene-1094_023,roll,deg,1,-1,34688,2859,1,0.230089,198,0.000147909,0.115568,0,0,0,0,22,10,11,10,0,0,0,0,0,0,0,0
nuscenes,scene-1094_023,roll,deg,1.5,1.5,34688,3179,1,0.213065,203,0.0250916,0.115568,0,0,0,0,22,22,38,22,0,0,0,0,0,0,0,0
nuscenes,scene-1094_023,roll,deg,1.5,-1.5,34688,2790,1,0.209005,196,-0.0233711,0.115568,0,0,0,0,22,10,11,10,0,0,0,0,0,0,0,0
nuscenes,scene-1094_023,roll,deg,2,2,34688,3224,1,0.206874,200,0.0316912,0.115568,0,0,0,0,22,21,50,21,0,0,0,0,0,0,0,0
nuscenes,scene-1094_023,roll,deg,2,-2,34688,2712,1,0.186211,191,-0.0588886,0.115568,0,0,0,0,22,10,11,10,0,0,0,0,0,0,0,0
nuscenes,scene-1094_023,roll,deg,3,3,34688,3362,1,0.167703,200,0.0105462,0.115568,0,0,0,0,22,12,56,12,0,0,0,0,0,0,0,0
nuscenes,scene-1094_023,roll,deg,3,-3,34688,2563,1,0.187808,194,-0.069402,0.115568,0,0,0,0,22,1,2,1,0,0,0,0,0,0,0,0
nuscenes,scene-1094_023,pitch,deg,0.25,0.25,34688,2990,1,0.260605,200,0.054046,0.115568,0,0,0,0,22,22,23,22,0,0,0,0,0,0,0,0
nuscenes,scene-1094_023,pitch,deg,0.25,-0.25,34688,2990,1,0.244157,202,0.0395425,0.115568,0,0,0,0,22,22,23,22,0,0,0,0,0,0,0,0
nuscenes,scene-1094_023,pitch,deg,0.5,0.5,34688,2992,1,0.261632,205,0.0567624,0.115568,0,0,0,0,22,22,23,22,0,0,0,0,0,0,0,0
nuscenes,scene-1094_023,pitch,deg,0.5,-0.5,34688,2992,1,0.245034,201,0.0396008,0.115568,0,0,0,0,22,22,23,22,0,0,0,0,0,0,0,0
nuscenes,scene-1094_023,pitch,deg,1,1,34688,2990,1,0.25454,202,0.0551435,0.115568,0,0,0,0,22,22,23,22,0,0,0,0,0,0,0,0
nuscenes,scene-1094_023,pitch,deg,1,-1,34688,2988,1,0.236475,202,0.0249095,0.115568,0,0,0,0,22,22,23,22,0,0,0,0,0,0,0,0
nuscenes,scene-1094_023,pitch,deg,1.5,1.5,34688,2989,1,0.242529,201,0.0478844,0.115568,0,0,0,0,22,22,23,22,0,0,0,0,0,0,0,0
nuscenes,scene-1094_023,pitch,deg,1.5,-1.5,34688,2984,1,0.23406,201,0.0147404,0.115568,0,0,0,0,22,22,23,22,0,0,0,0,0,0,0,0
nuscenes,scene-1094_023,pitch,deg,2,2,34688,2993,1,0.229085,203,0.0454046,0.115568,0,0,0,0,22,22,23,22,0,0,0,0,0,0,0,0
nuscenes,scene-1094_023,pitch,deg,2,-2,34688,2985,1,0.220782,201,0.01313,0.115568,0,0,0,0,22,22,23,22,0,0,0,0,0,0,0,0
nuscenes,scene-1094_023,pitch,deg,3,3,34688,2998,1,0.213254,202,0.0351318,0.115568,0,0,0,0,22,22,23,22,0,0,0,0,0,0,0,0
nuscenes,scene-1094_023,pitch,deg,3,-3,34688,2977,1,0.220006,202,0.00507936,0.115568,0,0,0,0,22,22,23,22,0,0,0,0,0,0,0,0
nuscenes,scene-1094_023,yaw,deg,0.25,0.25,34688,2982,1,0.265503,198,0.0572551,0.115568,0,0,0,0,22,22,23,22,0,0,0,0,0,0,0,0
nuscenes,scene-1094_023,yaw,deg,0.25,-0.25,34688,2991,1,0.251595,202,0.0472063,0.115568,0,0,0,0,22,22,22,22,0,0,0,0,0,0,0,0
nuscenes,scene-1094_023,yaw,deg,0.5,0.5,34688,2977,1,0.251277,198,0.0414097,0.115568,0,0,0,0,22,20,22,20,0,0,0,0,0,0,0,0
nuscenes,scene-1094_023,yaw,deg,0.5,-0.5,34688,2998,1,0.254245,205,0.0494602,0.115568,0,0,0,0,22,20,20,20,0,0,0,0,0,0,0,0
nuscenes,scene-1094_023,yaw,deg,1,1,34688,2969,1,0.23944,198,0.018749,0.115568,0,0,0,0,22,19,21,19,0,0,0,0,0,0,0,0
nuscenes,scene-1094_023,yaw,deg,1,-1,34688,3004,1,0.229723,206,0.0257268,0.115568,0,0,0,0,22,18,19,18,0,0,0,0,0,0,0,0
nuscenes,scene-1094_023,yaw,deg,1.5,1.5,34688,2957,1,0.23128,193,0.00582948,0.115568,0,0,0,0,22,16,18,16,0,0,0,0,0,0,0,0
nuscenes,scene-1094_023,yaw,deg,1.5,-1.5,34688,3021,1,0.248034,211,0.0380516,0.115568,0,0,0,0,22,16,19,16,0,0,0,0,0,0,0,0
nuscenes,scene-1094_023,yaw,deg,2,2,34688,2948,1,0.253172,191,0.0199774,0.115568,0,0,0,0,22,14,17,14,0,0,0,0,0,0,0,0
nuscenes,scene-1094_023,yaw,deg,2,-2,34688,3030,1,0.248754,219,0.0426729,0.115568,0,0,0,0,22,14,18,14,0,0,0,0,0,0,0,0
nuscenes,scene-1094_023,yaw,deg,3,3,34688,2932,1,0.237556,187,0.00700456,0.115568,0,0,0,0,22,8,14,8,0,0,0,0,0,0,0,0
nuscenes,scene-1094_023,yaw,deg,3,-3,34688,3044,1,0.201622,226,-0.0203418,0.115568,0,0,0,0,22,8,18,8,0,0,0,0,0,0,0,0
nuscenes,scene-1094_023,tx,cm,2,2,34688,2991,1,0.249891,196,0.0442937,0.115568,0,0,0,0,22,22,23,22,0,0,0,0,0,0,0,0
nuscenes,scene-1094_023,tx,cm,2,-2,34688,2988,1,0.245153,201,0.041186,0.115568,0,0,0,0,22,22,23,22,0,0,0,0,0,0,0,0
nuscenes,scene-1094_023,tx,cm,5,5,34688,2989,1,0.247757,194,0.0431064,0.115568,0,0,0,0,22,22,23,22,0,0,0,0,0,0,0,0
nuscenes,scene-1094_023,tx,cm,5,-5,34688,2987,1,0.256635,203,0.0471934,0.115568,0,0,0,0,22,22,23,22,0,0,0,0,0,0,0,0
nuscenes,scene-1094_023,tx,cm,10,10,34688,2989,1,0.248916,190,0.044692,0.115568,0,0,0,0,22,22,22,22,0,0,0,0,0,0,0,0
nuscenes,scene-1094_023,tx,cm,10,-10,34688,2983,1,0.257366,202,0.0481889,0.115568,0,0,0,0,22,22,23,22,0,0,0,0,0,0,0,0
nuscenes,scene-1094_023,tx,cm,20,20,34688,2995,1,0.243391,195,0.0445298,0.115568,0,0,0,0,22,21,21,21,0,0,0,0,0,0,0,0
nuscenes,scene-1094_023,tx,cm,20,-20,34688,2987,1,0.266539,202,0.054173,0.115568,0,0,0,0,22,20,21,20,0,0,0,0,0,0,0,0
nuscenes,scene-1094_023,ty,cm,2,2,34688,3003,1,0.255013,202,0.0463166,0.115568,0,0,0,0,22,22,23,22,0,0,0,0,0,0,0,0
nuscenes,scene-1094_023,ty,cm,2,-2,34688,2976,1,0.250803,201,0.0436286,0.115568,0,0,0,0,22,22,23,22,0,0,0,0,0,0,0,0
nuscenes,scene-1094_023,ty,cm,5,5,34688,3018,1,0.249915,193,0.038314,0.115568,0,0,0,0,22,22,23,22,0,0,0,0,0,0,0,0
nuscenes,scene-1094_023,ty,cm,5,-5,34688,2953,1,0.241873,208,0.0442193,0.115568,0,0,0,0,22,22,23,22,0,0,0,0,0,0,0,0
nuscenes,scene-1094_023,ty,cm,10,10,34688,3050,1,0.25921,196,0.0448963,0.115568,0,0,0,0,22,22,23,22,0,0,0,0,0,0,0,0
nuscenes,scene-1094_023,ty,cm,10,-10,34688,2908,1,0.247914,206,0.0472822,0.115568,0,0,0,0,22,22,23,22,0,0,0,0,0,0,0,0
nuscenes,scene-1094_023,ty,cm,20,20,34688,3199,1,0.20892,318,0.0387391,0.115568,0,0,0,0,22,22,23,22,0,0,0,0,0,0,0,0
nuscenes,scene-1094_023,ty,cm,20,-20,34688,2845,1,0.240342,211,0.0393167,0.115568,0,0,0,0,22,22,23,22,0,0,0,0,0,0,0,0
nuscenes,scene-1094_023,tz,cm,2,2,34688,3015,1,0.247189,207,0.0455135,0.115568,0,0,0,0,22,22,23,22,0,0,0,0,0,0,0,0
nuscenes,scene-1094_023,tz,cm,2,-2,34688,2954,1,0.247674,189,0.041316,0.115568,0,0,0,0,22,22,23,22,0,0,0,0,0,0,0,0
nuscenes,scene-1094_023,tz,cm,5,5,34688,3044,1,0.250961,214,0.0553518,0.115568,0,0,0,0,22,22,23,22,0,0,0,0,0,0,0,0
nuscenes,scene-1094_023,tz,cm,5,-5,34688,2896,1,0.251803,186,0.0420898,0.115568,0,0,0,0,22,22,23,22,0,0,0,0,0,0,0,0
nuscenes,scene-1094_023,tz,cm,10,10,34688,3100,1,0.259192,220,0.0662189,0.115568,0,0,0,0,22,22,23,22,0,0,0,0,0,0,0,0
nuscenes,scene-1094_023,tz,cm,10,-10,34688,2867,1,0.254715,187,0.0453893,0.115568,0,0,0,0,22,22,23,22,0,0,0,0,0,0,0,0
nuscenes,scene-1094_023,tz,cm,20,20,34688,3354,1,0.183163,329,0.0479721,0.115568,0,0,0,0,22,22,38,22,0,0,0,0,0,0,0,0
nuscenes,scene-1094_023,tz,cm,20,-20,34688,2732,1,0.245774,191,0.03174,0.115568,0,0,0,0,22,22,23,22,0,0,0,0,0,0,0,0
nuscenes,scene-1094_024,baseline,,0,0,34688,2983,2,0.275727,222,0.0535538,0.125543,0,0,0,0,32,32,74,32,0,0,0,0,0,0,0,0
nuscenes,scene-1094_024,roll,deg,0.25,0.25,34688,3022,2,0.29577,219,0.078311,0.125543,0,0,0,0,32,32,72,32,0,0,0,0,0,0,0,0
nuscenes,scene-1094_024,roll,deg,0.25,-0.25,34688,2912,2,0.264224,226,0.0401873,0.125543,0,0,0,0,32,32,68,32,0,0,0,0,0,0,0,0
nuscenes,scene-1094_024,roll,deg,0.5,0.5,34688,3051,2,0.30462,223,0.0871646,0.125543,0,0,0,0,32,32,68,32,0,0,0,0,0,0,0,0
nuscenes,scene-1094_024,roll,deg,0.5,-0.5,34688,2899,2,0.275265,221,0.0463404,0.125543,0,0,0,0,32,32,58,32,0,0,0,0,0,0,0,0
nuscenes,scene-1094_024,roll,deg,1,1,34688,3081,2,0.264233,222,0.0645383,0.125543,0,0,0,0,32,31,89,31,0,0,0,0,0,0,0,0
nuscenes,scene-1094_024,roll,deg,1,-1,34688,2865,2,0.271932,226,0.0348509,0.125543,0,0,0,0,32,32,56,32,0,0,0,0,0,0,0,0
nuscenes,scene-1094_024,roll,deg,1.5,1.5,34688,3173,2,0.249018,221,0.0648794,0.125543,0,0,0,0,32,31,87,31,0,0,0,0,0,0,0,0
nuscenes,scene-1094_024,roll,deg,1.5,-1.5,34688,2780,2,0.233716,227,0.00130065,0.125543,0,0,0,0,32,32,56,32,0,0,0,0,0,0,0,0
nuscenes,scene-1094_024,roll,deg,2,2,34688,3230,2,0.249823,219,0.0535592,0.125543,0,0,0,0,32,22,86,22,0,0,0,0,0,0,0,0
nuscenes,scene-1094_024,roll,deg,2,-2,34688,2721,2,0.24002,226,-0.013993,0.125543,0,0,0,0,32,19,43,19,0,0,0,0,0,0,0,0
nuscenes,scene-1094_024,roll,deg,3,3,34688,3358,2,0.215953,218,0.033768,0.125543,0,0,0,0,32,18,86,18,0,0,0,0,0,0,0,0
nuscenes,scene-1094_024,roll,deg,3,-3,34688,2572,2,0.228622,223,-0.0136681,0.125543,0,0,0,0,32,14,42,14,0,0,0,0,0,0,0,0
nuscenes,scene-1094_024,pitch,deg,0.25,0.25,34688,2982,2,0.269955,224,0.0470556,0.125543,0,0,0,0,32,32,73,32,0,0,0,0,0,0,0,0
nuscenes,scene-1094_024,pitch,deg,0.25,-0.25,34688,2982,2,0.269505,222,0.0507766,0.125543,0,0,0,0,32,32,74,32,0,0,0,0,0,0,0,0
nuscenes,scene-1094_024,pitch,deg,0.5,0.5,34688,2986,2,0.270289,225,0.0411818,0.125543,0,0,0,0,32,32,72,32,0,0,0,0,0,0,0,0
nuscenes,scene-1094_024,pitch,deg,0.5,-0.5,34688,2983,2,0.267249,223,0.0538573,0.125543,0,0,0,0,32,32,70,32,0,0,0,0,0,0,0,0
nuscenes,scene-1094_024,pitch,deg,1,1,34688,2989,2,0.282604,225,0.0418316,0.125543,0,0,0,0,32,32,67,32,0,0,0,0,0,0,0,0
nuscenes,scene-1094_024,pitch,deg,1,-1,34688,2985,2,0.265777,224,0.0507894,0.125543,0,0,0,0,32,32,67,32,0,0,0,0,0,0,0,0
nuscenes,scene-1094_024,pitch,deg,1.5,1.5,34688,2991,2,0.281898,224,0.0442063,0.125543,0,0,0,0,32,32,67,32,0,0,0,0,0,0,0,0
nuscenes,scene-1094_024,pitch,deg,1.5,-1.5,34688,2986,2,0.26751,224,0.0518861,0.125543,0,0,0,0,32,32,67,32,0,0,0,0,0,0,0,0
nuscenes,scene-1094_024,pitch,deg,2,2,34688,2996,2,0.274655,225,0.0513514,0.125543,0,0,0,0,32,32,68,32,0,0,0,0,0,0,0,0
nuscenes,scene-1094_024,pitch,deg,2,-2,34688,2979,2,0.270933,222,0.0482251,0.125543,0,0,0,0,32,32,67,32,0,0,0,0,0,0,0,0
nuscenes,scene-1094_024,pitch,deg,3,3,34688,2998,2,0.27577,228,0.056334,0.125543,0,0,0,0,32,31,68,31,0,0,0,0,0,0,0,0
nuscenes,scene-1094_024,pitch,deg,3,-3,34688,2979,2,0.266286,224,0.0411591,0.125543,0,0,0,0,32,32,67,32,0,0,0,0,0,0,0,0
nuscenes,scene-1094_024,yaw,deg,0.25,0.25,34688,2971,2,0.244586,219,0.0268347,0.125543,0,0,0,0,32,32,73,32,0,0,0,0,0,0,0,0
nuscenes,scene-1094_024,yaw,deg,0.25,-0.25,34688,2990,2,0.295964,225,0.0658774,0.125543,0,0,0,0,32,31,72,31,0,0,0,0,0,0,0,0
nuscenes,scene-1094_024,yaw,deg,0.5,0.5,34688,2968,2,0.243156,220,0.0260788,0.125543,0,0,0,0,32,31,72,31,0,0,0,0,0,0,0,0
nuscenes,scene-1094_024,yaw,deg,0.5,-0.5,34688,2991,2,0.288694,226,0.0554101,0.125543,0,0,0,0,32,29,74,29,0,0,0,0,0,0,0,0
nuscenes,scene-1094_024,yaw,deg,1,1,34688,2959,2,0.238874,217,0.0195468,0.125543,0,0,0,0,32,27,69,27,0,0,0,0,0,0,0,0
nuscenes,scene-1094_024,yaw,deg,1,-1,34688,3005,2,0.269187,231,0.0479291,0.125543,0,0,0,0,32,24,69,24,0,0,0,0,0,0,0,0
nuscenes,scene-1094_024,yaw,deg,1.5,1.5,34688,2943,2,0.238332,211,0.0150299,0.125543,0,0,0,0,32,24,69,24,0,0,0,0,0,0,0,0
nuscenes,scene-1094_024,yaw,deg,1.5,-1.5,34688,3013,2,0.259822,229,0.045386,0.125543,0,0,0,0,32,16,62,16,0,0,0,0,0,0,0,0
nuscenes,scene-1094_024,yaw,deg,2,2,34688,2930,2,0.250662,210,0.0160369,0.125543,0,0,0,0,32,15,63,15,0,0,0,0,0,0,0,0
nuscenes,scene-1094_024,yaw,deg,2,-2,34688,3030,2,0.232997,232,0.00968988,0.125543,0,0,0,0,32,14,60,14,0,0,0,0,0,0,0,0
nuscenes,scene-1094_024,yaw,deg,3,3,34688,2924,2,0.210424,214,0.0043835,0.125543,0,0,0,0,32,7,58,7,0,0,0,0,0,0,0,0
nuscenes,scene-1094_024,yaw,deg,3,-3,34688,3057,2,0.201914,239,-0.0285853,0.125543,0,0,0,0,32,8,58,8,0,0,0,0,0,0,0,0
nuscenes,scene-1094_024,tx,cm,2,2,34688,2983,2,0.277484,224,0.0563202,0.125543,0,0,0,0,32,32,72,32,0,0,0,0,0,0,0,0
nuscenes,scene-1094_024,tx,cm,2,-2,34688,2983,2,0.274272,222,0.0500942,0.125543,0,0,0,0,32,32,72,32,0,0,0,0,0,0,0,0
nuscenes,scene-1094_024,tx,cm,5,5,34688,2986,2,0.27626,228,0.0547317,0.125543,0,0,0,0,32,31,70,31,0,0,0,0,0,0,0,0
nuscenes,scene-1094_024,tx,cm,5,-5,34688,2982,2,0.270562,223,0.0444667,0.125543,0,0,0,0,32,32,72,32,0,0,0,0,0,0,0,0
nuscenes,scene-1094_024,tx,cm,10,10,34688,2986,2,0.281131,223,0.0554592,0.125543,0,0,0,0,32,31,71,31,0,0,0,0,0,0,0,0
nuscenes,scene-1094_024,tx,cm,10,-10,34688,2980,2,0.266061,221,0.0450919,0.125543,0,0,0,0,32,32,72,32,0,0,0,0,0,0,0,0
nuscenes,scene-1094_024,tx,cm,20,20,34688,2991,2,0.286206,225,0.0560862,0.125543,0,0,0,0,32,28,70,28,0,0,0,0,0,0,0,0
nuscenes,scene-1094_024,tx,cm,20,-20,34688,2979,2,0.231037,224,0.0129134,0.125543,0,0,0,0,32,30,73,30,0,0,0,0,0,0,0,0
nuscenes,scene-1094_024,ty,cm,2,2,34688,2998,2,0.272329,222,0.0518508,0.125543,0,0,0,0,32,32,73,32,0,0,0,0,0,0,0,0
nuscenes,scene-1094_024,ty,cm,2,-2,34688,2966,2,0.276299,222,0.05306,0.125543,0,0,0,0,32,32,74,32,0,0,0,0,0,0,0,0
nuscenes,scene-1094_024,ty,cm,5,5,34688,3014,2,0.272677,221,0.0495255,0.125543,0,0,0,0,32,32,72,32,0,0,0,0,0,0,0,0
nuscenes,scene-1094_024,ty,cm,5,-5,34688,2942,2,0.271498,226,0.0474202,0.125543,0,0,0,0,32,32,72,32,0,0,0,0,0,0,0,0
nuscenes,scene-1094_024,ty,cm,10,10,34688,3049,2,0.271861,222,0.0489382,0.125543,0,0,0,0,32,32,73,32,0,0,0,0,0,0,0,0
nuscenes,scene-1094_024,ty,cm,10,-10,34688,2894,2,0.272119,226,0.0489867,0.125543,0,0,0,0,32,32,72,32,0,0,0,0,0,0,0,0
nuscenes,scene-1094_024,ty,cm,20,20,34688,3130,2,0.247228,252,0.0450159,0.125543,0,0,0,0,32,31,72,31,0,0,0,0,0,0,0,0
nuscenes,scene-1094_024,ty,cm,20,-20,34688,2856,2,0.270856,220,0.0501809,0.125543,0,0,0,0,32,32,72,32,0,0,0,0,0,0,0,0
nuscenes,scene-1094_024,tz,cm,2,2,34688,3014,2,0.279785,219,0.0567746,0.125543,0,0,0,0,32,32,74,32,0,0,0,0,0,0,0,0
nuscenes,scene-1094_024,tz,cm,2,-2,34688,2932,2,0.269102,225,0.0444661,0.125543,0,0,0,0,32,32,75,32,0,0,0,0,0,0,0,0
nuscenes,scene-1094_024,tz,cm,5,5,34688,3048,2,0.28961,218,0.0620449,0.125543,0,0,0,0,32,32,74,32,0,0,0,0,0,0,0,0
nuscenes,scene-1094_024,tz,cm,5,-5,34688,2901,2,0.262343,222,0.0409219,0.125543,0,0,0,0,32,32,68,32,0,0,0,0,0,0,0,0
nuscenes,scene-1094_024,tz,cm,10,10,34688,3080,2,0.290518,217,0.0720112,0.125543,0,0,0,0,32,32,74,32,0,0,0,0,0,0,0,0
nuscenes,scene-1094_024,tz,cm,10,-10,34688,2870,2,0.259122,217,0.0368492,0.125543,0,0,0,0,32,32,68,32,0,0,0,0,0,0,0,0
nuscenes,scene-1094_024,tz,cm,20,20,34688,3332,2,0.208982,317,0.0500022,0.125543,0,0,0,0,32,32,80,32,0,0,0,0,0,0,0,0
nuscenes,scene-1094_024,tz,cm,20,-20,34688,2735,2,0.259552,221,0.0327535,0.125543,0,0,0,0,32,32,58,32,0,0,0,0,0,0,0,0
nuscenes,scene-1094_025,baseline,,0,0,34720,2993,2,0.268732,220,0.0319735,0.156119,19,19,64,19,28,28,42,28,0,0,0,0,0,0,0,0
nuscenes,scene-1094_025,roll,deg,0.25,0.25,34720,3028,2,0.282839,220,0.0412054,0.156119,19,19,64,19,28,28,42,28,0,0,0,0,0,0,0,0
nuscenes,scene-1094_025,roll,deg,0.25,-0.25,34720,2925,2,0.272623,221,0.0354966,0.156119,19,19,61,19,28,28,28,28,0,0,0,0,0,0,0,0
nuscenes,scene-1094_025,roll,deg,0.5,0.5,34720,3053,2,0.276491,219,0.0356528,0.156119,19,19,61,19,28,28,42,28,0,0,0,0,0,0,0,0
nuscenes,scene-1094_025,roll,deg,0.5,-0.5,34720,2909,2,0.275656,219,0.0313493,0.156119,19,19,63,19,28,28,28,28,0,0,0,0,0,0,0,0
nuscenes,scene-1094_025,roll,deg,1,1,34720,3081,2,0.3027,219,0.0722868,0.156119,19,19,59,19,28,21,35,21,0,0,0,0,0,0,0,0
nuscenes,scene-1094_025,roll,deg,1,-1,34720,2874,2,0.256117,217,0.0110924,0.156119,19,19,55,19,28,28,28,28,0,0,0,0,0,0,0,0
nuscenes,scene-1094_025,roll,deg,1.5,1.5,34720,3173,2,0.249774,220,0.0322472,0.156119,19,17,68,17,28,21,49,21,0,0,0,0,0,0,0,0
nuscenes,scene-1094_025,roll,deg,1.5,-1.5,34720,2794,2,0.242995,221,-0.00177158,0.156119,19,19,59,19,28,16,16,16,0,0,0,0,0,0,0,0
nuscenes,scene-1094_025,roll,deg,2,2,34720,3223,2,0.245566,220,0.0210876,0.156119,19,17,65,17,28,12,40,12,0,0,0,0,0,0,0,0
nuscenes,scene-1094_025,roll,deg,2,-2,34720,2733,2,0.250959,218,-0.00596088,0.156119,19,19,62,19,28,16,16,16,0,0,0,0,0,0,0,0
nuscenes,scene-1094_025,roll,deg,3,3,34720,3347,2,0.198542,220,-0.0200965,0.156119,19,13,70,13,28,12,54,12,0,0,0,0,0,0,0,0
nuscenes,scene-1094_025,roll,deg,3,-3,34720,2598,2,0.206789,215,-0.0308895,0.156119,19,19,63,19,28,7,7,7,0,0,0,0,0,0,0,0
nuscenes,scene-1094_025,pitch,deg,0.25,0.25,34720,2992,2,0.267463,220,0.0261382,0.156119,19,19,64,19,28,28,42,28,0,0,0,0,0,0,0,0
nuscenes,scene-1094_025,pitch,deg,0.25,-0.25,34720,2990,2,0.266268,222,0.0331349,0.156119,19,19,59,19,28,28,42,28,0,0,0,0,0,0,0,0
nuscenes,scene-1094_025,pitch,deg,0.5,0.5,34720,2994,2,0.264796,222,0.019775,0.156119,19,19,65,19,28,28,42,28,0,0,0,0,0,0,0,0
nuscenes,scene-1094_025,pitch,deg,0.5,-0.5,34720,2993,2,0.276143,219,0.0411899,0.156119,19,19,59,19,28,28,42,28,0,0,0,0,0,0,0,0
nuscenes,scene-1094_025,pitch,deg,1,1,34720,2995,2,0.280373,222,0.0374653,0.156119,19,19,66,19,28,28,42,28,0,0,0,0,0,0,0,0
nuscenes,scene-1094_025,pitch,deg,1,-1,34720,2993,2,0.274332,220,0.0358284,0.156119,19,19,63,19,28,28,42,28,0,0,0,0,0,0,0,0
nuscenes,scene-1094_025,pitch,deg,1.5,1.5,34720,2993,2,0.277067,223,0.0338279,0.156119,19,19,61,19,28,28,39,28,0,0,0,0,0,0,0,0
nuscenes,scene-1094_025,pitch,deg,1.5,-1.5,34720,2988,2,0.277333,218,0.0314752,0.156119,19,19,62,19,28,28,42,28,0,0,0,0,0,0,0,0
nuscenes,scene-1094_025,pitch,deg,2,2,34720,2994,2,0.258121,223,0.0218524,0.156119,19,19,60,19,28,28,37,28,0,0,0,0,0,0,0,0
nuscenes,scene-1094_025,pitch,deg,2,-2,34720,2991,2,0.284105,218,0.0325779,0.156119,19,19,55,19,28,28,41,28,0,0,0,0,0,0,0,0
nuscenes,scene-1094_025,pitch,deg,3,3,34720,2997,2,0.276421,224,0.0381956,0.156119,19,17,58,17,28,28,34,28,0,0,0,0,0,0,0,0
nuscenes,scene-1094_025,pitch,deg,3,-3,34720,2991,2,0.261145,222,0.0168317,0.156119,19,19,59,19,28,28,41,28,0,0,0,0,0,0,0,0
nuscenes,scene-1094_025,yaw,deg,0.25,0.25,34720,2987,2,0.265448,220,0.0232538,0.156119,19,19,66,19,28,27,41,27,0,0,0,0,0,0,0,0
nuscenes,scene-1094_025,yaw,deg,0.25,-0.25,34720,2993,2,0.277565,218,0.0464942,0.156119,19,19,71,19,28,28,42,28,0,0,0,0,0,0,0,0
nuscenes,scene-1094_025,yaw,deg,0.5,0.5,34720,2984,2,0.261628,215,0.0251392,0.156119,19,19,64,19,28,27,41,27,0,0,0,0,0,0,0,0
nuscenes,scene-1094_025,yaw,deg,0.5,-0.5,34720,2995,2,0.27584,219,0.0418644,0.156119,19,19,75,19,28,27,40,27,0,0,0,0,0,0,0,0
nuscenes,scene-1094_025,yaw,deg,1,1,34720,2974,2,0.262011,208,0.0389194,0.156119,19,18,62,18,28,25,40,25,0,0,0,0,0,0,0,0
nuscenes,scene-1094_025,yaw,deg,1,-1,34720,2998,2,0.264659,221,0.0264648,0.156119,19,16,76,16,28,26,40,26,0,0,0,0,0,0,0,0
nuscenes,scene-1094_025,yaw,deg,1.5,1.5,34720,2969,2,0.283743,207,0.046929,0.156119,19,16,66,16,28,22,37,22,0,0,0,0,0,0,0,0
nuscenes,scene-1094_025,yaw,deg,1.5,-1.5,34720,2986,2,0.264839,211,0.0158111,0.156119,19,12,77,12,28,20,33,20,0,0,0,0,0,0,0,0
nuscenes,scene-1094_025,yaw,deg,2,2,34720,2956,2,0.282858,204,0.0501522,0.156119,19,11,63,11,28,17,32,17,0,0,0,0,0,0,0,0
nuscenes,scene-1094_025,yaw,deg,2,-2,34720,2999,2,0.266866,211,0.0276007,0.156119,19,7,76,7,28,17,32,17,0,0,0,0,0,0,0,0
nuscenes,scene-1094_025,yaw,deg,3,3,34720,2923,2,0.25712,187,0.015317,0.156119,19,2,71,2,28,8,24,8,0,0,0,0,0,0,0,0
nuscenes,scene-1094_025,yaw,deg,3,-3,34720,3023,2,0.296088,212,0.0403785,0.156119,19,1,80,1,28,8,25,8,0,0,0,0,0,0,0,0
nuscenes,scene-1094_025,tx,cm,2,2,34720,2992,2,0.270022,218,0.0351466,0.156119,19,19,64,19,28,28,42,28,0,0,0,0,0,0,0,0
nuscenes,scene-1094_025,tx,cm,2,-2,34720,2992,2,0.265988,221,0.0291408,0.156119,19,19,66,19,28,28,42,28,0,0,0,0,0,0,0,0
nuscenes,scene-1094_025,tx,cm,5,5,34720,2996,2,0.274581,211,0.0428023,0.156119,19,19,68,19,28,28,41,28,0,0,0,0,0,0,0,0
nuscenes,scene-1094_025,tx,cm,5,-5,34720,2991,2,0.269223,223,0.0244699,0.156119,19,19,66,19,28,28,42,28,0,0,0,0,0,0,0,0
nuscenes,scene-1094_025,tx,cm,10,10,34720,2991,2,0.267611,210,0.0350377,0.156119,19,19,70,19,28,28,42,28,0,0,0,0,0,0,0,0
nuscenes,scene-1094_025,tx,cm,10,-10,34720,2989,2,0.261065,222,0.0190508,0.156119,19,19,64,19,28,27,40,27,0,0,0,0,0,0,0,0
nuscenes,scene-1094_025,tx,cm,20,20,34720,2991,2,0.29228,201,0.0474014,0.156119,19,17,72,17,28,27,40,27,0,0,0,0,0,0,0,0
nuscenes,scene-1094_025,tx,cm,20,-20,34720,2986,2,0.266279,227,0.0200783,0.156119,19,18,60,18,28,27,40,27,0,0,0,0,0,0,0,0
nuscenes,scene-1094_025,ty,cm,2,2,34720,3005,2,0.268251,220,0.034645,0.156119,19,19,64,19,28,28,42,28,0,0,0,0,0,0,0,0
nuscenes,scene-1094_025,ty,cm,2,-2,34720,2977,2,0.266648,222,0.0306059,0.156119,19,19,65,19,28,28,42,28,0,0,0,0,0,0,0,0
nuscenes,scene-1094_025,ty,cm,5,5,34720,3024,2,0.271161,220,0.0340923,0.156119,19,19,65,19,28,28,42,28,0,0,0,0,0,0,0,0
nuscenes,scene-1094_025,ty,cm,5,-5,34720,2947,2,0.270678,219,0.0332488,0.156119,19,19,65,19,28,28,42,28,0,0,0,0,0,0,0,0
nuscenes,scene-1094_025,ty,cm,10,10,34720,3061,2,0.274617,213,0.0372699,0.156119,19,19,68,19,28,28,42,28,0,0,0,0,0,0,0,0
nuscenes,scene-1094_025,ty,cm,10,-10,34720,2902,2,0.268931,222,0.0286047,0.156119,19,19,62,19,28,28,42,28,0,0,0,0,0,0,0,0
nuscenes,scene-1094_025,ty,cm,20,20,34720,3126,2,0.250617,232,0.0174137,0.156119,19,19,72,19,28,28,42,28,0,0,0,0,0,0,0,0
nuscenes,scene-1094_025,ty,cm,20,-20,34720,2859,2,0.267082,227,0.0237921,0.156119,19,19,56,19,28,28,42,28,0,0,0,0,0,0,0,0
nuscenes,scene-1094_025,tz,cm,2,2,34720,3023,2,0.281109,220,0.0388569,0.156119,19,19,64,19,28,28,42,28,0,0,0,0,0,0,0,0
nuscenes,scene-1094_025,tz,cm,2,-2,34720,2935,2,0.263445,216,0.0312813,0.156119,19,19,58,19,28,28,42,28,0,0,0,0,0,0,0,0
nuscenes,scene-1094_025,tz,cm,5,5,34720,3053,2,0.281793,231,0.0407349,0.156119,19,19,65,19,28,28,42,28,0,0,0,0,0,0,0,0
nuscenes,scene-1094_025,tz,cm,5,-5,34720,2911,2,0.265574,223,0.0351301,0.156119,19,19,58,19,28,28,28,28,0,0,0,0,0,0,0,0
nuscenes,scene-1094_025,tz,cm,10,10,34720,3084,2,0.285728,242,0.0419955,0.156119,19,19,68,19,28,28,42,28,0,0,0,0,0,0,0,0
nuscenes,scene-1094_025,tz,cm,10,-10,34720,2878,2,0.253983,232,0.0187422,0.156119,19,19,59,19,28,28,28,28,0,0,0,0,0,0,0,0
nuscenes,scene-1094_025,tz,cm,20,20,34720,3322,2,0.237442,337,0.0218623,0.156119,19,19,70,19,28,28,42,28,0,0,0,0,0,0,0,0
nuscenes,scene-1094_025,tz,cm,20,-20,34720,2746,2,0.25052,232,0.00863242,0.156119,19,19,53,19,28,28,28,28,0,0,0,0,0,0,0,0
nuscenes,scene-1094_026,baseline,,0,0,34752,3004,1,0.22761,194,0.0490317,0.12884,0,0,0,0,30,30,30,30,0,0,0,0,0,0,0,0
nuscenes,scene-1094_026,roll,deg,0.25,0.25,34752,3039,1,0.242363,195,0.0651827,0.12884,0,0,0,0,30,30,44,30,0,0,0,0,0,0,0,0
nuscenes,scene-1094_026,roll,deg,0.25,-0.25,34752,2940,1,0.24384,194,0.0545479,0.12884,0,0,0,0,30,30,30,30,0,0,0,0,0,0,0,0
nuscenes,scene-1094_026,roll,deg,0.5,0.5,34752,3064,1,0.250889,196,0.0694645,0.12884,0,0,0,0,30,30,44,30,0,0,0,0,0,0,0,0
nuscenes,scene-1094_026,roll,deg,0.5,-0.5,34752,2924,1,0.228168,193,0.0322189,0.12884,0,0,0,0,30,30,30,30,0,0,0,0,0,0,0,0
nuscenes,scene-1094_026,roll,deg,1,1,34752,3095,1,0.258366,198,0.0687601,0.12884,0,0,0,0,30,21,35,21,0,0,0,0,0,0,0,0
nuscenes,scene-1094_026,roll,deg,1,-1,34752,2890,1,0.227212,190,0.037981,0.12884,0,0,0,0,30,30,30,30,0,0,0,0,0,0,0,0
nuscenes,scene-1094_026,roll,deg,1.5,1.5,34752,3185,1,0.22832,201,0.0394678,0.12884,0,0,0,0,30,21,49,21,0,0,0,0,0,0,0,0
nuscenes,scene-1094_026,roll,deg,1.5,-1.5,34752,2808,1,0.214673,189,0.0176559,0.12884,0,0,0,0,30,20,20,20,0,0,0,0,0,0,0,0
nuscenes,scene-1094_026,roll,deg,2,2,34752,3238,1,0.223409,199,0.0378788,0.12884,0,0,0,0,30,10,38,10,0,0,0,0,0,0,0,0
nuscenes,scene-1094_026,roll,deg,2,-2,34752,2755,1,0.204517,189,-0.000235021,0.12884,0,0,0,0,30,20,20,20,0,0,0,0,0,0,0,0
nuscenes,scene-1094_026,roll,deg,3,3,34752,3360,1,0.186843,206,0.0106654,0.12884,0,0,0,0,30,10,51,10,0,0,0,0,0,0,0,0
nuscenes,scene-1094_026,roll,deg,3,-3,34752,2612,1,0.159955,193,-0.0295681,0.12884,0,0,0,0,30,9,9,9,0,0,0,0,0,0,0,0
nuscenes,scene-1094_026,pitch,deg,0.25,0.25,34752,3003,1,0.22648,195,0.0465966,0.12884,0,0,0,0,30,30,30,30,0,0,0,0,0,0,0,0
nuscenes,scene-1094_026,pitch,deg,0.25,-0.25,34752,3001,1,0.237181,194,0.0524325,0.12884,0,0,0,0,30,30,30,30,0,0,0,0,0,0,0,0
nuscenes,scene-1094_026,pitch,deg,0.5,0.5,34752,3004,1,0.219881,192,0.0413561,0.12884,0,0,0,0,30,30,30,30,0,0,0,0,0,0,0,0
nuscenes,scene-1094_026,pitch,deg,0.5,-0.5,34752,3003,1,0.247516,194,0.063906,0.12884,0,0,0,0,30,30,30,30,0,0,0,0,0,0,0,0
nuscenes,scene-1094_026,pitch,deg,1,1,34752,3005,1,0.221299,190,0.0412091,0.12884,0,0,0,0,30,30,30,30,0,0,0,0,0,0,0,0
nuscenes,scene-1094_026,pitch,deg,1,-1,34752,3004,1,0.237209,193,0.0537628,0.12884,0,0,0,0,30,30,30,30,0,0,0,0,0,0,0,0
nuscenes,scene-1094_026,pitch,deg,1.5,1.5,34752,3007,1,0.242233,191,0.0571723,0.12884,0,0,0,0,30,30,30,30,0,0,0,0,0,0,0,0
nuscenes,scene-1094_026,pitch,deg,1.5,-1.5,34752,2998,1,0.229498,193,0.0461335,0.12884,0,0,0,0,30,30,30,30,0,0,0,0,0,0,0,0
nuscenes,scene-1094_026,pitch,deg,2,2,34752,3008,1,0.242908,192,0.0550358,0.12884,0,0,0,0,30,30,30,30,0,0,0,0,0,0,0,0
nuscenes,scene-1094_026,pitch,deg,2,-2,34752,3005,1,0.236056,196,0.042081,0.12884,0,0,0,0,30,30,32,30,0,0,0,0,0,0,0,0
nuscenes,scene-1094_026,pitch,deg,3,3,34752,3017,1,0.258992,192,0.0618677,0.12884,0,0,0,0,30,30,30,30,0,0,0,0,0,0,0,0
nuscenes,scene-1094_026,pitch,deg,3,-3,34752,3002,1,0.217969,195,0.0238678,0.12884,0,0,0,0,30,30,36,30,0,0,0,0,0,0,0,0
nuscenes,scene-1094_026,yaw,deg,0.25,0.25,34752,3001,1,0.221499,196,0.0434567,0.12884,0,0,0,0,30,30,30,30,0,0,0,0,0,0,0,0
nuscenes,scene-1094_026,yaw,deg,0.25,-0.25,34752,3004,1,0.224525,197,0.0414153,0.12884,0,0,0,0,30,30,30,30,0,0,0,0,0,0,0,0
nuscenes,scene-1094_026,yaw,deg,0.5,0.5,34752,3000,1,0.211877,191,0.0342084,0.12884,0,0,0,0,30,28,28,28,0,0,0,0,0,0,0,0
nuscenes,scene-1094_026,yaw,deg,0.5,-0.5,34752,3007,1,0.208137,194,0.0240277,0.12884,0,0,0,0,30,28,28,28,0,0,0,0,0,0,0,0
nuscenes,scene-1094_026,yaw,deg,1,1,34752,2992,1,0.191592,187,0.0250622,0.12884,0,0,0,0,30,27,27,27,0,0,0,0,0,0,0,0
nuscenes,scene-1094_026,yaw,deg,1,-1,34752,3005,1,0.197711,196,0.00727211,0.12884,0,0,0,0,30,24,24,24,0,0,0,0,0,0,0,0
nuscenes,scene-1094_026,yaw,deg,1.5,1.5,34752,2982,1,0.196842,187,0.0213723,0.12884,0,0,0,0,30,23,23,23,0,0,0,0,0,0,0,0
nuscenes,scene-1094_026,yaw,deg,1.5,-1.5,34752,3020,1,0.188719,200,-0.00971657,0.12884,0,0,0,0,30,19,19,19,0,0,0,0,0,0,0,0
nuscenes,scene-1094_026,yaw,deg,2,2,34752,2972,1,0.179184,185,0.00972278,0.12884,0,0,0,0,30,20,20,20,0,0,0,0,0,0,0,0
nuscenes,scene-1094_026,yaw,deg,2,-2,34752,3029,1,0.191634,205,0.00349779,0.12884,0,0,0,0,30,15,18,15,0,0,0,0,0,0,0,0
nuscenes,scene-1094_026,yaw,deg,3,3,34752,2952,1,0.187241,174,0.0178836,0.12884,0,0,0,0,30,11,11,11,0,0,0,0,0,0,0,0
nuscenes,scene-1094_026,yaw,deg,3,-3,34752,3038,1,0.212555,207,0.0107684,0.12884,0,0,0,0,30,7,16,7,0,0,0,0,0,0,0,0
nuscenes,scene-1094_026,tx,cm,2,2,34752,3002,1,0.231733,193,0.0538383,0.12884,0,0,0,0,30,30,30,30,0,0,0,0,0,0,0,0
nuscenes,scene-1094_026,tx,cm,2,-2,34752,3002,1,0.224545,193,0.04791,0.12884,0,0,0,0,30,30,30,30,0,0,0,0,0,0,0,0
nuscenes,scene-1094_026,tx,cm,5,5,34752,3008,1,0.228667,195,0.0504322,0.12884,0,0,0,0,30,30,30,30,0,0,0,0,0,0,0,0
nuscenes,scene-1094_026,tx,cm,5,-5,34752,3001,1,0.228507,193,0.0499304,0.12884,0,0,0,0,30,30,30,30,0,0,0,0,0,0,0,0
nuscenes,scene-1094_026,tx,cm,10,10,34752,3006,1,0.230267,194,0.0548557,0.12884,0,0,0,0,30,30,30,30,0,0,0,0,0,0,0,0
nuscenes,scene-1094_026,tx,cm,10,-10,34752,2996,1,0.227484,198,0.050261,0.12884,0,0,0,0,30,30,30,30,0,0,0,0,0,0,0,0
nuscenes,scene-1094_026,tx,cm,20,20,34752,3010,1,0.217305,200,0.0471952,0.12884,0,0,0,0,30,28,28,28,0,0,0,0,0,0,0,0
nuscenes,scene-1094_026,tx,cm,20,-20,34752,3000,1,0.219186,207,0.0471651,0.12884,0,0,0,0,30,28,28,28,0,0,0,0,0,0,0,0
nuscenes,scene-1094_026,ty,cm,2,2,34752,3017,1,0.230645,191,0.0504619,0.12884,0,0,0,0,30,30,30,30,0,0,0,0,0,0,0,0
nuscenes,scene-1094_026,ty,cm,2,-2,34752,2984,1,0.230374,195,0.0474963,0.12884,0,0,0,0,30,30,30,30,0,0,0,0,0,0,0,0
nuscenes,scene-1094_026,ty,cm,5,5,34752,3037,1,0.227034,195,0.046461,0.12884,0,0,0,0,30,30,30,30,0,0,0,0,0,0,0,0
nuscenes,scene-1094_026,ty,cm,5,-5,34752,2957,1,0.234512,195,0.0571994,0.12884,0,0,0,0,30,30,30,30,0,0,0,0,0,0,0,0
nuscenes,scene-1094_026,ty,cm,10,10,34752,3074,1,0.229286,195,0.0508428,0.12884,0,0,0,0,30,30,30,30,0,0,0,0,0,0,0,0
nuscenes,scene-1094_026,ty,cm,10,-10,34752,2913,1,0.230843,198,0.0581747,0.12884,0,0,0,0,30,30,30,30,0,0,0,0,0,0,0,0
nuscenes,scene-1094_026,ty,cm,20,20,34752,3138,1,0.197583,220,0.0210933,0.12884,0,0,0,0,30,30,30,30,0,0,0,0,0,0,0,0
nuscenes,scene-1094_026,ty,cm,20,-20,34752,2877,1,0.227746,201,0.0551887,0.12884,0,0,0,0,30,30,30,30,0,0,0,0,0,0,0,0
nuscenes,scene-1094_026,tz,cm,2,2,34752,3036,1,0.243805,199,0.0603952,0.12884,0,0,0,0,30,30,30,30,0,0,0,0,0,0,0,0
nuscenes,scene-1094_026,tz,cm,2,-2,34752,2944,1,0.216401,188,0.0404518,0.12884,0,0,0,0,30,30,30,30,0,0,0,0,0,0,0,0
nuscenes,scene-1094_026,tz,cm,5,5,34752,3062,1,0.228997,226,0.0580627,0.12884,0,0,0,0,30,30,44,30,0,0,0,0,0,0,0,0
nuscenes,scene-1094_026,tz,cm,5,-5,34752,2926,1,0.228948,196,0.0579052,0.12884,0,0,0,0,30,30,30,30,0,0,0,0,0,0,0,0
nuscenes,scene-1094_026,tz,cm,10,10,34752,3099,1,0.23105,244,0.0614924,0.12884,0,0,0,0,30,30,44,30,0,0,0,0,0,0,0,0
nuscenes,scene-1094_026,tz,cm,10,-10,34752,2898,1,0.229274,195,0.05499,0.12884,0,0,0,0,30,30,30,30,0,0,0,0,0,0,0,0
nuscenes,scene-1094_026,tz,cm,20,20,34752,3331,1,0.212559,327,0.042581,0.12884,0,0,0,0,30,30,44,30,0,0,0,0,0,0,0,0
nuscenes,scene-1094_026,tz,cm,20,-20,34752,2765,1,0.231988,201,0.058548,0.12884,0,0,0,0,30,30,30,30,0,0,0,0,0,0,0,0
nuscenes,scene-1094_027,baseline,,0,0,34752,3019,3,0.268466,195,0.0458194,0.148223,33,32,99,32,29,29,29,29,0,0,0,0,0,0,0,0
nuscenes,scene-1094_027,roll,deg,0.25,0.25,34752,3057,3,0.298479,196,0.0747674,0.148223,33,30,98,30,29,29,42,29,0,0,0,0,0,0,0,0
nuscenes,scene-1094_027,roll,deg,0.25,-0.25,34752,2953,3,0.27806,198,0.0589276,0.148223,33,32,95,32,29,29,29,29,0,0,0,0,0,0,0,0
nuscenes,scene-1094_027,roll,deg,0.5,0.5,34752,3081,3,0.311451,194,0.09676,0.148223,33,30,103,30,29,29,42,29,0,0,0,0,0,0,0,0
nuscenes,scene-1094_027,roll,deg,0.5,-0.5,34752,2941,3,0.280945,193,0.0546271,0.148223,33,32,102,32,29,29,29,29,0,0,0,0,0,0,0,0
nuscenes,scene-1094_027,roll,deg,1,1,34752,3113,3,0.29474,190,0.0738628,0.148223,33,30,104,30,29,21,34,21,0,0,0,0,0,0,0,0
nuscenes,scene-1094_027,roll,deg,1,-1,34752,2908,3,0.256698,200,0.0198835,0.148223,33,32,98,32,29,29,29,29,0,0,0,0,0,0,0,0
nuscenes,scene-1094_027,roll,deg,1.5,1.5,34752,3202,3,0.277903,188,0.0451226,0.148223,33,30,97,30,29,21,46,21,0,0,0,0,0,0,0,0
nuscenes,scene-1094_027,roll,deg,1.5,-1.5,34752,2829,3,0.215811,196,-0.0106285,0.148223,33,32,93,32,29,18,18,18,0,0,0,0,0,0,0,0
nuscenes,scene-1094_027,roll,deg,2,2,34752,3254,3,0.270584,191,0.0364311,0.148223,33,21,94,21,29,11,36,11,0,0,0,0,0,0,0,0
nuscenes,scene-1094_027,roll,deg,2,-2,34752,2767,3,0.207212,202,-0.0159585,0.148223,33,28,94,28,29,18,18,18,0,0,0,0,0,0,0,0
nuscenes,scene-1094_027,roll,deg,3,3,34752,3386,3,0.229602,191,0.0101692,0.148223,33,16,99,16,29,11,48,11,0,0,0,0,0,0,0,0
nuscenes,scene-1094_027,roll,deg,3,-3,34752,2628,3,0.179583,192,-0.0236953,0.148223,33,26,92,26,29,8,8,8,0,0,0,0,0,0,0,0
nuscenes,scene-1094_027,pitch,deg,0.25,0.25,34752,3022,3,0.263986,195,0.0463486,0.148223,33,32,99,32,29,29,29,29,0,0,0,0,0,0,0,0
nuscenes,scene-1094_027,pitch,deg,0.25,-0.25,34752,3021,3,0.2708,198,0.0505653,0.148223,33,32,96,32,29,29,29,29,0,0,0,0,0,0,0,0
nuscenes,scene-1094_027,pitch,deg,0.5,0.5,34752,3022,3,0.261872,194,0.0455332,0.148223,33,32,99,32,29,29,29,29,0,0,0,0,0,0,0,0
nuscenes,scene-1094_027,pitch,deg,0.5,-0.5,34752,3023,3,0.27764,198,0.0600098,0.148223,33,32,100,32,29,29,29,29,0,0,0,0,0,0,0,0
nuscenes,scene-1094_027,pitch,deg,1,1,34752,3023,3,0.27086,196,0.0563396,0.148223,33,30,102,30,29,29,29,29,0,0,0,0,0,0,0,0
nuscenes,scene-1094_027,pitch,deg,1,-1,34752,3022,3,0.295719,190,0.071472,0.148223,33,32,94,32,29,29,29,29,0,0,0,0,0,0,0,0
nuscenes,scene-1094_027,pitch,deg,1.5,1.5,34752,3024,3,0.270232,200,0.0594841,0.148223,33,30,103,30,29,29,29,29,0,0,0,0,0,0,0,0
nuscenes,scene-1094_027,pitch,deg,1.5,-1.5,34752,3022,3,0.298452,194,0.0690117,0.148223,33,32,105,32,29,29,29,29,0,0,0,0,0,0,0,0
nuscenes,scene-1094_027,pitch,deg,2,2,34752,3025,3,0.281752,199,0.0632181,0.148223,33,30,101,30,29,29,29,29,0,0,0,0,0,0,0,0
nuscenes,scene-1094_027,pitch,deg,2,-2,34752,3028,3,0.284293,194,0.0479705,0.148223,33,32,104,32,29,29,29,29,0,0,0,0,0,0,0,0
nuscenes,scene-1094_027,pitch,deg,3,3,34752,3029,3,0.290844,200,0.0650824,0.148223,33,30,97,30,29,29,29,29,0,0,0,0,0,0,0,0
nuscenes,scene-1094_027,pitch,deg,3,-3,34752,3026,3,0.242892,190,0.0216316,0.148223,33,32,97,32,29,29,31,29,0,0,0,0,0,0,0,0
nuscenes,scene-1094_027,yaw,deg,0.25,0.25,34752,3013,3,0.269275,194,0.0475639,0.148223,33,33,98,33,29,29,29,29,0,0,0,0,0,0,0,0
nuscenes,scene-1094_027,yaw,deg,0.25,-0.25,34752,3029,3,0.249034,203,0.0275218,0.148223,33,32,103,32,29,29,29,29,0,0,0,0,0,0,0,0
nuscenes,scene-1094_027,yaw,deg,0.5,0.5,34752,3012,3,0.275757,189,0.0538369,0.148223,33,33,98,33,29,27,27,27,0,0,0,0,0,0,0,0
nuscenes,scene-1094_027,yaw,deg,0.5,-0.5,34752,3033,3,0.245466,204,0.022288,0.148223,33,30,103,30,29,27,27,27,0,0,0,0,0,0,0,0
nuscenes,scene-1094_027,yaw,deg,1,1,34752,2990,3,0.282679,180,0.0605653,0.148223,33,33,103,33,29,25,26,25,0,0,0,0,0,0,0,0
nuscenes,scene-1094_027,yaw,deg,1,-1,34752,3038,3,0.235288,207,0.0156255,0.148223,33,20,104,20,29,23,23,23,0,0,0,0,0,0,0,0
nuscenes,scene-1094_027,yaw,deg,1.5,1.5,34752,2973,3,0.258462,183,0.0271239,0.148223,33,31,96,31,29,22,23,22,0,0,0,0,0,0,0,0
nuscenes,scene-1094_027,yaw,deg,1.5,-1.5,34752,3048,3,0.215554,217,0.00262605,0.148223,33,11,97,11,29,19,19,19,0,0,0,0,0,0,0,0
nuscenes,scene-1094_027,yaw,deg,2,2,34752,2963,3,0.257426,184,0.0289414,0.148223,33,19,93,19,29,17,18,17,0,0,0,0,0,0,0,0
nuscenes,scene-1094_027,yaw,deg,2,-2,34752,3051,3,0.217557,219,0.00969394,0.148223,33,5,88,5,29,15,16,15,0,0,0,0,0,0,0,0
nuscenes,scene-1094_027,yaw,deg,3,3,34752,2947,3,0.235825,175,0.0225532,0.148223,33,4,94,4,29,9,10,9,0,0,0,0,0,0,0,0
nuscenes,scene-1094_027,yaw,deg,3,-3,34752,3060,3,0.203857,225,0.000579357,0.148223,33,0,79,0,29,6,11,6,0,0,0,0,0,0,0,0
nuscenes,scene-1094_027,tx,cm,2,2,34752,3027,3,0.263182,191,0.042056,0.148223,33,32,100,32,29,29,29,29,0,0,0,0,0,0,0,0
nuscenes,scene-1094_027,tx,cm,2,-2,34752,3017,3,0.263349,193,0.0464021,0.148223,33,33,101,33,29,29,29,29,0,0,0,0,0,0,0,0
nuscenes,scene-1094_027,tx,cm,5,5,34752,3032,3,0.250807,195,0.0330976,0.148223,33,32,101,32,29,29,29,29,0,0,0,0,0,0,0,0
nuscenes,scene-1094_027,tx,cm,5,-5,34752,3012,3,0.25661,187,0.0419139,0.148223,33,33,98,33,29,29,29,29,0,0,0,0,0,0,0,0
nuscenes,scene-1094_027,tx,cm,10,10,34752,3037,3,0.240834,196,0.022836,0.148223,33,31,99,31,29,29,29,29,0,0,0,0,0,0,0,0
nuscenes,scene-1094_027,tx,cm,10,-10,34752,3004,3,0.247229,184,0.0293346,0.148223,33,33,98,33,29,29,29,29,0,0,0,0,0,0,0,0
nuscenes,scene-1094_027,tx,cm,20,20,34752,3046,3,0.250226,194,0.0250731,0.148223,33,27,105,27,29,27,27,27,0,0,0,0,0,0,0,0
nuscenes,scene-1094_027,tx,cm,20,-20,34752,2984,3,0.23968,188,0.0306576,0.148223,33,33,94,33,29,27,27,27,0,0,0,0,0,0,0,0
nuscenes,scene-1094_027,ty,cm,2,2,34752,3040,3,0.263301,196,0.0431041,0.148223,33,32,100,32,29,29,29,29,0,0,0,0,0,0,0,0
nuscenes,scene-1094_027,ty,cm,2,-2,34752,3004,3,0.265986,199,0.046711,0.148223,33,32,99,32,29,29,29,29,0,0,0,0,0,0,0,0
nuscenes,scene-1094_027,ty,cm,5,5,34752,3066,3,0.255446,194,0.035675,0.148223,33,32,100,32,29,29,29,29,0,0,0,0,0,0,0,0
nuscenes,scene-1094_027,ty,cm,5,-5,34752,2972,3,0.258949,194,0.0429732,0.148223,33,32,98,32,29,29,29,29,0,0,0,0,0,0,0,0
nuscenes,scene-1094_027,ty,cm,10,10,34752,3101,3,0.251228,192,0.0318479,0.148223,33,32,101,32,29,29,29,29,0,0,0,0,0,0,0,0
nuscenes,scene-1094_027,ty,cm,10,-10,34752,2920,3,0.270656,190,0.0556523,0.148223,33,33,98,33,29,29,29,29,0,0,0,0,0,0,0,0
nuscenes,scene-1094_027,ty,cm,20,20,34752,3173,3,0.210294,230,0.000848323,0.148223,33,32,103,32,29,29,29,29,0,0,0,0,0,0,0,0
nuscenes,scene-1094_027,ty,cm,20,-20,34752,2865,3,0.249328,194,0.0400776,0.148223,33,33,96,33,29,29,29,29,0,0,0,0,0,0,0,0
nuscenes,scene-1094_027,tz,cm,2,2,34752,3051,3,0.276253,190,0.0506999,0.148223,33,32,99,32,29,29,29,29,0,0,0,0,0,0,0,0
nuscenes,scene-1094_027,tz,cm,2,-2,34752,2963,3,0.248756,193,0.0343093,0.148223,33,32,96,32,29,29,29,29,0,0,0,0,0,0,0,0
nuscenes,scene-1094_027,tz,cm,5,5,34752,3079,3,0.262057,214,0.0512107,0.148223,33,32,101,32,29,29,29,29,0,0,0,0,0,0,0,0
nuscenes,scene-1094_027,tz,cm,5,-5,34752,2940,3,0.206362,205,0.0241707,0.148223,33,32,89,32,29,29,29,29,0,0,0,0,0,0,0,0
nuscenes,scene-1094_027,tz,cm,10,10,34752,3110,3,0.253043,227,0.0453235,0.148223,33,30,103,30,29,29,42,29,0,0,0,0,0,0,0,0
nuscenes,scene-1094_027,tz,cm,10,-10,34752,2910,3,0.190903,199,0.0143368,0.148223,33,32,90,32,29,29,29,29,0,0,0,0,0,0,0,0
nuscenes,scene-1094_027,tz,cm,20,20,34752,3357,3,0.235972,312,0.0530634,0.148223,33,30,114,30,29,29,42,29,0,0,0,0,0,0,0,0
nuscenes,scene-1094_027,tz,cm,20,-20,34752,2773,3,0.213729,191,0.0154872,0.148223,33,32,88,32,29,29,29,29,0,0,0,0,0,0,0,0
nuscenes,scene-1094_028,baseline,,0,0,34752,2981,1,0.241187,201,0.0250024,0.150314,37,37,128,37,0,0,0,0,0,0,0,0,0,0,0,0
nuscenes,scene-1094_028,roll,deg,0.25,0.25,34752,3017,1,0.236904,200,0.0160146,0.150314,37,37,140,37,0,0,0,0,0,0,0,0,0,0,0,0
nuscenes,scene-1094_028,roll,deg,0.25,-0.25,34752,2911,1,0.22633,197,0.0145424,0.150314,37,37,136,37,0,0,0,0,0,0,0,0,0,0,0,0
nuscenes,scene-1094_028,roll,deg,0.5,0.5,34752,3043,1,0.220357,201,-0.00216708,0.150314,37,37,143,37,0,0,0,0,0,0,0,0,0,0,0,0
nuscenes,scene-1094_028,roll,deg,0.5,-0.5,34752,2897,1,0.2233,200,0.00312628,0.150314,37,37,138,37,0,0,0,0,0,0,0,0,0,0,0,0
nuscenes,scene-1094_028,roll,deg,1,1,34752,3071,1,0.214416,200,0.0154132,0.150314,37,34,140,34,0,0,0,0,0,0,0,0,0,0,0,0
nuscenes,scene-1094_028,roll,deg,1,-1,34752,2860,1,0.236075,198,0.00620717,0.150314,37,37,139,37,0,0,0,0,0,0,0,0,0,0,0,0
nuscenes,scene-1094_028,roll,deg,1.5,1.5,34752,3163,1,0.214006,201,0.00715685,0.150314,37,34,133,34,0,0,0,0,0,0,0,0,0,0,0,0
nuscenes,scene-1094_028,roll,deg,1.5,-1.5,34752,2784,1,0.22797,200,0.00910395,0.150314,37,37,123,37,0,0,0,0,0,0,0,0,0,0,0,0
nuscenes,scene-1094_028,roll,deg,2,2,34752,3215,1,0.217149,201,0.00869885,0.150314,37,34,139,34,0,0,0,0,0,0,0,0,0,0,0,0
nuscenes,scene-1094_028,roll,deg,2,-2,34752,2719,1,0.210972,199,-0.00781266,0.150314,37,37,127,37,0,0,0,0,0,0,0,0,0,0,0,0
nuscenes,scene-1094_028,roll,deg,3,3,34752,3343,1,0.208853,196,0.00362371,0.150314,37,30,135,30,0,0,0,0,0,0,0,0,0,0,0,0
nuscenes,scene-1094_028,roll,deg,3,-3,34752,2569,1,0.229626,198,0.00101025,0.150314,37,34,113,34,0,0,0,0,0,0,0,0,0,0,0,0
nuscenes,scene-1094_028,pitch,deg,0.25,0.25,34752,2982,1,0.250506,201,0.023907,0.150314,37,37,129,37,0,0,0,0,0,0,0,0,0,0,0,0
nuscenes,scene-1094_028,pitch,deg,0.25,-0.25,34752,2980,1,0.235379,201,0.0203156,0.150314,37,37,131,37,0,0,0,0,0,0,0,0,0,0,0,0
nuscenes,scene-1094_028,pitch,deg,0.5,0.5,34752,2984,1,0.244719,200,0.0193293,0.150314,37,37,138,37,0,0,0,0,0,0,0,0,0,0,0,0
nuscenes,scene-1094_028,pitch,deg,0.5,-0.5,34752,2980,1,0.225723,201,0.0169942,0.150314,37,37,136,37,0,0,0,0,0,0,0,0,0,0,0,0
nuscenes,scene-1094_028,pitch,deg,1,1,34752,2985,1,0.236166,200,0.0127007,0.150314,37,37,144,37,0,0,0,0,0,0,0,0,0,0,0,0
nuscenes,scene-1094_028,pitch,deg,1,-1,34752,2984,1,0.219166,202,0.0110411,0.150314,37,37,136,37,0,0,0,0,0,0,0,0,0,0,0,0
nuscenes,scene-1094_028,pitch,deg,1.5,1.5,34752,2977,1,0.229708,201,0.00143072,0.150314,37,37,140,37,0,0,0,0,0,0,0,0,0,0,0,0
nuscenes,scene-1094_028,pitch,deg,1.5,-1.5,34752,2984,1,0.204568,204,-0.0100169,0.150314,37,37,138,37,0,0,0,0,0,0,0,0,0,0,0,0
nuscenes,scene-1094_028,pitch,deg,2,2,34752,2981,1,0.215255,198,-0.0073768,0.150314,37,37,141,37,0,0,0,0,0,0,0,0,0,0,0,0
nuscenes,scene-1094_028,pitch,deg,2,-2,34752,2982,1,0.207659,205,-0.00163753,0.150314,37,37,139,37,0,0,0,0,0,0,0,0,0,0,0,0
nuscenes,scene-1094_028,pitch,deg,3,3,34752,2983,1,0.239874,201,0.009408,0.150314,37,34,134,34,0,0,0,0,0,0,0,0,0,0,0,0
nuscenes,scene-1094_028,pitch,deg,3,-3,34752,2980,1,0.19332,202,0.00195211,0.150314,37,36,130,36,0,0,0,0,0,0,0,0,0,0,0,0
nuscenes,scene-1094_028,yaw,deg,0.25,0.25,34752,2976,1,0.253924,199,0.032805,0.150314,37,37,124,37,0,0,0,0,0,0,0,0,0,0,0,0
nuscenes,scene-1094_028,yaw,deg,0.25,-0.25,34752,2981,1,0.253254,202,0.0325846,0.150314,37,36,131,36,0,0,0,0,0,0,0,0,0,0,0,0
nuscenes,scene-1094_028,yaw,deg,0.5,0.5,34752,2975,1,0.248445,200,0.0305609,0.150314,37,37,121,37,0,0,0,0,0,0,0,0,0,0,0,0
nuscenes,scene-1094_028,yaw,deg,0.5,-0.5,34752,2984,1,0.247612,199,0.0289474,0.150314,37,34,132,34,0,0,0,0,0,0,0,0,0,0,0,0
nuscenes,scene-1094_028,yaw,deg,1,1,34752,2967,1,0.237234,188,0.0366445,0.150314,37,36,117,36,0,0,0,0,0,0,0,0,0,0,0,0
nuscenes,scene-1094_028,yaw,deg,1,-1,34752,2985,1,0.25907,210,0.0453115,0.150314,37,30,138,30,0,0,0,0,0,0,0,0,0,0,0,0
nuscenes,scene-1094_028,yaw,deg,1.5,1.5,34752,2958,1,0.218239,180,-0.000932112,0.150314,37,36,117,36,0,0,0,0,0,0,0,0,0,0,0,0
nuscenes,scene-1094_028,yaw,deg,1.5,-1.5,34752,2990,1,0.238216,211,0.0221703,0.150314,37,22,135,22,0,0,0,0,0,0,0,0,0,0,0,0
nuscenes,scene-1094_028,yaw,deg,2,2,34752,2951,1,0.229341,179,-0.00666156,0.150314,37,36,118,36,0,0,0,0,0,0,0,0,0,0,0,0
nuscenes,scene-1094_028,yaw,deg,2,-2,34752,2997,1,0.253603,219,0.0305161,0.150314,37,10,133,10,0,0,0,0,0,0,0,0,0,0,0,0
nuscenes,scene-1094_028,yaw,deg,3,3,34752,2955,1,0.218559,173,-0.0234713,0.150314,37,30,113,30,0,0,0,0,0,0,0,0,0,0,0,0
nuscenes,scene-1094_028,yaw,deg,3,-3,34752,2978,1,0.240097,216,-0.013069,0.150314,37,3,122,3,0,0,0,0,0,0,0,0,0,0,0,0
nuscenes,scene-1094_028,tx,cm,2,2,34752,2980,1,0.245924,202,0.0265938,0.150314,37,37,128,37,0,0,0,0,0,0,0,0,0,0,0,0
nuscenes,scene-1094_028,tx,cm,2,-2,34752,2978,1,0.247372,199,0.030389,0.150314,37,37,128,37,0,0,0,0,0,0,0,0,0,0,0,0
nuscenes,scene-1094_028,tx,cm,5,5,34752,2982,1,0.246994,199,0.0274359,0.150314,37,36,128,36,0,0,0,0,0,0,0,0,0,0,0,0
nuscenes,scene-1094_028,tx,cm,5,-5,34752,2974,1,0.245216,198,0.0268582,0.150314,37,37,125,37,0,0,0,0,0,0,0,0,0,0,0,0
nuscenes,scene-1094_028,tx,cm,10,10,34752,2986,1,0.237301,201,0.02046,0.150314,37,34,128,34,0,0,0,0,0,0,0,0,0,0,0,0
nuscenes,scene-1094_028,tx,cm,10,-10,34752,2971,1,0.252039,204,0.029989,0.150314,37,37,124,37,0,0,0,0,0,0,0,0,0,0,0,0
nuscenes,scene-1094_028,tx,cm,20,20,34752,2996,1,0.23993,199,0.0234037,0.150314,37,26,127,26,0,0,0,0,0,0,0,0,0,0,0,0
nuscenes,scene-1094_028,tx,cm,20,-20,34752,2963,1,0.25327,220,0.0208816,0.150314,37,36,120,36,0,0,0,0,0,0,0,0,0,0,0,0
nuscenes,scene-1094_028,ty,cm,2,2,34752,2996,1,0.248518,200,0.0278014,0.150314,37,37,128,37,0,0,0,0,0,0,0,0,0,0,0,0
nuscenes,scene-1094_028,ty,cm,2,-2,34752,2963,1,0.250293,203,0.0314085,0.150314,37,37,128,37,0,0,0,0,0,0,0,0,0,0,0,0
nuscenes,scene-1094_028,ty,cm,5,5,34752,3017,1,0.245808,201,0.0279181,0.150314,37,37,128,37,0,0,0,0,0,0,0,0,0,0,0,0
nuscenes,scene-1094_028,ty,cm,5,-5,34752,2933,1,0.248952,198,0.0293795,0.150314,37,37,126,37,0,0,0,0,0,0,0,0,0,0,0,0
nuscenes,scene-1094_028,ty,cm,10,10,34752,3049,1,0.242253,197,0.0261173,0.150314,37,36,132,36,0,0,0,0,0,0,0,0,0,0,0,0
nuscenes,scene-1094_028,ty,cm,10,-10,34752,2881,1,0.251067,197,0.0292722,0.150314,37,37,124,37,0,0,0,0,0,0,0,0,0,0,0,0
nuscenes,scene-1094_028,ty,cm,20,20,34752,3131,1,0.220557,245,0.0105879,0.150314,37,36,144,36,0,0,0,0,0,0,0,0,0,0,0,0
nuscenes,scene-1094_028,ty,cm,20,-20,34752,2841,1,0.254675,207,0.0321883,0.150314,37,37,124,37,0,0,0,0,0,0,0,0,0,0,0,0
nuscenes,scene-1094_028,tz,cm,2,2,34752,3013,1,0.240884,201,0.0231131,0.150314,37,37,134,37,0,0,0,0,0,0,0,0,0,0,0,0
nuscenes,scene-1094_028,tz,cm,2,-2,34752,2932,1,0.237723,200,0.0236756,0.150314,37,37,128,37,0,0,0,0,0,0,0,0,0,0,0,0
nuscenes,scene-1094_028,tz,cm,5,5,34752,3042,1,0.250538,196,0.0251948,0.150314,37,37,144,37,0,0,0,0,0,0,0,0,0,0,0,0
nuscenes,scene-1094_028,tz,cm,5,-5,34752,2900,1,0.236762,202,0.0210091,0.150314,37,37,128,37,0,0,0,0,0,0,0,0,0,0,0,0
nuscenes,scene-1094_028,tz,cm,10,10,34752,3072,1,0.247268,200,0.0188752,0.150314,37,37,144,37,0,0,0,0,0,0,0,0,0,0,0,0
nuscenes,scene-1094_028,tz,cm,10,-10,34752,2869,1,0.246093,189,0.0189118,0.150314,37,37,135,37,0,0,0,0,0,0,0,0,0,0,0,0
nuscenes,scene-1094_028,tz,cm,20,20,34752,3323,1,0.211922,279,0.0288884,0.150314,37,34,155,34,0,0,0,0,0,0,0,0,0,0,0,0
nuscenes,scene-1094_028,tz,cm,20,-20,34752,2731,1,0.235111,184,0.0182782,0.150314,37,37,124,37,0,0,0,0,0,0,0,0,0,0,0,0
nuscenes,scene-1094_029,baseline,,0,0,34720,3048,2,0.205103,165,0.0180308,0.14495,19,19,67,19,17,17,20,17,0,0,0,0,0,0,0,0
nuscenes,scene-1094_029,roll,deg,0.25,0.25,34720,3084,2,0.21824,166,0.0215361,0.14495,19,19,64,19,17,17,20,17,0,0,0,0,0,0,0,0
nuscenes,scene-1094_029,roll,deg,0.25,-0.25,34720,2978,2,0.180519,165,-0.00488262,0.14495,19,19,67,19,17,17,17,17,0,0,0,0,0,0,0,0
nuscenes,scene-1094_029,roll,deg,0.5,0.5,34720,3112,2,0.219371,165,0.0235326,0.14495,19,19,66,19,17,17,20,17,0,0,0,0,0,0,0,0
nuscenes,scene-1094_029,roll,deg,0.5,-0.5,34720,2963,2,0.18524,163,-0.00942397,0.14495,19,19,67,19,17,17,17,17,0,0,0,0,0,0,0,0
nuscenes,scene-1094_029,roll,deg,1,1,34720,3143,2,0.19346,165,0.00821097,0.14495,19,18,65,18,17,17,20,17,0,0,0,0,0,0,0,0
nuscenes,scene-1094_029,roll,deg,1,-1,34720,2930,2,0.229783,166,0.00643937,0.14495,19,19,63,19,17,17,17,17,0,0,0,0,0,0,0,0
nuscenes,scene-1094_029,roll,deg,1.5,1.5,34720,3233,2,0.194251,167,0.00379471,0.14495,19,18,66,18,17,8,23,8,0,0,0,0,0,0,0,0
nuscenes,scene-1094_029,roll,deg,1.5,-1.5,34720,2854,2,0.239557,163,0.0115169,0.14495,19,16,67,16,17,9,9,9,0,0,0,0,0,0,0,0
nuscenes,scene-1094_029,roll,deg,2,2,34720,3289,2,0.188999,162,0.00561872,0.14495,19,14,63,14,17,8,23,8,0,0,0,0,0,0,0,0
nuscenes,scene-1094_029,roll,deg,2,-2,34720,2785,2,0.235256,165,-0.00406504,0.14495,19,16,67,16,17,9,9,9,0,0,0,0,0,0,0,0
nuscenes,scene-1094_029,roll,deg,3,3,34720,3416,2,0.182653,168,-0.00590947,0.14495,19,14,70,14,17,0,27,0,0,0,0,0,0,0,0,0
nuscenes,scene-1094_029,roll,deg,3,-3,34720,2635,2,0.250129,167,-0.00318748,0.14495,19,11,71,11,17,0,0,0,0,0,0,0,0,0,0,0
nuscenes,scene-1094_029,pitch,deg,0.25,0.25,34720,3050,2,0.214928,166,0.0277109,0.14495,19,19,64,19,17,17,20,17,0,0,0,0,0,0,0,0
nuscenes,scene-1094_029,pitch,deg,0.25,-0.25,34720,3046,2,0.202055,164,0.013624,0.14495,19,19,67,19,17,17,20,17,0,0,0,0,0,0,0,0
nuscenes,scene-1094_029,pitch,deg,0.5,0.5,34720,3053,2,0.220747,163,0.0279601,0.14495,19,19,61,19,17,17,20,17,0,0,0,0,0,0,0,0
nuscenes,scene-1094_029,pitch,deg,0.5,-0.5,34720,3047,2,0.193789,163,0.00322755,0.14495,19,19,67,19,17,17,20,17,0,0,0,0,0,0,0,0
nuscenes,scene-1094_029,pitch,deg,1,1,34720,3053,2,0.219076,165,0.0161439,0.14495,19,19,68,19,17,17,18,17,0,0,0,0,0,0,0,0
nuscenes,scene-1094_029,pitch,deg,1,-1,34720,3050,2,0.184078,165,-0.0109613,0.14495,19,19,68,19,17,17,20,17,0,0,0,0,0,0,0,0
nuscenes,scene-1094_029,pitch,deg,1.5,1.5,34720,3057,2,0.206512,163,-0.000218764,0.14495,19,19,67,19,17,17,17,17,0,0,0,0,0,0,0,0
nuscenes,scene-1094_029,pitch,deg,1.5,-1.5,34720,3048,2,0.208264,163,0.0114303,0.14495,19,19,67,19,17,17,20,17,0,0,0,0,0,0,0,0
nuscenes,scene-1094_029,pitch,deg,2,2,34720,3057,2,0.209387,166,-0.00814267,0.14495,19,18,65,18,17,17,17,17,0,0,0,0,0,0,0,0
nuscenes,scene-1094_029,pitch,deg,2,-2,34720,3046,2,0.206794,164,0.00959638,0.14495,19,19,67,19,17,17,20,17,0,0,0,0,0,0,0,0
nuscenes,scene-1094_029,pitch,deg,3,3,34720,3061,2,0.186472,161,-0.0292578,0.14495,19,18,65,18,17,17,17,17,0,0,0,0,0,0,0,0
nuscenes,scene-1094_029,pitch,deg,3,-3,34720,3043,2,0.222137,168,0.0347889,0.14495,19,19,66,19,17,17,20,17,0,0,0,0,0,0,0,0
nuscenes,scene-1094_029,yaw,deg,0.25,0.25,34720,3044,2,0.193674,164,0.00597402,0.14495,19,19,68,19,17,16,20,16,0,0,0,0,0,0,0,0
nuscenes,scene-1094_029,yaw,deg,0.25,-0.25,34720,3045,2,0.192238,166,0.00407416,0.14495,19,19,67,19,17,17,19,17,0,0,0,0,0,0,0,0
nuscenes,scene-1094_029,yaw,deg,0.5,0.5,34720,3039,2,0.201541,163,0.0171912,0.14495,19,19,68,19,17,16,21,16,0,0,0,0,0,0,0,0
nuscenes,scene-1094_029,yaw,deg,0.5,-0.5,34720,3054,2,0.170331,164,-0.020426,0.14495,19,19,66,19,17,17,19,17,0,0,0,0,0,0,0,0
nuscenes,scene-1094_029,yaw,deg,1,1,34720,3039,2,0.187592,163,0.00983927,0.14495,19,17,69,17,17,14,20,14,0,0,0,0,0,0,0,0
nuscenes,scene-1094_029,yaw,deg,1,-1,34720,3048,2,0.178622,164,-0.0216738,0.14495,19,19,67,19,17,14,16,14,0,0,0,0,0,0,0,0
nuscenes,scene-1094_029,yaw,deg,1.5,1.5,34720,3042,2,0.166523,169,-0.00875489,0.14495,19,9,69,9,17,11,18,11,0,0,0,0,0,0,0,0
nuscenes,scene-1094_029,yaw,deg,1.5,-1.5,34720,3051,2,0.162454,166,-0.0385105,0.14495,19,18,72,18,17,12,13,12,0,0,0,0,0,0,0,0
nuscenes,scene-1094_029,yaw,deg,2,2,34720,3040,2,0.150603,167,-0.0394894,0.14495,19,5,70,5,17,9,17,9,0,0,0,0,0,0,0,0
nuscenes,scene-1094_029,yaw,deg,2,-2,34720,3057,2,0.164181,164,-0.0391892,0.14495,19,15,70,15,17,8,8,8,0,0,0,0,0,0,0,0
nuscenes,scene-1094_029,yaw,deg,3,3,34720,3043,2,0.165683,166,-0.0280811,0.14495,19,0,71,0,17,3,11,3,0,0,0,0,0,0,0,0
nuscenes,scene-1094_029,yaw,deg,3,-3,34720,3066,2,0.180124,163,-0.0524313,0.14495,19,3,73,3,17,3,9,3,0,0,0,0,0,0,0,0
nuscenes,scene-1094_029,tx,cm,2,2,34720,3047,2,0.199315,160,0.00928392,0.14495,19,19,68,19,17,17,20,17,0,0,0,0,0,0,0,0
nuscenes,scene-1094_029,tx,cm,2,-2,34720,3044,2,0.211358,168,0.0254071,0.14495,19,19,67,19,17,17,20,17,0,0,0,0,0,0,0,0
nuscenes,scene-1094_029,tx,cm,5,5,34720,3051,2,0.19617,157,0.00800906,0.14495,19,19,68,19,17,17,20,17,0,0,0,0,0,0,0,0
nuscenes,scene-1094_029,tx,cm,5,-5,34720,3044,2,0.211565,171,0.0200124,0.14495,19,19,67,19,17,17,21,17,0,0,0,0,0,0,0,0
nuscenes,scene-1094_029,tx,cm,10,10,34720,3053,2,0.197721,154,0.00488506,0.14495,19,19,67,19,17,17,20,17,0,0,0,0,0,0,0,0
nuscenes,scene-1094_029,tx,cm,10,-10,34720,3048,2,0.212406,172,0.0110775,0.14495,19,19,68,19,17,16,20,16,0,0,0,0,0,0,0,0
nuscenes,scene-1094_029,tx,cm,20,20,34720,3053,2,0.203291,160,0.00857659,0.14495,19,19,69,19,17,17,19,17,0,0,0,0,0,0,0,0
nuscenes,scene-1094_029,tx,cm,20,-20,34720,3043,2,0.208155,168,0.00343156,0.14495,19,18,67,18,17,16,21,16,0,0,0,0,0,0,0,0
nuscenes,scene-1094_029,ty,cm,2,2,34720,3063,2,0.205024,164,0.0179551,0.14495,19,19,67,19,17,17,20,17,0,0,0,0,0,0,0,0
nuscenes,scene-1094_029,ty,cm,2,-2,34720,3029,2,0.209964,164,0.0197536,0.14495,19,19,67,19,17,17,20,17,0,0,0,0,0,0,0,0
nuscenes,scene-1094_029,ty,cm,5,5,34720,3084,2,0.202728,161,0.0163754,0.14495,19,19,68,19,17,17,20,17,0,0,0,0,0,0,0,0
nuscenes,scene-1094_029,ty,cm,5,-5,34720,3002,2,0.213753,164,0.0234461,0.14495,19,19,67,19,17,17,20,17,0,0,0,0,0,0,0,0
nuscenes,scene-1094_029,ty,cm,10,10,34720,3113,2,0.198678,166,0.0102038,0.14495,19,19,69,19,17,17,20,17,0,0,0,0,0,0,0,0
nuscenes,scene-1094_029,ty,cm,10,-10,34720,2954,2,0.211078,165,0.0175785,0.14495,19,19,65,19,17,17,20,17,0,0,0,0,0,0,0,0
nuscenes,scene-1094_029,ty,cm,20,20,34720,3191,2,0.180619,197,-0.00942753,0.14495,19,19,68,19,17,17,20,17,0,0,0,0,0,0,0,0
nuscenes,scene-1094_029,ty,cm,20,-20,34720,2917,2,0.196771,170,0.00413346,0.14495,19,19,65,19,17,17,20,17,0,0,0,0,0,0,0,0
nuscenes,scene-1094_029,tz,cm,2,2,34720,3079,2,0.213283,167,0.0304715,0.14495,19,19,66,19,17,17,20,17,0,0,0,0,0,0,0,0
nuscenes,scene-1094_029,tz,cm,2,-2,34720,2998,2,0.199447,162,0.0107801,0.14495,19,19,67,19,17,17,17,17,0,0,0,0,0,0,0,0
nuscenes,scene-1094_029,tz,cm,5,5,34720,3113,2,0.193033,177,0.0127345,0.14495,19,19,70,19,17,17,20,17,0,0,0,0,0,0,0,0
nuscenes,scene-1094_029,tz,cm,5,-5,34720,2965,2,0.196485,163,0.00893357,0.14495,19,19,67,19,17,17,17,17,0,0,0,0,0,0,0,0
nuscenes,scene-1094_029,tz,cm,10,10,34720,3145,2,0.214601,186,0.0260386,0.14495,19,19,74,19,17,17,20,17,0,0,0,0,0,0,0,0
nuscenes,scene-1094_029,tz,cm,10,-10,34720,2934,2,0.196364,164,0.00465523,0.14495,19,19,67,19,17,17,17,17,0,0,0,0,0,0,0,0
nuscenes,scene-1094_029,tz,cm,20,20,34720,3396,2,0.170369,290,0.025952,0.14495,19,18,66,18,17,17,20,17,0,0,0,0,0,0,0,0
nuscenes,scene-1094_029,tz,cm,20,-20,34720,2799,2,0.191381,167,0.00250699,0.14495,19,19,67,19,17,17,17,17,0,0,0,0,0,0,0,0
nuscenes,scene-1094_030,baseline,,0,0,34720,3095,2,0.206182,181,0.0188007,0.132311,41,41,123,41,0,0,0,0,32,32,42,32,0,0,0,0
nuscenes,scene-1094_030,roll,deg,0.25,0.25,34720,3133,2,0.208374,182,0.0183697,0.132311,41,41,122,41,0,0,0,0,32,31,48,31,0,0,0,0
nuscenes,scene-1094_030,roll,deg,0.25,-0.25,34720,3027,2,0.207247,182,0.00781699,0.132311,41,41,124,41,0,0,0,0,32,32,42,32,0,0,0,0
nuscenes,scene-1094_030,roll,deg,0.5,0.5,34720,3158,2,0.208567,182,0.0281616,0.132311,41,41,131,41,0,0,0,0,32,31,45,31,0,0,0,0
nuscenes,scene-1094_030,roll,deg,0.5,-0.5,34720,3015,2,0.212576,182,0.00632237,0.132311,41,41,124,41,0,0,0,0,32,32,43,32,0,0,0,0
nuscenes,scene-1094_030,roll,deg,1,1,34720,3190,2,0.185798,184,0.00703377,0.132311,41,41,127,41,0,0,0,0,32,31,45,31,0,0,0,0
nuscenes,scene-1094_030,roll,deg,1,-1,34720,2982,2,0.216705,180,0.00822341,0.132311,41,41,123,41,0,0,0,0,32,14,28,14,0,0,0,0
nuscenes,scene-1094_030,roll,deg,1.5,1.5,34720,3278,2,0.173869,183,-0.000896186,0.132311,41,41,128,41,0,0,0,0,32,31,68,31,0,0,0,0
nuscenes,scene-1094_030,roll,deg,1.5,-1.5,34720,2903,2,0.206483,179,-0.0203697,0.132311,41,41,120,41,0,0,0,0,32,14,33,14,0,0,0,0
nuscenes,scene-1094_030,roll,deg,2,2,34720,3333,2,0.14337,180,-0.0196734,0.132311,41,37,137,37,0,0,0,0,32,27,65,27,0,0,0,0
nuscenes,scene-1094_030,roll,deg,2,-2,34720,2836,2,0.241015,181,0.012028,0.132311,41,41,120,41,0,0,0,0,32,14,34,14,0,0,0,0
nuscenes,scene-1094_030,roll,deg,3,3,34720,3458,2,0.139472,182,-0.0199069,0.132311,41,37,127,37,0,0,0,0,32,21,82,21,0,0,0,0
nuscenes,scene-1094_030,roll,deg,3,-3,34720,2691,2,0.247603,180,-0.00480805,0.132311,41,37,119,37,0,0,0,0,32,5,30,5,0,0,0,0
nuscenes,scene-1094_030,pitch,deg,0.25,0.25,34720,3095,2,0.202173,182,0.0110986,0.132311,41,41,122,41,0,0,0,0,32,32,43,32,0,0,0,0
nuscenes,scene-1094_030,pitch,deg,0.25,-0.25,34720,3097,2,0.209195,180,0.0217336,0.132311,41,41,123,41,0,0,0,0,32,32,43,32,0,0,0,0
nuscenes,scene-1094_030,pitch,deg,0.5,0.5,34720,3099,2,0.208356,180,0.0140096,0.132311,41,41,123,41,0,0,0,0,32,32,43,32,0,0,0,0
nuscenes,scene-1094_030,pitch,deg,0.5,-0.5,34720,3096,2,0.200502,180,0.0127082,0.132311,41,41,123,41,0,0,0,0,32,32,44,32,0,0,0,0
nuscenes,scene-1094_030,pitch,deg,1,1,34720,3103,2,0.208396,180,0.0138509,0.132311,41,41,131,41,0,0,0,0,32,32,43,32,0,0,0,0
nuscenes,scene-1094_030,pitch,deg,1,-1,34720,3095,2,0.188248,181,0.00290482,0.132311,41,41,124,41,0,0,0,0,32,31,47,31,0,0,0,0
nuscenes,scene-1094_030,pitch,deg,1.5,1.5,34720,3102,2,0.209424,183,0.016562,0.132311,41,41,131,41,0,0,0,0,32,32,44,32,0,0,0,0
nuscenes,scene-1094_030,pitch,deg,1.5,-1.5,34720,3095,2,0.194534,180,0.00466976,0.132311,41,41,127,41,0,0,0,0,32,31,47,31,0,0,0,0
nuscenes,scene-1094_030,pitch,deg,2,2,34720,3102,2,0.226717,183,0.0307007,0.132311,41,41,125,41,0,0,0,0,32,32,44,32,0,0,0,0
nuscenes,scene-1094_030,pitch,deg,2,-2,34720,3101,2,0.193742,178,0.004746,0.132311,41,41,128,41,0,0,0,0,32,31,46,31,0,0,0,0
nuscenes,scene-1094_030,pitch,deg,3,3,34720,3102,2,0.216257,179,0.0147926,0.132311,41,41,127,41,0,0,0,0,32,27,39,27,0,0,0,0
nuscenes,scene-1094_030,pitch,deg,3,-3,34720,3096,2,0.200429,177,0.00569178,0.132311,41,41,121,41,0,0,0,0,32,31,46,31,0,0,0,0
nuscenes,scene-1094_030,yaw,deg,0.25,0.25,34720,3096,2,0.203432,181,0.00947297,0.132311,41,41,120,41,0,0,0,0,32,32,44,32,0,0,0,0
nuscenes,scene-1094_030,yaw,deg,0.25,-0.25,34720,3095,2,0.205829,180,0.0167072,0.132311,41,41,123,41,0,0,0,0,32,32,42,32,0,0,0,0
nuscenes,scene-1094_030,yaw,deg,0.5,0.5,34720,3095,2,0.200785,177,0.00898702,0.132311,41,41,123,41,0,0,0,0,32,32,46,32,0,0,0,0
nuscenes,scene-1094_030,yaw,deg,0.5,-0.5,34720,3094,2,0.201954,179,0.0113623,0.132311,41,41,121,41,0,0,0,0,32,32,40,32,0,0,0,0
nuscenes,scene-1094_030,yaw,deg,1,1,34720,3099,2,0.181887,182,2.32607e-05,0.132311,41,38,117,38,0,0,0,0,32,30,46,30,0,0,0,0
nuscenes,scene-1094_030,yaw,deg,1,-1,34720,3084,2,0.195756,175,0.00841683,0.132311,41,40,127,40,0,0,0,0,32,30,37,30,0,0,0,0
nuscenes,scene-1094_030,yaw,deg,1.5,1.5,34720,3104,2,0.17031,184,-0.0172968,0.132311,41,29,112,29,0,0,0,0,32,28,48,28,0,0,0,0
nuscenes,scene-1094_030,yaw,deg,1.5,-1.5,34720,3080,2,0.175229,173,-0.0199298,0.132311,41,39,129,39,0,0,0,0,32,29,35,29,0,0,0,0
nuscenes,scene-1094_030,yaw,deg,2,2,34720,3099,2,0.184903,184,0.0054974,0.132311,41,19,109,19,0,0,0,0,32,22,44,22,0,0,0,0
nuscenes,scene-1094_030,yaw,deg,2,-2,34720,3082,2,0.173705,174,-0.0324502,0.132311,41,36,138,36,0,0,0,0,32,27,32,27,0,0,0,0
nuscenes,scene-1094_030,yaw,deg,3,3,34720,3095,2,0.188881,184,0.00673127,0.132311,41,8,116,8,0,0,0,0,32,17,43,17,0,0,0,0
nuscenes,scene-1094_030,yaw,deg,3,-3,34720,3077,2,0.198175,175,-0.0100037,0.132311,41,26,143,26,0,0,0,0,32,24,29,24,0,0,0,0
nuscenes,scene-1094_030,tx,cm,2,2,34720,3094,2,0.191983,177,0.00641432,0.132311,41,41,122,41,0,0,0,0,32,32,42,32,0,0,0,0
nuscenes,scene-1094_030,tx,cm,2,-2,34720,3097,2,0.204212,183,0.0172587,0.132311,41,41,125,41,0,0,0,0,32,32,43,32,0,0,0,0
nuscenes,scene-1094_030,tx,cm,5,5,34720,3096,2,0.19492,172,0.00800017,0.132311,41,41,123,41,0,0,0,0,32,32,42,32,0,0,0,0
nuscenes,scene-1094_030,tx,cm,5,-5,34720,3098,2,0.204021,187,0.0162235,0.132311,41,41,121,41,0,0,0,0,32,32,43,32,0,0,0,0
nuscenes,scene-1094_030,tx,cm,10,10,34720,3095,2,0.189647,165,0.00625595,0.132311,41,41,123,41,0,0,0,0,32,32,42,32,0,0,0,0
nuscenes,scene-1094_030,tx,cm,10,-10,34720,3093,2,0.21762,189,0.0275878,0.132311,41,41,125,41,0,0,0,0,32,32,44,32,0,0,0,0
nuscenes,scene-1094_030,tx,cm,20,20,34720,3098,2,0.182244,169,-0.00261606,0.132311,41,40,123,40,0,0,0,0,32,32,42,32,0,0,0,0
nuscenes,scene-1094_030,tx,cm,20,-20,34720,3095,2,0.192036,198,0.00826767,0.132311,41,36,120,36,0,0,0,0,32,32,44,32,0,0,0,0
nuscenes,scene-1094_030,ty,cm,2,2,34720,3111,2,0.202174,181,0.0122939,0.132311,41,41,122,41,0,0,0,0,32,32,43,32,0,0,0,0
nuscenes,scene-1094_030,ty,cm,2,-2,34720,3080,2,0.203685,181,0.018722,0.132311,41,41,124,41,0,0,0,0,32,32,42,32,0,0,0,0
nuscenes,scene-1094_030,ty,cm,5,5,34720,3132,2,0.194434,173,0.00529596,0.132311,41,41,123,41,0,0,0,0,32,32,43,32,0,0,0,0
nuscenes,scene-1094_030,ty,cm,5,-5,34720,3056,2,0.204658,184,0.0183486,0.132311,41,41,125,41,0,0,0,0,32,32,42,32,0,0,0,0
nuscenes,scene-1094_030,ty,cm,10,10,34720,3164,2,0.193089,173,0.00189118,0.132311,41,41,123,41,0,0,0,0,32,32,43,32,0,0,0,0
nuscenes,scene-1094_030,ty,cm,10,-10,34720,3003,2,0.194187,182,0.0081647,0.132311,41,41,121,41,0,0,0,0,32,32,42,32,0,0,0,0
nuscenes,scene-1094_030,ty,cm,20,20,34720,3248,2,0.186367,232,-0.00737746,0.132311,41,41,129,41,0,0,0,0,32,32,44,32,0,0,0,0
nuscenes,scene-1094_030,ty,cm,20,-20,34720,2963,2,0.203035,180,0.0146581,0.132311,41,40,120,40,0,0,0,0,32,32,42,32,0,0,0,0
nuscenes,scene-1094_030,tz,cm,2,2,34720,3126,2,0.203225,182,0.0138164,0.132311,41,41,122,41,0,0,0,0,32,32,42,32,0,0,0,0
nuscenes,scene-1094_030,tz,cm,2,-2,34720,3050,2,0.206703,180,0.0198807,0.132311,41,41,124,41,0,0,0,0,32,32,42,32,0,0,0,0
nuscenes,scene-1094_030,tz,cm,5,5,34720,3160,2,0.211131,180,0.024629,0.132311,41,41,125,41,0,0,0,0,32,32,43,32,0,0,0,0
nuscenes,scene-1094_030,tz,cm,5,-5,34720,3015,2,0.217634,178,0.0293924,0.132311,41,41,124,41,0,0,0,0,32,32,42,32,0,0,0,0
nuscenes,scene-1094_030,tz,cm,10,10,34720,3191,2,0.203842,184,0.0194594,0.132311,41,41,136,41,0,0,0,0,32,32,50,32,0,0,0,0
nuscenes,scene-1094_030,tz,cm,10,-10,34720,2986,2,0.192693,171,0.0123126,0.132311,41,41,124,41,0,0,0,0,32,32,43,32,0,0,0,0
nuscenes,scene-1094_030,tz,cm,20,20,34720,3445,2,0.110896,276,-0.0125321,0.132311,41,41,136,41,0,0,0,0,32,31,50,31,0,0,0,0
nuscenes,scene-1094_030,tz,cm,20,-20,34720,2850,2,0.184213,183,-0.00948319,0.132311,41,41,110,41,0,0,0,0,32,32,44,32,0,0,0,0
nuscenes,scene-1094_031,baseline,,0,0,34752,3088,1,0.167274,192,0.00865807,0.117288,0,0,0,0,0,0,0,0,44,44,70,44,0,0,0,0
nuscenes,scene-1094_031,roll,deg,0.25,0.25,34752,3126,1,0.181372,194,0.0262005,0.117288,0,0,0,0,0,0,0,0,44,44,68,44,0,0,0,0
nuscenes,scene-1094_031,roll,deg,0.25,-0.25,34752,3024,1,0.158869,192,-0.00661576,0.117288,0,0,0,0,0,0,0,0,44,44,72,44,0,0,0,0
nuscenes,scene-1094_031,roll,deg,0.5,0.5,34752,3149,1,0.185702,190,0.0278057,0.117288,0,0,0,0,0,0,0,0,44,44,82,44,0,0,0,0
nuscenes,scene-1094_031,roll,deg,0.5,-0.5,34752,3010,1,0.153534,192,-0.0207514,0.117288,0,0,0,0,0,0,0,0,44,44,80,44,0,0,0,0
nuscenes,scene-1094_031,roll,deg,1,1,34752,3179,1,0.169342,190,0.0261787,0.117288,0,0,0,0,0,0,0,0,44,44,103,44,0,0,0,0
nuscenes,scene-1094_031,roll,deg,1,-1,34752,2974,1,0.169325,193,-0.00232713,0.117288,0,0,0,0,0,0,0,0,44,44,78,44,0,0,0,0
nuscenes,scene-1094_031,roll,deg,1.5,1.5,34752,3266,1,0.138815,190,0.0128739,0.117288,0,0,0,0,0,0,0,0,44,44,98,44,0,0,0,0
nuscenes,scene-1094_031,roll,deg,1.5,-1.5,34752,2893,1,0.175084,195,-0.0149278,0.117288,0,0,0,0,0,0,0,0,44,44,77,44,0,0,0,0
nuscenes,scene-1094_031,roll,deg,2,2,34752,3320,1,0.125227,191,-0.00981411,0.117288,0,0,0,0,0,0,0,0,44,44,129,44,0,0,0,0
nuscenes,scene-1094_031,roll,deg,2,-2,34752,2835,1,0.20827,191,0.00239666,0.117288,0,0,0,0,0,0,0,0,44,25,69,25,0,0,0,0
nuscenes,scene-1094_031,roll,deg,3,3,34752,3438,1,0.110658,189,-6.98119e-05,0.117288,0,0,0,0,0,0,0,0,44,38,135,38,0,0,0,0
nuscenes,scene-1094_031,roll,deg,3,-3,34752,2690,1,0.221257,192,0.00429752,0.117288,0,0,0,0,0,0,0,0,44,16,61,16,0,0,0,0
nuscenes,scene-1094_031,pitch,deg,0.25,0.25,34752,3089,1,0.169481,191,0.0134998,0.117288,0,0,0,0,0,0,0,0,44,44,70,44,0,0,0,0
nuscenes,scene-1094_031,pitch,deg,0.25,-0.25,34752,3088,1,0.166567,193,0.00667602,0.117288,0,0,0,0,0,0,0,0,44,44,68,44,0,0,0,0
nuscenes,scene-1094_031,pitch,deg,0.5,0.5,34752,3091,1,0.165812,194,0.0145495,0.117288,0,0,0,0,0,0,0,0,44,44,70,44,0,0,0,0
nuscenes,scene-1094_031,pitch,deg,0.5,-0.5,34752,3087,1,0.163148,192,-0.000957951,0.117288,0,0,0,0,0,0,0,0,44,44,68,44,0,0,0,0
nuscenes,scene-1094_031,pitch,deg,1,1,34752,3089,1,0.179482,190,0.0269323,0.117288,0,0,0,0,0,0,0,0,44,44,80,44,0,0,0,0
nuscenes,scene-1094_031,pitch,deg,1,-1,34752,3087,1,0.152633,191,-0.0147378,0.117288,0,0,0,0,0,0,0,0,44,44,68,44,0,0,0,0
nuscenes,scene-1094_031,pitch,deg,1.5,1.5,34752,3093,1,0.176924,191,0.0273343,0.117288,0,0,0,0,0,0,0,0,44,44,80,44,0,0,0,0
nuscenes,scene-1094_031,pitch,deg,1.5,-1.5,34752,3087,1,0.140483,193,-0.0321724,0.117288,0,0,0,0,0,0,0,0,44,44,71,44,0,0,0,0
nuscenes,scene-1094_031,pitch,deg,2,2,34752,3092,1,0.166278,190,0.0122271,0.117288,0,0,0,0,0,0,0,0,44,44,78,44,0,0,0,0
nuscenes,scene-1094_031,pitch,deg,2,-2,34752,3086,1,0.145855,193,-0.02902,0.117288,0,0,0,0,0,0,0,0,44,44,102,44,0,0,0,0
nuscenes,scene-1094_031,pitch,deg,3,3,34752,3098,1,0.180142,188,0.0230124,0.117288,0,0,0,0,0,0,0,0,44,44,75,44,0,0,0,0
nuscenes,scene-1094_031,pitch,deg,3,-3,34752,3083,1,0.169977,194,-0.00156048,0.117288,0,0,0,0,0,0,0,0,44,44,99,44,0,0,0,0
nuscenes,scene-1094_031,yaw,deg,0.25,0.25,34752,3090,1,0.189362,196,0.0322696,0.117288,0,0,0,0,0,0,0,0,44,44,72,44,0,0,0,0
nuscenes,scene-1094_031,yaw,deg,0.25,-0.25,34752,3083,1,0.160335,188,0.000320017,0.117288,0,0,0,0,0,0,0,0,44,44,68,44,0,0,0,0
nuscenes,scene-1094_031,yaw,deg,0.5,0.5,34752,3089,1,0.18559,193,0.0301191,0.117288,0,0,0,0,0,0,0,0,44,43,73,43,0,0,0,0
nuscenes,scene-1094_031,yaw,deg,0.5,-0.5,34752,3079,1,0.145353,189,-0.0188498,0.117288,0,0,0,0,0,0,0,0,44,44,67,44,0,0,0,0
nuscenes,scene-1094_031,yaw,deg,1,1,34752,3099,1,0.18353,197,0.0262773,0.117288,0,0,0,0,0,0,0,0,44,41,77,41,0,0,0,0
nuscenes,scene-1094_031,yaw,deg,1,-1,34752,3071,1,0.148988,182,-0.0227203,0.117288,0,0,0,0,0,0,0,0,44,42,63,42,0,0,0,0
nuscenes,scene-1094_031,yaw,deg,1.5,1.5,34752,3093,1,0.165851,196,0.0104256,0.117288,0,0,0,0,0,0,0,0,44,35,74,35,0,0,0,0
nuscenes,scene-1094_031,yaw,deg,1.5,-1.5,34752,3064,1,0.163207,180,-0.00920258,0.117288,0,0,0,0,0,0,0,0,44,41,63,41,0,0,0,0
nuscenes,scene-1094_031,yaw,deg,2,2,34752,3093,1,0.138149,195,-0.016221,0.117288,0,0,0,0,0,0,0,0,44,32,79,32,0,0,0,0
nuscenes,scene-1094_031,yaw,deg,2,-2,34752,3057,1,0.18499,180,0.00593993,0.117288,0,0,0,0,0,0,0,0,44,39,60,39,0,0,0,0
nuscenes,scene-1094_031,yaw,deg,3,3,34752,3084,1,0.148756,191,-0.00270168,0.117288,0,0,0,0,0,0,0,0,44,24,83,24,0,0,0,0
nuscenes,scene-1094_031,yaw,deg,3,-3,34752,3059,1,0.186004,177,0.00246041,0.117288,0,0,0,0,0,0,0,0,44,37,58,37,0,0,0,0
nuscenes,scene-1094_031,tx,cm,2,2,34752,3085,1,0.164927,187,0.0039237,0.117288,0,0,0,0,0,0,0,0,44,44,71,44,0,0,0,0
nuscenes,scene-1094_031,tx,cm,2,-2,34752,3088,1,0.172258,194,0.0140026,0.117288,0,0,0,0,0,0,0,0,44,44,70,44,0,0,0,0
nuscenes,scene-1094_031,tx,cm,5,5,34752,3088,1,0.162289,185,0.000845075,0.117288,0,0,0,0,0,0,0,0,44,44,70,44,0,0,0,0
nuscenes,scene-1094_031,tx,cm,5,-5,34752,3090,1,0.172177,198,0.0135246,0.117288,0,0,0,0,0,0,0,0,44,44,70,44,0,0,0,0
nuscenes,scene-1094_031,tx,cm,10,10,34752,3085,1,0.160069,185,0.00268979,0.117288,0,0,0,0,0,0,0,0,44,44,69,44,0,0,0,0
nuscenes,scene-1094_031,tx,cm,10,-10,34752,3089,1,0.180778,199,0.0177181,0.117288,0,0,0,0,0,0,0,0,44,44,71,44,0,0,0,0
nuscenes,scene-1094_031,tx,cm,20,20,34752,3076,1,0.159386,199,-0.00215924,0.117288,0,0,0,0,0,0,0,0,44,44,68,44,0,0,0,0
nuscenes,scene-1094_031,tx,cm,20,-20,34752,3093,1,0.20719,193,0.0443289,0.117288,0,0,0,0,0,0,0,0,44,44,71,44,0,0,0,0
nuscenes,scene-1094_031,ty,cm,2,2,34752,3103,1,0.163426,191,0.00324494,0.117288,0,0,0,0,0,0,0,0,44,44,70,44,0,0,0,0
nuscenes,scene-1094_031,ty,cm,2,-2,34752,3071,1,0.16804,194,0.00974517,0.117288,0,0,0,0,0,0,0,0,44,44,71,44,0,0,0,0
nuscenes,scene-1094_031,ty,cm,5,5,34752,3121,1,0.163057,191,0.00230731,0.117288,0,0,0,0,0,0,0,0,44,44,70,44,0,0,0,0
nuscenes,scene-1094_031,ty,cm,5,-5,34752,3043,1,0.170889,195,0.0100666,0.117288,0,0,0,0,0,0,0,0,44,44,71,44,0,0,0,0
nuscenes,scene-1094_031,ty,cm,10,10,34752,3153,1,0.163126,189,0.00335707,0.117288,0,0,0,0,0,0,0,0,44,44,70,44,0,0,0,0
nuscenes,scene-1094_031,ty,cm,10,-10,34752,3002,1,0.171731,199,0.014838,0.117288,0,0,0,0,0,0,0,0,44,44,70,44,0,0,0,0
nuscenes,scene-1094_031,ty,cm,20,20,34752,3217,1,0.152206,223,0.00152414,0.117288,0,0,0,0,0,0,0,0,44,44,71,44,0,0,0,0
nuscenes,scene-1094_031,ty,cm,20,-20,34752,2962,1,0.170971,200,0.015231,0.117288,0,0,0,0,0,0,0,0,44,44,68,44,0,0,0,0
nuscenes,scene-1094_031,tz,cm,2,2,34752,3120,1,0.168192,192,0.0111467,0.117288,0,0,0,0,0,0,0,0,44,44,68,44,0,0,0,0
nuscenes,scene-1094_031,tz,cm,2,-2,34752,3026,1,0.165922,193,0.00607666,0.117288,0,0,0,0,0,0,0,0,44,44,70,44,0,0,0,0
nuscenes,scene-1094_031,tz,cm,5,5,34752,3149,1,0.165149,188,0.00749069,0.117288,0,0,0,0,0,0,0,0,44,44,68,44,0,0,0,0
nuscenes,scene-1094_031,tz,cm,5,-5,34752,3010,1,0.167159,189,0.00534368,0.117288,0,0,0,0,0,0,0,0,44,44,70,44,0,0,0,0
nuscenes,scene-1094_031,tz,cm,10,10,34752,3178,1,0.16811,185,0.0108886,0.117288,0,0,0,0,0,0,0,0,44,44,68,44,0,0,0,0
nuscenes,scene-1094_031,tz,cm,10,-10,34752,2981,1,0.166053,184,-0.00192951,0.117288,0,0,0,0,0,0,0,0,44,44,70,44,0,0,0,0
nuscenes,scene-1094_031,tz,cm,20,20,34752,3422,1,0.168313,272,0.0254059,0.117288,0,0,0,0,0,0,0,0,44,44,86,44,0,0,0,0
nuscenes,scene-1094_031,tz,cm,20,-20,34752,2846,1,0.158444,194,-0.0063085,0.117288,0,0,0,0,0,0,0,0,44,44,70,44,0,0,0,0
nuscenes,scene-1094_032,baseline,,0,0,34784,2999,1,0.18198,166,-0.0148149,0.123106,0,0,0,0,108,108,179,108,0,0,0,0,0,0,0,0
nuscenes,scene-1094_032,roll,deg,0.25,0.25,34784,3037,1,0.189492,167,-0.000899091,0.123106,0,0,0,0,108,108,167,108,0,0,0,0,0,0,0,0
nuscenes,scene-1094_032,roll,deg,0.25,-0.25,34784,2932,1,0.195188,167,-0.00877117,0.123106,0,0,0,0,108,108,181,108,0,0,0,0,0,0,0,0
nuscenes,scene-1094_032,roll,deg,0.5,0.5,34784,3061,1,0.186819,167,0.00488849,0.123106,0,0,0,0,108,108,175,108,0,0,0,0,0,0,0,0
nuscenes,scene-1094_032,roll,deg,0.5,-0.5,34784,2917,1,0.184562,166,-0.0232921,0.123106,0,0,0,0,108,108,166,108,0,0,0,0,0,0,0,0
nuscenes,scene-1094_032,roll,deg,1,1,34784,3089,1,0.201556,166,0.0239131,0.123106,0,0,0,0,108,106,195,106,0,0,0,0,0,0,0,0
nuscenes,scene-1094_032,roll,deg,1,-1,34784,2884,1,0.184482,168,-0.031822,0.123106,0,0,0,0,108,108,146,108,0,0,0,0,0,0,0,0
nuscenes,scene-1094_032,roll,deg,1.5,1.5,34784,3174,1,0.16623,165,0.00755535,0.123106,0,0,0,0,108,102,195,102,0,0,0,0,0,0,0,0
nuscenes,scene-1094_032,roll,deg,1.5,-1.5,34784,2806,1,0.22264,166,-0.00438225,0.123106,0,0,0,0,108,108,159,108,0,0,0,0,0,0,0,0
nuscenes,scene-1094_032,roll,deg,2,2,34784,3229,1,0.166165,165,0.020551,0.123106,0,0,0,0,108,102,208,102,0,0,0,0,0,0,0,0
nuscenes,scene-1094_032,roll,deg,2,-2,34784,2744,1,0.223083,166,0.000109136,0.123106,0,0,0,0,108,90,144,90,0,0,0,0,0,0,0,0
nuscenes,scene-1094_032,roll,deg,3,3,34784,3349,1,0.116454,160,-0.00387275,0.123106,0,0,0,0,108,83,207,83,0,0,0,0,0,0,0,0
nuscenes,scene-1094_032,roll,deg,3,-3,34784,2594,1,0.287653,167,0.0547607,0.123106,0,0,0,0,108,90,162,90,0,0,0,0,0,0,0,0
nuscenes,scene-1094_032,pitch,deg,0.25,0.25,34784,3000,1,0.179044,169,-0.0164125,0.123106,0,0,0,0,108,108,182,108,0,0,0,0,0,0,0,0
nuscenes,scene-1094_032,pitch,deg,0.25,-0.25,34784,2997,1,0.177898,168,-0.0120156,0.123106,0,0,0,0,108,108,169,108,0,0,0,0,0,0,0,0
nuscenes,scene-1094_032,pitch,deg,0.5,0.5,34784,3002,1,0.184635,166,-0.011541,0.123106,0,0,0,0,108,108,179,108,0,0,0,0,0,0,0,0
nuscenes,scene-1094_032,pitch,deg,0.5,-0.5,34784,2999,1,0.183529,168,-0.0107877,0.123106,0,0,0,0,108,108,167,108,0,0,0,0,0,0,0,0
nuscenes,scene-1094_032,pitch,deg,1,1,34784,3001,1,0.193136,168,1.62423e-06,0.123106,0,0,0,0,108,108,167,108,0,0,0,0,0,0,0,0
nuscenes,scene-1094_032,pitch,deg,1,-1,34784,3001,1,0.186763,169,-0.0115962,0.123106,0,0,0,0,108,108,165,108,0,0,0,0,0,0,0,0
nuscenes,scene-1094_032,pitch,deg,1.5,1.5,34784,3004,1,0.191539,168,0.00764173,0.123106,0,0,0,0,108,108,158,108,0,0,0,0,0,0,0,0
nuscenes,scene-1094_032,pitch,deg,1.5,-1.5,34784,2998,1,0.187861,167,-0.0161111,0.123106,0,0,0,0,108,108,188,108,0,0,0,0,0,0,0,0
nuscenes,scene-1094_032,pitch,deg,2,2,34784,3005,1,0.187089,169,0.00753401,0.123106,0,0,0,0,108,108,152,108,0,0,0,0,0,0,0,0
nuscenes,scene-1094_032,pitch,deg,2,-2,34784,2993,1,0.181388,166,-0.0210594,0.123106,0,0,0,0,108,106,201,106,0,0,0,0,0,0,0,0
nuscenes,scene-1094_032,pitch,deg,3,3,34784,3007,1,0.2082,169,0.020066,0.123106,0,0,0,0,108,108,156,108,0,0,0,0,0,0,0,0
nuscenes,scene-1094_032,pitch,deg,3,-3,34784,2998,1,0.185275,170,-0.0139719,0.123106,0,0,0,0,108,102,197,102,0,0,0,0,0,0,0,0
nuscenes,scene-1094_032,yaw,deg,0.25,0.25,34784,2995,1,0.179786,167,-0.0130651,0.123106,0,0,0,0,108,108,177,108,0,0,0,0,0,0,0,0
nuscenes,scene-1094_032,yaw,deg,0.25,-0.25,34784,3007,1,0.187207,168,-0.00523809,0.123106,0,0,0,0,108,108,181,108,0,0,0,0,0,0,0,0
nuscenes,scene-1094_032,yaw,deg,0.5,0.5,34784,2989,1,0.17794,167,-0.00691302,0.123106,0,0,0,0,108,108,173,108,0,0,0,0,0,0,0,0
nuscenes,scene-1094_032,yaw,deg,0.5,-0.5,34784,3017,1,0.175738,167,-0.0162483,0.123106,0,0,0,0,108,108,183,108,0,0,0,0,0,0,0,0
nuscenes,scene-1094_032,yaw,deg,1,1,34784,2993,1,0.174469,176,0.00688218,0.123106,0,0,0,0,108,104,176,105,0,0,0,0,0,0,0,0
nuscenes,scene-1094_032,yaw,deg,1,-1,34784,3029,1,0.152296,171,-0.0404373,0.123106,0,0,0,0,108,108,188,108,0,0,0,0,0,0,0,0
nuscenes,scene-1094_032,yaw,deg,1.5,1.5,34784,3001,1,0.161137,181,0.000871584,0.123106,0,0,0,0,108,101,177,103,0,0,0,0,0,0,0,0
nuscenes,scene-1094_032,yaw,deg,1.5,-1.5,34784,3031,1,0.15488,169,-0.0467872,0.123106,0,0,0,0,108,102,182,102,0,0,0,0,0,0,0,0
nuscenes,scene-1094_032,yaw,deg,2,2,34784,3003,1,0.15717,187,0.00869,0.123106,0,0,0,0,108,95,178,99,0,0,0,0,0,0,0,0
nuscenes,scene-1094_032,yaw,deg,2,-2,34784,3030,1,0.1834,174,-0.03696,0.123106,0,0,0,0,108,100,186,100,0,0,0,0,0,0,0,0
nuscenes,scene-1094_032,yaw,deg,3,3,34784,2990,1,0.159759,182,0.00906476,0.123106,0,0,0,0,108,87,177,95,0,0,0,0,0,0,0,0
nuscenes,scene-1094_032,yaw,deg,3,-3,34784,3028,1,0.215653,174,0.00267892,0.123106,0,0,0,0,108,89,179,89,0,0,0,0,0,0,0,0
nuscenes,scene-1094_032,tx,cm,2,2,34784,3000,1,0.180277,164,-0.0144507,0.123106,0,0,0,0,108,108,179,108,0,0,0,0,0,0,0,0
nuscenes,scene-1094_032,tx,cm,2,-2,34784,3000,1,0.181686,172,-0.0120326,0.123106,0,0,0,0,108,108,179,108,0,0,0,0,0,0,0,0
nuscenes,scene-1094_032,tx,cm,5,5,34784,3002,1,0.186133,159,-0.00916277,0.123106,0,0,0,0,108,108,180,108,0,0,0,0,0,0,0,0
nuscenes,scene-1094_032,tx,cm,5,-5,34784,2999,1,0.179229,174,-0.0123623,0.123106,0,0,0,0,108,108,179,108,0,0,0,0,0,0,0,0
nuscenes,scene-1094_032,tx,cm,10,10,34784,3001,1,0.170505,153,-0.0150012,0.123106,0,0,0,0,108,108,180,108,0,0,0,0,0,0,0,0
nuscenes,scene-1094_032,tx,cm,10,-10,34784,3000,1,0.179778,176,-0.0113825,0.123106,0,0,0,0,108,108,178,108,0,0,0,0,0,0,0,0
nuscenes,scene-1094_032,tx,cm,20,20,34784,3008,1,0.163366,155,-0.0175677,0.123106,0,0,0,0,108,108,184,108,0,0,0,0,0,0,0,0
nuscenes,scene-1094_032,tx,cm,20,-20,34784,3004,1,0.176062,181,-0.0142342,0.123106,0,0,0,0,108,108,180,108,0,0,0,0,0,0,0,0
nuscenes,scene-1094_032,ty,cm,2,2,34784,3017,1,0.181028,166,-0.0133566,0.123106,0,0,0,0,108,108,179,108,0,0,0,0,0,0,0,0
nuscenes,scene-1094_032,ty,cm,2,-2,34784,2980,1,0.177903,168,-0.0147793,0.123106,0,0,0,0,108,108,179,108,0,0,0,0,0,0,0,0
nuscenes,scene-1094_032,ty,cm,5,5,34784,3035,1,0.184836,166,-0.011185,0.123106,0,0,0,0,108,108,179,108,0,0,0,0,0,0,0,0
nuscenes,scene-1094_032,ty,cm,5,-5,34784,2955,1,0.177257,170,-0.0145265,0.123106,0,0,0,0,108,108,178,108,0,0,0,0,0,0,0,0
nuscenes,scene-1094_032,ty,cm,10,10,34784,3066,1,0.182759,163,-0.0160744,0.123106,0,0,0,0,108,108,179,108,0,0,0,0,0,0,0,0
nuscenes,scene-1094_032,ty,cm,10,-10,34784,2909,1,0.178437,169,-0.0144969,0.123106,0,0,0,0,108,108,178,108,0,0,0,0,0,0,0,0
nuscenes,scene-1094_032,ty,cm,20,20,34784,3134,1,0.165394,190,-0.0112408,0.123106,0,0,0,0,108,108,183,108,0,0,0,0,0,0,0,0
nuscenes,scene-1094_032,ty,cm,20,-20,34784,2878,1,0.169063,174,-0.0179346,0.123106,0,0,0,0,108,108,179,108,0,0,0,0,0,0,0,0
nuscenes,scene-1094_032,tz,cm,2,2,34784,3029,1,0.184636,155,-0.0103038,0.123106,0,0,0,0,108,108,178,108,0,0,0,0,0,0,0,0
nuscenes,scene-1094_032,tz,cm,2,-2,34784,2940,1,0.180864,167,-0.0154378,0.123106,0,0,0,0,108,108,180,108,0,0,0,0,0,0,0,0
nuscenes,scene-1094_032,tz,cm,5,5,34784,3060,1,0.187538,153,-0.00670978,0.123106,0,0,0,0,108,108,174,108,0,0,0,0,0,0,0,0
nuscenes,scene-1094_032,tz,cm,5,-5,34784,2917,1,0.184862,167,-0.0103789,0.123106,0,0,0,0,108,108,182,108,0,0,0,0,0,0,0,0
nuscenes,scene-1094_032,tz,cm,10,10,34784,3088,1,0.211811,149,0.00330102,0.123106,0,0,0,0,108,108,167,108,0,0,0,0,0,0,0,0
nuscenes,scene-1094_032,tz,cm,10,-10,34784,2886,1,0.185762,167,-0.0120094,0.123106,0,0,0,0,108,108,178,108,0,0,0,0,0,0,0,0
nuscenes,scene-1094_032,tz,cm,20,20,34784,3334,1,0.183508,250,0.0110034,0.123106,0,0,0,0,108,108,191,108,0,0,0,0,0,0,0,0
nuscenes,scene-1094_032,tz,cm,20,-20,34784,2749,1,0.196919,169,-0.00167188,0.123106,0,0,0,0,108,108,159,108,0,0,0,0,0,0,0,0
nuscenes,scene-1094_033,baseline,,0,0,34720,3016,1,0.242857,187,0.0230047,0.128529,0,0,0,0,18,17,17,17,0,0,0,0,0,0,0,0
nuscenes,scene-1094_033,roll,deg,0.25,0.25,34720,3051,1,0.240472,187,0.0308791,0.128529,0,0,0,0,18,17,17,17,0,0,0,0,0,0,0,0
nuscenes,scene-1094_033,roll,deg,0.25,-0.25,34720,2944,1,0.245276,182,0.0229202,0.128529,0,0,0,0,18,17,17,17,0,0,0,0,0,0,0,0
nuscenes,scene-1094_033,roll,deg,0.5,0.5,34720,3080,1,0.239125,183,0.0371699,0.128529,0,0,0,0,18,17,17,17,0,0,0,0,0,0,0,0
nuscenes,scene-1094_033,roll,deg,0.5,-0.5,34720,2935,1,0.250745,185,0.0161852,0.128529,0,0,0,0,18,17,17,17,0,0,0,0,0,0,0,0
nuscenes,scene-1094_033,roll,deg,1,1,34720,3113,1,0.239197,188,0.0264432,0.128529,0,0,0,0,18,17,17,17,0,0,0,0,0,0,0,0
nuscenes,scene-1094_033,roll,deg,1,-1,34720,2900,1,0.2571,180,0.0328799,0.128529,0,0,0,0,18,17,17,17,0,0,0,0,0,0,0,0
nuscenes,scene-1094_033,roll,deg,1.5,1.5,34720,3206,1,0.253788,187,0.0452125,0.128529,0,0,0,0,18,8,19,8,0,0,0,0,0,0,0,0
nuscenes,scene-1094_033,roll,deg,1.5,-1.5,34720,2824,1,0.265852,179,0.0195247,0.128529,0,0,0,0,18,9,9,9,0,0,0,0,0,0,0,0
nuscenes,scene-1094_033,roll,deg,2,2,34720,3259,1,0.205892,187,0.00288405,0.128529,0,0,0,0,18,8,19,8,0,0,0,0,0,0,0,0
nuscenes,scene-1094_033,roll,deg,2,-2,34720,2758,1,0.236009,179,-0.00860156,0.128529,0,0,0,0,18,9,9,9,0,0,0,0,0,0,0,0
nuscenes,scene-1094_033,roll,deg,3,3,34720,3381,1,0.160222,187,-0.00760791,0.128529,0,0,0,0,18,0,22,0,0,0,0,0,0,0,0,0
nuscenes,scene-1094_033,roll,deg,3,-3,34720,2613,1,0.243748,183,-0.0129608,0.128529,0,0,0,0,18,0,0,0,0,0,0,0,0,0,0,0
nuscenes,scene-1094_033,pitch,deg,0.25,0.25,34720,3019,1,0.253488,184,0.0316858,0.128529,0,0,0,0,18,17,17,17,0,0,0,0,0,0,0,0
nuscenes,scene-1094_033,pitch,deg,0.25,-0.25,34720,3017,1,0.24915,184,0.0321611,0.128529,0,0,0,0,18,17,17,17,0,0,0,0,0,0,0,0
nuscenes,scene-1094_033,pitch,deg,0.5,0.5,34720,3021,1,0.25506,183,0.0391017,0.128529,0,0,0,0,18,17,17,17,0,0,0,0,0,0,0,0
nuscenes,scene-1094_033,pitch,deg,0.5,-0.5,34720,3019,1,0.236815,187,0.0182425,0.128529,0,0,0,0,18,17,17,17,0,0,0,0,0,0,0,0
nuscenes,scene-1094_033,pitch,deg,1,1,34720,3029,1,0.249795,186,0.0410552,0.128529,0,0,0,0,18,17,17,17,0,0,0,0,0,0,0,0
nuscenes,scene-1094_033,pitch,deg,1,-1,34720,3022,1,0.230329,183,0.00669898,0.128529,0,0,0,0,18,17,17,17,0,0,0,0,0,0,0,0
nuscenes,scene-1094_033,pitch,deg,1.5,1.5,34720,3028,1,0.239397,185,0.0264983,0.128529,0,0,0,0,18,17,17,17,0,0,0,0,0,0,0,0
nuscenes,scene-1094_033,pitch,deg,1.5,-1.5,34720,3025,1,0.229444,187,0.00861053,0.128529,0,0,0,0,18,17,17,17,0,0,0,0,0,0,0,0
nuscenes,scene-1094_033,pitch,deg,2,2,34720,3029,1,0.256602,186,0.039499,0.128529,0,0,0,0,18,17,17,17,0,0,0,0,0,0,0,0
nuscenes,scene-1094_033,pitch,deg,2,-2,34720,3018,1,0.233042,186,0.0132951,0.128529,0,0,0,0,18,17,17,17,0,0,0,0,0,0,0,0
nuscenes,scene-1094_033,pitch,deg,3,3,34720,3026,1,0.270186,187,0.0586161,0.128529,0,0,0,0,18,17,17,17,0,0,0,0,0,0,0,0
nuscenes,scene-1094_033,pitch,deg,3,-3,34720,3020,1,0.251599,186,0.0213429,0.128529,0,0,0,0,18,17,17,17,0,0,0,0,0,0,0,0
nuscenes,scene-1094_033,yaw,deg,0.25,0.25,34720,3023,1,0.238782,185,0.0147582,0.128529,0,0,0,0,18,17,17,17,0,0,0,0,0,0,0,0
nuscenes,scene-1094_033,yaw,deg,0.25,-0.25,34720,3019,1,0.231087,187,0.0133718,0.128529,0,0,0,0,18,18,18,18,0,0,0,0,0,0,0,0
nuscenes,scene-1094_033,yaw,deg,0.5,0.5,34720,3029,1,0.236077,185,0.0136051,0.128529,0,0,0,0,18,17,17,17,0,0,0,0,0,0,0,0
nuscenes,scene-1094_033,yaw,deg,0.5,-0.5,34720,3020,1,0.222217,187,0.00474761,0.128529,0,0,0,0,18,17,17,17,0,0,0,0,0,0,0,0
nuscenes,scene-1094_033,yaw,deg,1,1,34720,3021,1,0.240835,187,0.0300235,0.128529,0,0,0,0,18,13,13,13,0,0,0,0,0,0,0,0
nuscenes,scene-1094_033,yaw,deg,1,-1,34720,3012,1,0.198829,184,-0.0211985,0.128529,0,0,0,0,18,15,15,15,0,0,0,0,0,0,0,0
nuscenes,scene-1094_033,yaw,deg,1.5,1.5,34720,3030,1,0.240784,186,0.0401814,0.128529,0,0,0,0,18,11,11,11,0,0,0,0,0,0,0,0
nuscenes,scene-1094_033,yaw,deg,1.5,-1.5,34720,3015,1,0.211219,184,-0.0170361,0.128529,0,0,0,0,18,13,15,13,0,0,0,0,0,0,0,0
nuscenes,scene-1094_033,yaw,deg,2,2,34720,3025,1,0.224786,184,0.022356,0.128529,0,0,0,0,18,7,7,7,0,0,0,0,0,0,0,0
nuscenes,scene-1094_033,yaw,deg,2,-2,34720,3005,1,0.201749,185,-0.0337993,0.128529,0,0,0,0,18,9,11,9,0,0,0,0,0,0,0,0
nuscenes,scene-1094_033,yaw,deg,3,3,34720,3025,1,0.215351,179,0.0195049,0.128529,0,0,0,0,18,1,3,1,0,0,0,0,0,0,0,0
nuscenes,scene-1094_033,yaw,deg,3,-3,34720,3000,1,0.23138,191,-0.00745527,0.128529,0,0,0,0,18,3,8,3,0,0,0,0,0,0,0,0
nuscenes,scene-1094_033,tx,cm,2,2,34720,3019,1,0.249093,183,0.029642,0.128529,0,0,0,0,18,17,17,17,0,0,0,0,0,0,0,0
nuscenes,scene-1094_033,tx,cm,2,-2,34720,3019,1,0.245784,188,0.0244741,0.128529,0,0,0,0,18,17,17,17,0,0,0,0,0,0,0,0
nuscenes,scene-1094_033,tx,cm,5,5,34720,3019,1,0.244048,190,0.0274423,0.128529,0,0,0,0,18,18,18,18,0,0,0,0,0,0,0,0
nuscenes,scene-1094_033,tx,cm,5,-5,34720,3025,1,0.242982,188,0.0212107,0.128529,0,0,0,0,18,17,17,17,0,0,0,0,0,0,0,0
nuscenes,scene-1094_033,tx,cm,10,10,34720,3020,1,0.239198,187,0.031507,0.128529,0,0,0,0,18,18,18,18,0,0,0,0,0,0,0,0
nuscenes,scene-1094_033,tx,cm,10,-10,34720,3020,1,0.234922,191,0.0155208,0.128529,0,0,0,0,18,17,17,17,0,0,0,0,0,0,0,0
nuscenes,scene-1094_033,tx,cm,20,20,34720,3024,1,0.224129,181,0.0196217,0.128529,0,0,0,0,18,18,18,18,0,0,0,0,0,0,0,0
nuscenes,scene-1094_033,tx,cm,20,-20,34720,3019,1,0.218679,195,0.00720993,0.128529,0,0,0,0,18,17,17,17,0,0,0,0,0,0,0,0
nuscenes,scene-1094_033,ty,cm,2,2,34720,3034,1,0.251521,183,0.0288718,0.128529,0,0,0,0,18,17,17,17,0,0,0,0,0,0,0,0
nuscenes,scene-1094_033,ty,cm,2,-2,34720,3003,1,0.244261,185,0.0230828,0.128529,0,0,0,0,18,17,17,17,0,0,0,0,0,0,0,0
nuscenes,scene-1094_033,ty,cm,5,5,34720,3056,1,0.247477,187,0.0278834,0.128529,0,0,0,0,18,17,17,17,0,0,0,0,0,0,0,0
nuscenes,scene-1094_033,ty,cm,5,-5,34720,2980,1,0.24848,183,0.0265276,0.128529,0,0,0,0,18,17,17,17,0,0,0,0,0,0,0,0
nuscenes,scene-1094_033,ty,cm,10,10,34720,3090,1,0.247426,189,0.0299889,0.128529,0,0,0,0,18,17,17,17,0,0,0,0,0,0,0,0
nuscenes,scene-1094_033,ty,cm,10,-10,34720,2925,1,0.24303,189,0.0210003,0.128529,0,0,0,0,18,17,17,17,0,0,0,0,0,0,0,0
nuscenes,scene-1094_033,ty,cm,20,20,34720,3178,1,0.22731,236,0.02734,0.128529,0,0,0,0,18,17,17,17,0,0,0,0,0,0,0,0
nuscenes,scene-1094_033,ty,cm,20,-20,34720,2890,1,0.239326,185,0.0147287,0.128529,0,0,0,0,18,17,17,17,0,0,0,0,0,0,0,0
nuscenes,scene-1094_033,tz,cm,2,2,34720,3046,1,0.244522,189,0.0209735,0.128529,0,0,0,0,18,17,17,17,0,0,0,0,0,0,0,0
nuscenes,scene-1094_033,tz,cm,2,-2,34720,2971,1,0.246876,183,0.0310954,0.128529,0,0,0,0,18,17,17,17,0,0,0,0,0,0,0,0
nuscenes,scene-1094_033,tz,cm,5,5,34720,3077,1,0.245292,193,0.0181307,0.128529,0,0,0,0,18,17,17,17,0,0,0,0,0,0,0,0
nuscenes,scene-1094_033,tz,cm,5,-5,34720,2934,1,0.237118,184,0.0273205,0.128529,0,0,0,0,18,17,17,17,0,0,0,0,0,0,0,0
nuscenes,scene-1094_033,tz,cm,10,10,34720,3109,1,0.252165,199,0.0321639,0.128529,0,0,0,0,18,17,17,17,0,0,0,0,0,0,0,0
nuscenes,scene-1094_033,tz,cm,10,-10,34720,2903,1,0.22244,193,0.00663823,0.128529,0,0,0,0,18,17,17,17,0,0,0,0,0,0,0,0
nuscenes,scene-1094_033,tz,cm,20,20,34720,3373,1,0.174017,299,0.00748782,0.128529,0,0,0,0,18,17,17,17,0,0,0,0,0,0,0,0
nuscenes,scene-1094_033,tz,cm,20,-20,34720,2767,1,0.208298,190,-0.0100115,0.128529,0,0,0,0,18,17,17,17,0,0,0,0,0,0,0,0
nuscenes,scene-1094_034,baseline,,0,0,34720,2856,1,0.200255,199,0.0229869,0.126546,13,13,64,13,0,0,0,0,0,0,0,0,0,0,0,0
nuscenes,scene-1094_034,roll,deg,0.25,0.25,34720,2891,1,0.225926,200,0.0484385,0.126546,13,8,60,8,0,0,0,0,0,0,0,0,0,0,0,0
nuscenes,scene-1094_034,roll,deg,0.25,-0.25,34720,2789,1,0.177732,202,0.0018032,0.126546,13,13,66,13,0,0,0,0,0,0,0,0,0,0,0,0
nuscenes,scene-1094_034,roll,deg,0.5,0.5,34720,2914,1,0.220599,200,0.0398446,0.126546,13,8,72,8,0,0,0,0,0,0,0,0,0,0,0,0
nuscenes,scene-1094_034,roll,deg,0.5,-0.5,34720,2771,1,0.164362,200,-0.0123986,0.126546,13,13,72,13,0,0,0,0,0,0,0,0,0,0,0,0
nuscenes,scene-1094_034,roll,deg,1,1,34720,2945,1,0.222212,201,0.0393308,0.126546,13,8,67,8,0,0,0,0,0,0,0,0,0,0,0,0
nuscenes,scene-1094_034,roll,deg,1,-1,34720,2736,1,0.167078,201,-0.010582,0.126546,13,13,78,13,0,0,0,0,0,0,0,0,0,0,0,0
nuscenes,scene-1094_034,roll,deg,1.5,1.5,34720,3031,1,0.220485,200,0.0341368,0.126546,13,8,65,8,0,0,0,0,0,0,0,0,0,0,0,0
nuscenes,scene-1094_034,roll,deg,1.5,-1.5,34720,2656,1,0.149351,199,-0.0359967,0.126546,13,13,66,13,0,0,0,0,0,0,0,0,0,0,0,0
nuscenes,scene-1094_034,roll,deg,2,2,34720,3089,1,0.21316,199,0.0257621,0.126546,13,6,73,6,0,0,0,0,0,0,0,0,0,0,0,0
nuscenes,scene-1094_034,roll,deg,2,-2,34720,2594,1,0.153995,195,-0.0193753,0.126546,13,13,72,13,0,0,0,0,0,0,0,0,0,0,0,0
nuscenes,scene-1094_034,roll,deg,3,3,34720,3215,1,0.193609,202,0.0145829,0.126546,13,6,60,6,0,0,0,0,0,0,0,0,0,0,0,0
nuscenes,scene-1094_034,roll,deg,3,-3,34720,2448,1,0.144787,196,-0.0295037,0.126546,13,13,67,13,0,0,0,0,0,0,0,0,0,0,0,0
nuscenes,scene-1094_034,pitch,deg,0.25,0.25,34720,2854,1,0.21866,197,0.0407394,0.126546,13,13,64,13,0,0,0,0,0,0,0,0,0,0,0,0
nuscenes,scene-1094_034,pitch,deg,0.25,-0.25,34720,2855,1,0.200437,203,0.0261555,0.126546,13,13,65,13,0,0,0,0,0,0,0,0,0,0,0,0
nuscenes,scene-1094_034,pitch,deg,0.5,0.5,34720,2857,1,0.220202,201,0.04432,0.126546,13,8,60,8,0,0,0,0,0,0,0,0,0,0,0,0
nuscenes,scene-1094_034,pitch,deg,0.5,-0.5,34720,2854,1,0.195484,201,0.0218276,0.126546,13,13,67,13,0,0,0,0,0,0,0,0,0,0,0,0
nuscenes,scene-1094_034,pitch,deg,1,1,34720,2859,1,0.209025,199,0.0252118,0.126546,13,8,72,8,0,0,0,0,0,0,0,0,0,0,0,0
nuscenes,scene-1094_034,pitch,deg,1,-1,34720,2850,1,0.177229,199,0.0112814,0.126546,13,13,72,13,0,0,0,0,0,0,0,0,0,0,0,0
nuscenes,scene-1094_034,pitch,deg,1.5,1.5,34720,2860,1,0.214924,199,0.0292652,0.126546,13,8,70,8,0,0,0,0,0,0,0,0,0,0,0,0
nuscenes,scene-1094_034,pitch,deg,1.5,-1.5,34720,2851,1,0.155755,197,-0.00405511,0.126546,13,13,78,13,0,0,0,0,0,0,0,0,0,0,0,0
nuscenes,scene-1094_034,pitch,deg,2,2,34720,2864,1,0.232283,199,0.0429442,0.126546,13,8,65,8,0,0,0,0,0,0,0,0,0,0,0,0
nuscenes,scene-1094_034,pitch,deg,2,-2,34720,2851,1,0.152423,198,-0.0127776,0.126546,13,13,79,13,0,0,0,0,0,0,0,0,0,0,0,0
nuscenes,scene-1094_034,pitch,deg,3,3,34720,2865,1,0.269025,201,0.0780107,0.126546,13,8,65,8,0,0,0,0,0,0,0,0,0,0,0,0
nuscenes,scene-1094_034,pitch,deg,3,-3,34720,2843,1,0.166542,198,-0.00944592,0.126546,13,13,65,13,0,0,0,0,0,0,0,0,0,0,0,0
nuscenes,scene-1094_034,yaw,deg,0.25,0.25,34720,2849,1,0.175274,199,-0.00312394,0.126546,13,13,65,13,0,0,0,0,0,0,0,0,0,0,0,0
nuscenes,scene-1094_034,yaw,deg,0.25,-0.25,34720,2851,1,0.20372,199,0.029984,0.126546,13,13,63,13,0,0,0,0,0,0,0,0,0,0,0,0
nuscenes,scene-1094_034,yaw,deg,0.5,0.5,34720,2850,1,0.160858,193,-0.0154802,0.126546,13,13,58,13,0,0,0,0,0,0,0,0,0,0,0,0
nuscenes,scene-1094_034,yaw,deg,0.5,-0.5,34720,2852,1,0.210522,197,0.0381276,0.126546,13,13,65,13,0,0,0,0,0,0,0,0,0,0,0,0
nuscenes,scene-1094_034,yaw,deg,1,1,34720,2861,1,0.169137,196,-0.0029733,0.126546,13,13,59,13,0,0,0,0,0,0,0,0,0,0,0,0
nuscenes,scene-1094_034,yaw,deg,1,-1,34720,2856,1,0.195116,201,0.0247703,0.126546,13,13,67,13,0,0,0,0,0,0,0,0,0,0,0,0
nuscenes,scene-1094_034,yaw,deg,1.5,1.5,34720,2852,1,0.145203,194,-0.0146866,0.126546,13,12,62,12,0,0,0,0,0,0,0,0,0,0,0,0
nuscenes,scene-1094_034,yaw,deg,1.5,-1.5,34720,2860,1,0.196659,202,0.0214071,0.126546,13,12,73,12,0,0,0,0,0,0,0,0,0,0,0,0
nuscenes,scene-1094_034,yaw,deg,2,2,34720,2862,1,0.138261,197,-0.0198556,0.126546,13,7,59,7,0,0,0,0,0,0,0,0,0,0,0,0
nuscenes,scene-1094_034,yaw,deg,2,-2,34720,2862,1,0.187298,206,0.000905231,0.126546,13,6,72,6,0,0,0,0,0,0,0,0,0,0,0,0
nuscenes,scene-1094_034,yaw,deg,3,3,34720,2860,1,0.144752,195,-0.0133143,0.126546,13,1,47,1,0,0,0,0,0,0,0,0,0,0,0,0
nuscenes,scene-1094_034,yaw,deg,3,-3,34720,2856,1,0.187559,206,-0.0192794,0.126546,13,0,67,0,0,0,0,0,0,0,0,0,0,0,0,0
nuscenes,scene-1094_034,tx,cm,2,2,34720,2850,1,0.2098,194,0.0346247,0.126546,13,13,66,13,0,0,0,0,0,0,0,0,0,0,0,0
nuscenes,scene-1094_034,tx,cm,2,-2,34720,2850,1,0.195599,200,0.0163513,0.126546,13,13,63,13,0,0,0,0,0,0,0,0,0,0,0,0
nuscenes,scene-1094_034,tx,cm,5,5,34720,2853,1,0.204215,189,0.0317051,0.126546,13,13,63,13,0,0,0,0,0,0,0,0,0,0,0,0
nuscenes,scene-1094_034,tx,cm,5,-5,34720,2851,1,0.194857,201,0.0119827,0.126546,13,13,67,13,0,0,0,0,0,0,0,0,0,0,0,0
nuscenes,scene-1094_034,tx,cm,10,10,34720,2856,1,0.212651,186,0.0451038,0.126546,13,13,64,13,0,0,0,0,0,0,0,0,0,0,0,0
nuscenes,scene-1094_034,tx,cm,10,-10,34720,2849,1,0.178959,202,-0.000736535,0.126546,13,13,68,13,0,0,0,0,0,0,0,0,0,0,0,0
nuscenes,scene-1094_034,tx,cm,20,20,34720,2861,1,0.200672,190,0.0276885,0.126546,13,13,64,13,0,0,0,0,0,0,0,0,0,0,0,0
nuscenes,scene-1094_034,tx,cm,20,-20,34720,2849,1,0.163172,202,-0.0131885,0.126546,13,13,63,13,0,0,0,0,0,0,0,0,0,0,0,0
nuscenes,scene-1094_034,ty,cm,2,2,34720,2869,1,0.201572,199,0.0266961,0.126546,13,13,66,13,0,0,0,0,0,0,0,0,0,0,0,0
nuscenes,scene-1094_034,ty,cm,2,-2,34720,2836,1,0.20491,197,0.027017,0.126546,13,13,63,13,0,0,0,0,0,0,0,0,0,0,0,0
nuscenes,scene-1094_034,ty,cm,5,5,34720,2887,1,0.203729,196,0.030191,0.126546,13,13,66,13,0,0,0,0,0,0,0,0,0,0,0,0
nuscenes,scene-1094_034,ty,cm,5,-5,34720,2804,1,0.194094,199,0.0148481,0.126546,13,13,63,13,0,0,0,0,0,0,0,0,0,0,0,0
nuscenes,scene-1094_034,ty,cm,10,10,34720,2922,1,0.204949,192,0.035705,0.126546,13,13,64,13,0,0,0,0,0,0,0,0,0,0,0,0
nuscenes,scene-1094_034,ty,cm,10,-10,34720,2758,1,0.185573,194,0.00456297,0.126546,13,13,67,13,0,0,0,0,0,0,0,0,0,0,0,0
nuscenes,scene-1094_034,ty,cm,20,20,34720,2999,1,0.186462,229,0.0268434,0.126546,13,13,66,13,0,0,0,0,0,0,0,0,0,0,0,0
nuscenes,scene-1094_034,ty,cm,20,-20,34720,2714,1,0.171641,198,-0.0115633,0.126546,13,13,65,13,0,0,0,0,0,0,0,0,0,0,0,0
nuscenes,scene-1094_034,tz,cm,2,2,34720,2887,1,0.211221,205,0.0321247,0.126546,13,13,65,13,0,0,0,0,0,0,0,0,0,0,0,0
nuscenes,scene-1094_034,tz,cm,2,-2,34720,2805,1,0.194032,194,0.0166283,0.126546,13,13,64,13,0,0,0,0,0,0,0,0,0,0,0,0
nuscenes,scene-1094_034,tz,cm,5,5,34720,2920,1,0.211434,206,0.0329656,0.126546,13,8,60,8,0,0,0,0,0,0,0,0,0,0,0,0
nuscenes,scene-1094_034,tz,cm,5,-5,34720,2776,1,0.190981,188,0.0166258,0.126546,13,13,66,13,0,0,0,0,0,0,0,0,0,0,0,0
nuscenes,scene-1094_034,tz,cm,10,10,34720,2951,1,0.204367,195,0.0300155,0.126546,13,8,71,8,0,0,0,0,0,0,0,0,0,0,0,0
nuscenes,scene-1094_034,tz,cm,10,-10,34720,2745,1,0.202836,182,0.0278032,0.126546,13,13,66,13,0,0,0,0,0,0,0,0,0,0,0,0
nuscenes,scene-1094_034,tz,cm,20,20,34720,3201,1,0.168964,285,0.0275256,0.126546,13,8,72,8,0,0,0,0,0,0,0,0,0,0,0,0
nuscenes,scene-1094_034,tz,cm,20,-20,34720,2611,1,0.178986,185,0.0147002,0.126546,13,13,57,13,0,0,0,0,0,0,0,0,0,0,0,0
nuscenes,scene-1094_035,baseline,,0,0,34720,2820,0,0.157716,191,-0.0076879,0.12606,0,0,0,0,0,0,0,0,0,0,0,0,0,0,0,0
nuscenes,scene-1094_035,roll,deg,0.25,0.25,34720,2856,0,0.176859,190,0.00326335,0.12606,0,0,0,0,0,0,0,0,0,0,0,0,0,0,0,0
nuscenes,scene-1094_035,roll,deg,0.25,-0.25,34720,2753,0,0.153721,191,-0.0173726,0.12606,0,0,0,0,0,0,0,0,0,0,0,0,0,0,0,0
nuscenes,scene-1094_035,roll,deg,0.5,0.5,34720,2882,0,0.210044,189,0.022464,0.12606,0,0,0,0,0,0,0,0,0,0,0,0,0,0,0,0
nuscenes,scene-1094_035,roll,deg,0.5,-0.5,34720,2737,0,0.16081,193,-0.0138134,0.12606,0,0,0,0,0,0,0,0,0,0,0,0,0,0,0,0
nuscenes,scene-1094_035,roll,deg,1,1,34720,2910,0,0.245419,194,0.0450623,0.12606,0,0,0,0,0,0,0,0,0,0,0,0,0,0,0,0
nuscenes,scene-1094_035,roll,deg,1,-1,34720,2706,0,0.154075,190,-0.028877,0.12606,0,0,0,0,0,0,0,0,0,0,0,0,0,0,0,0
nuscenes,scene-1094_035,roll,deg,1.5,1.5,34720,2994,0,0.254781,194,0.079589,0.12606,0,0,0,0,0,0,0,0,0,0,0,0,0,0,0,0
nuscenes,scene-1094_035,roll,deg,1.5,-1.5,34720,2634,0,0.140184,191,-0.0306454,0.12606,0,0,0,0,0,0,0,0,0,0,0,0,0,0,0,0
nuscenes,scene-1094_035,roll,deg,2,2,34720,3046,0,0.258286,188,0.0867358,0.12606,0,0,0,0,0,0,0,0,0,0,0,0,0,0,0,0
nuscenes,scene-1094_035,roll,deg,2,-2,34720,2570,0,0.154562,191,-0.0127424,0.12606,0,0,0,0,0,0,0,0,0,0,0,0,0,0,0,0
nuscenes,scene-1094_035,roll,deg,3,3,34720,3164,0,0.199693,189,0.0311462,0.12606,0,0,0,0,0,0,0,0,0,0,0,0,0,0,0,0
nuscenes,scene-1094_035,roll,deg,3,-3,34720,2431,0,0.159184,190,0.00637381,0.12606,0,0,0,0,0,0,0,0,0,0,0,0,0,0,0,0
nuscenes,scene-1094_035,pitch,deg,0.25,0.25,34720,2821,0,0.160375,187,-0.00943629,0.12606,0,0,0,0,0,0,0,0,0,0,0,0,0,0,0,0
nuscenes,scene-1094_035,pitch,deg,0.25,-0.25,34720,2819,0,0.16109,191,-0.00753219,0.12606,0,0,0,0,0,0,0,0,0,0,0,0,0,0,0,0
nuscenes,scene-1094_035,pitch,deg,0.5,0.5,34720,2822,0,0.166615,191,-0.00837757,0.12606,0,0,0,0,0,0,0,0,0,0,0,0,0,0,0,0
nuscenes,scene-1094_035,pitch,deg,0.5,-0.5,34720,2815,0,0.156797,189,-0.0136194,0.12606,0,0,0,0,0,0,0,0,0,0,0,0,0,0,0,0
nuscenes,scene-1094_035,pitch,deg,1,1,34720,2822,0,0.208747,192,0.0162899,0.12606,0,0,0,0,0,0,0,0,0,0,0,0,0,0,0,0
nuscenes,scene-1094_035,pitch,deg,1,-1,34720,2819,0,0.161445,192,-0.0151134,0.12606,0,0,0,0,0,0,0,0,0,0,0,0,0,0,0,0
nuscenes,scene-1094_035,pitch,deg,1.5,1.5,34720,2822,0,0.217354,194,0.0216611,0.12606,0,0,0,0,0,0,0,0,0,0,0,0,0,0,0,0
nuscenes,scene-1094_035,pitch,deg,1.5,-1.5,34720,2819,0,0.158591,190,-0.0154542,0.12606,0,0,0,0,0,0,0,0,0,0,0,0,0,0,0,0
nuscenes,scene-1094_035,pitch,deg,2,2,34720,2820,0,0.236468,190,0.0432128,0.12606,0,0,0,0,0,0,0,0,0,0,0,0,0,0,0,0
nuscenes,scene-1094_035,pitch,deg,2,-2,34720,2817,0,0.154332,192,-0.0184672,0.12606,0,0,0,0,0,0,0,0,0,0,0,0,0,0,0,0
nuscenes,scene-1094_035,pitch,deg,3,3,34720,2823,0,0.229353,194,0.0414051,0.12606,0,0,0,0,0,0,0,0,0,0,0,0,0,0,0,0
nuscenes,scene-1094_035,pitch,deg,3,-3,34720,2818,0,0.135381,194,-0.0333988,0.12606,0,0,0,0,0,0,0,0,0,0,0,0,0,0,0,0
nuscenes,scene-1094_035,yaw,deg,0.25,0.25,34720,2816,0,0.152597,188,-0.012742,0.12606,0,0,0,0,0,0,0,0,0,0,0,0,0,0,0,0
nuscenes,scene-1094_035,yaw,deg,0.25,-0.25,34720,2818,0,0.161006,191,-0.0153259,0.12606,0,0,0,0,0,0,0,0,0,0,0,0,0,0,0,0
nuscenes,scene-1094_035,yaw,deg,0.5,0.5,34720,2813,0,0.14557,185,-0.0195335,0.12606,0,0,0,0,0,0,0,0,0,0,0,0,0,0,0,0
nuscenes,scene-1094_035,yaw,deg,0.5,-0.5,34720,2815,0,0.154837,193,-0.012993,0.12606,0,0,0,0,0,0,0,0,0,0,0,0,0,0,0,0
nuscenes,scene-1094_035,yaw,deg,1,1,34720,2818,0,0.161915,184,-0.0069506,0.12606,0,0,0,0,0,0,0,0,0,0,0,0,0,0,0,0
nuscenes,scene-1094_035,yaw,deg,1,-1,34720,2810,0,0.140891,200,-0.028188,0.12606,0,0,0,0,0,0,0,0,0,0,0,0,0,0,0,0
nuscenes,scene-1094_035,yaw,deg,1.5,1.5,34720,2812,0,0.157293,179,-0.00598955,0.12606,0,0,0,0,0,0,0,0,0,0,0,0,0,0,0,0
nuscenes,scene-1094_035,yaw,deg,1.5,-1.5,34720,2814,0,0.131023,202,-0.039519,0.12606,0,0,0,0,0,0,0,0,0,0,0,0,0,0,0,0
nuscenes,scene-1094_035,yaw,deg,2,2,34720,2808,0,0.161185,176,-0.00430869,0.12606,0,0,0,0,0,0,0,0,0,0,0,0,0,0,0,0
nuscenes,scene-1094_035,yaw,deg,2,-2,34720,2818,0,0.151279,203,-0.0191063,0.12606,0,0,0,0,0,0,0,0,0,0,0,0,0,0,0,0
nuscenes,scene-1094_035,yaw,deg,3,3,34720,2806,0,0.169368,173,-0.00591235,0.12606,0,0,0,0,0,0,0,0,0,0,0,0,0,0,0,0
nuscenes,scene-1094_035,yaw,deg,3,-3,34720,2829,0,0.170146,217,-0.00224936,0.12606,0,0,0,0,0,0,0,0,0,0,0,0,0,0,0,0
nuscenes,scene-1094_035,tx,cm,2,2,34720,2819,0,0.156661,191,-0.00992069,0.12606,0,0,0,0,0,0,0,0,0,0,0,0,0,0,0,0
nuscenes,scene-1094_035,tx,cm,2,-2,34720,2819,0,0.158722,193,-0.0082088,0.12606,0,0,0,0,0,0,0,0,0,0,0,0,0,0,0,0
nuscenes,scene-1094_035,tx,cm,5,5,34720,2823,0,0.16546,197,-0.00454156,0.12606,0,0,0,0,0,0,0,0,0,0,0,0,0,0,0,0
nuscenes,scene-1094_035,tx,cm,5,-5,34720,2818,0,0.156206,195,-0.013824,0.12606,0,0,0,0,0,0,0,0,0,0,0,0,0,0,0,0
nuscenes,scene-1094_035,tx,cm,10,10,34720,2819,0,0.171582,192,0.00138001,0.12606,0,0,0,0,0,0,0,0,0,0,0,0,0,0,0,0
nuscenes,scene-1094_035,tx,cm,10,-10,34720,2813,0,0.149049,194,-0.0195535,0.12606,0,0,0,0,0,0,0,0,0,0,0,0,0,0,0,0
nuscenes,scene-1094_035,tx,cm,20,20,34720,2826,0,0.166617,197,-0.00808026,0.12606,0,0,0,0,0,0,0,0,0,0,0,0,0,0,0,0
nuscenes,scene-1094_035,tx,cm,20,-20,34720,2807,0,0.156611,205,-0.016138,0.12606,0,0,0,0,0,0,0,0,0,0,0,0,0,0,0,0
nuscenes,scene-1094_035,ty,cm,2,2,34720,2836,0,0.155952,193,-0.0101575,0.12606,0,0,0,0,0,0,0,0,0,0,0,0,0,0,0,0
nuscenes,scene-1094_035,ty,cm,2,-2,34720,2801,0,0.15296,196,-0.0111046,0.12606,0,0,0,0,0,0,0,0,0,0,0,0,0,0,0,0
nuscenes,scene-1094_035,ty,cm,5,5,34720,2854,0,0.158995,193,-0.00787738,0.12606,0,0,0,0,0,0,0,0,0,0,0,0,0,0,0,0
nuscenes,scene-1094_035,ty,cm,5,-5,34720,2773,0,0.157507,193,-0.00964056,0.12606,0,0,0,0,0,0,0,0,0,0,0,0,0,0,0,0
nuscenes,scene-1094_035,ty,cm,10,10,34720,2887,0,0.153876,193,-0.00968187,0.12606,0,0,0,0,0,0,0,0,0,0,0,0,0,0,0,0
nuscenes,scene-1094_035,ty,cm,10,-10,34720,2724,0,0.150954,190,-0.018301,0.12606,0,0,0,0,0,0,0,0,0,0,0,0,0,0,0,0
nuscenes,scene-1094_035,ty,cm,20,20,34720,2952,0,0.157941,220,-0.00401957,0.12606,0,0,0,0,0,0,0,0,0,0,0,0,0,0,0,0
nuscenes,scene-1094_035,ty,cm,20,-20,34720,2688,0,0.149881,189,-0.0182595,0.12606,0,0,0,0,0,0,0,0,0,0,0,0,0,0,0,0
nuscenes,scene-1094_035,tz,cm,2,2,34720,2852,0,0.157474,192,-0.0129098,0.12606,0,0,0,0,0,0,0,0,0,0,0,0,0,0,0,0
nuscenes,scene-1094_035,tz,cm,2,-2,34720,2757,0,0.153937,189,-0.010707,0.12606,0,0,0,0,0,0,0,0,0,0,0,0,0,0,0,0
nuscenes,scene-1094_035,tz,cm,5,5,34720,2881,0,0.17223,200,-0.00721522,0.12606,0,0,0,0,0,0,0,0,0,0,0,0,0,0,0,0
nuscenes,scene-1094_035,tz,cm,5,-5,34720,2740,0,0.158941,184,-0.00729872,0.12606,0,0,0,0,0,0,0,0,0,0,0,0,0,0,0,0
nuscenes,scene-1094_035,tz,cm,10,10,34720,2912,0,0.194772,195,0.00771356,0.12606,0,0,0,0,0,0,0,0,0,0,0,0,0,0,0,0
nuscenes,scene-1094_035,tz,cm,10,-10,34720,2711,0,0.158329,183,-0.00857152,0.12606,0,0,0,0,0,0,0,0,0,0,0,0,0,0,0,0
nuscenes,scene-1094_035,tz,cm,20,20,34720,3150,0,0.201032,295,0.0310656,0.12606,0,0,0,0,0,0,0,0,0,0,0,0,0,0,0,0
nuscenes,scene-1094_035,tz,cm,20,-20,34720,2581,0,0.159398,178,-0.0147013,0.12606,0,0,0,0,0,0,0,0,0,0,0,0,0,0,0,0
nuscenes,scene-1094_036,baseline,,0,0,34720,2760,1,0.152584,184,-0.0155059,0.125482,0,0,0,0,0,0,0,0,17,17,18,17,0,0,0,0
nuscenes,scene-1094_036,roll,deg,0.25,0.25,34720,2793,1,0.146372,183,-0.02007,0.125482,0,0,0,0,0,0,0,0,17,17,18,17,0,0,0,0
nuscenes,scene-1094_036,roll,deg,0.25,-0.25,34720,2696,1,0.143145,186,-0.0219554,0.125482,0,0,0,0,0,0,0,0,17,17,18,17,0,0,0,0
nuscenes,scene-1094_036,roll,deg,0.5,0.5,34720,2815,1,0.162662,185,-0.00550431,0.125482,0,0,0,0,0,0,0,0,17,17,18,17,0,0,0,0
nuscenes,scene-1094_036,roll,deg,0.5,-0.5,34720,2679,1,0.14187,183,-0.0286188,0.125482,0,0,0,0,0,0,0,0,17,17,18,17,0,0,0,0
nuscenes,scene-1094_036,roll,deg,1,1,34720,2841,1,0.155419,184,-0.00351773,0.125482,0,0,0,0,0,0,0,0,17,17,18,17,0,0,0,0
nuscenes,scene-1094_036,roll,deg,1,-1,34720,2646,1,0.166736,182,0.00638404,0.125482,0,0,0,0,0,0,0,0,17,9,10,9,0,0,0,0
nuscenes,scene-1094_036,roll,deg,1.5,1.5,34720,2932,1,0.141128,182,-0.0203776,0.125482,0,0,0,0,0,0,0,0,17,8,9,8,0,0,0,0
nuscenes,scene-1094_036,roll,deg,1.5,-1.5,34720,2578,1,0.152902,183,-0.00536577,0.125482,0,0,0,0,0,0,0,0,17,9,10,9,0,0,0,0
nuscenes,scene-1094_036,roll,deg,2,2,34720,2987,1,0.177069,180,0.00785649,0.125482,0,0,0,0,0,0,0,0,17,8,19,8,0,0,0,0
nuscenes,scene-1094_036,roll,deg,2,-2,34720,2507,1,0.136792,184,-0.0116944,0.125482,0,0,0,0,0,0,0,0,17,9,10,9,0,0,0,0
nuscenes,scene-1094_036,roll,deg,3,3,34720,3103,1,0.180197,181,0.0364484,0.125482,0,0,0,0,0,0,0,0,17,0,22,0,0,0,0,0
nuscenes,scene-1094_036,roll,deg,3,-3,34720,2367,1,0.135001,183,-0.0206307,0.125482,0,0,0,0,0,0,0,0,17,0,1,0,0,0,0,0
nuscenes,scene-1094_036,pitch,deg,0.25,0.25,34720,2764,1,0.154489,184,-0.014649,0.125482,0,0,0,0,0,0,0,0,17,17,18,17,0,0,0,0
nuscenes,scene-1094_036,pitch,deg,0.25,-0.25,34720,2759,1,0.141055,183,-0.0256115,0.125482,0,0,0,0,0,0,0,0,17,17,18,17,0,0,0,0
nuscenes,scene-1094_036,pitch,deg,0.5,0.5,34720,2765,1,0.156256,184,-0.0124941,0.125482,0,0,0,0,0,0,0,0,17,17,18,17,0,0,0,0
nuscenes,scene-1094_036,pitch,deg,0.5,-0.5,34720,2759,1,0.133287,182,-0.0298554,0.125482,0,0,0,0,0,0,0,0,17,17,18,17,0,0,0,0
nuscenes,scene-1094_036,pitch,deg,1,1,34720,2763,1,0.176026,183,0.00327432,0.125482,0,0,0,0,0,0,0,0,17,17,18,17,0,0,0,0
nuscenes,scene-1094_036,pitch,deg,1,-1,34720,2756,1,0.144424,186,-0.0253435,0.125482,0,0,0,0,0,0,0,0,17,17,18,17,0,0,0,0
nuscenes,scene-1094_036,pitch,deg,1.5,1.5,34720,2764,1,0.191578,183,0.0128904,0.125482,0,0,0,0,0,0,0,0,17,17,18,17,0,0,0,0
nuscenes,scene-1094_036,pitch,deg,1.5,-1.5,34720,2758,1,0.142409,184,-0.029036,0.125482,0,0,0,0,0,0,0,0,17,17,18,17,0,0,0,0
nuscenes,scene-1094_036,pitch,deg,2,2,34720,2767,1,0.167729,185,0.000657678,0.125482,0,0,0,0,0,0,0,0,17,17,18,17,0,0,0,0
nuscenes,scene-1094_036,pitch,deg,2,-2,34720,2760,1,0.140184,187,-0.0212974,0.125482,0,0,0,0,0,0,0,0,17,17,18,17,0,0,0,0
nuscenes,scene-1094_036,pitch,deg,3,3,34720,2766,1,0.143846,182,-0.00986378,0.125482,0,0,0,0,0,0,0,0,17,17,18,17,0,0,0,0
nuscenes,scene-1094_036,pitch,deg,3,-3,34720,2755,1,0.140457,186,-0.0168153,0.125482,0,0,0,0,0,0,0,0,17,17,18,17,0,0,0,0
nuscenes,scene-1094_036,yaw,deg,0.25,0.25,34720,2758,1,0.153419,182,-0.00772355,0.125482,0,0,0,0,0,0,0,0,17,17,19,17,0,0,0,0
nuscenes,scene-1094_036,yaw,deg,0.25,-0.25,34720,2760,1,0.142697,182,-0.0232998,0.125482,0,0,0,0,0,0,0,0,17,17,17,17,0,0,0,0
nuscenes,scene-1094_036,yaw,deg,0.5,0.5,34720,2758,1,0.143852,183,-0.0134926,0.125482,0,0,0,0,0,0,0,0,17,17,19,17,0,0,0,0
nuscenes,scene-1094_036,yaw,deg,0.5,-0.5,34720,2760,1,0.139755,183,-0.0234597,0.125482,0,0,0,0,0,0,0,0,17,17,17,17,0,0,0,0
nuscenes,scene-1094_036,yaw,deg,1,1,34720,2759,1,0.132793,179,-0.0258517,0.125482,0,0,0,0,0,0,0,0,17,14,16,14,0,0,0,0
nuscenes,scene-1094_036,yaw,deg,1,-1,34720,2763,1,0.157798,179,0.000979319,0.125482,0,0,0,0,0,0,0,0,17,13,14,13,0,0,0,0
nuscenes,scene-1094_036,yaw,deg,1.5,1.5,34720,2752,1,0.162699,182,0.00566107,0.125482,0,0,0,0,0,0,0,0,17,12,14,12,0,0,0,0
nuscenes,scene-1094_036,yaw,deg,1.5,-1.5,34720,2759,1,0.17262,183,0.0197532,0.125482,0,0,0,0,0,0,0,0,17,11,14,11,0,0,0,0
nuscenes,scene-1094_036,yaw,deg,2,2,34720,2747,1,0.177332,175,0.02553,0.125482,0,0,0,0,0,0,0,0,17,8,10,8,0,0,0,0
nuscenes,scene-1094_036,yaw,deg,2,-2,34720,2764,1,0.168234,183,0.00613216,0.125482,0,0,0,0,0,0,0,0,17,7,10,7,0,0,0,0
nuscenes,scene-1094_036,yaw,deg,3,3,34720,2743,1,0.180929,168,0.0297979,0.125482,0,0,0,0,0,0,0,0,17,2,5,2,0,0,0,0
nuscenes,scene-1094_036,yaw,deg,3,-3,34720,2764,1,0.175682,182,0.00956909,0.125482,0,0,0,0,0,0,0,0,17,1,13,1,0,0,0,0
nuscenes,scene-1094_036,tx,cm,2,2,34720,2762,1,0.150371,185,-0.0133405,0.125482,0,0,0,0,0,0,0,0,17,17,18,17,0,0,0,0
nuscenes,scene-1094_036,tx,cm,2,-2,34720,2757,1,0.148064,185,-0.0171134,0.125482,0,0,0,0,0,0,0,0,17,17,18,17,0,0,0,0
nuscenes,scene-1094_036,tx,cm,5,5,34720,2765,1,0.145177,184,-0.0220232,0.125482,0,0,0,0,0,0,0,0,17,17,18,17,0,0,0,0
nuscenes,scene-1094_036,tx,cm,5,-5,34720,2756,1,0.154868,189,-0.0122817,0.125482,0,0,0,0,0,0,0,0,17,17,18,17,0,0,0,0
nuscenes,scene-1094_036,tx,cm,10,10,34720,2768,1,0.138442,182,-0.025286,0.125482,0,0,0,0,0,0,0,0,17,17,18,17,0,0,0,0
nuscenes,scene-1094_036,tx,cm,10,-10,34720,2755,1,0.154521,194,-0.00597389,0.125482,0,0,0,0,0,0,0,0,17,17,19,17,0,0,0,0
nuscenes,scene-1094_036,tx,cm,20,20,34720,2776,1,0.142362,182,-0.0201336,0.125482,0,0,0,0,0,0,0,0,17,17,17,17,0,0,0,0
nuscenes,scene-1094_036,tx,cm,20,-20,34720,2750,1,0.158347,190,0.00199346,0.125482,0,0,0,0,0,0,0,0,17,17,19,17,0,0,0,0
nuscenes,scene-1094_036,ty,cm,2,2,34720,2775,1,0.152052,186,-0.011762,0.125482,0,0,0,0,0,0,0,0,17,17,18,17,0,0,0,0
nuscenes,scene-1094_036,ty,cm,2,-2,34720,2745,1,0.14594,184,-0.0190028,0.125482,0,0,0,0,0,0,0,0,17,17,18,17,0,0,0,0
nuscenes,scene-1094_036,ty,cm,5,5,34720,2798,1,0.151814,184,-0.0128584,0.125482,0,0,0,0,0,0,0,0,17,17,18,17,0,0,0,0
nuscenes,scene-1094_036,ty,cm,5,-5,34720,2715,1,0.152892,188,-0.0152879,0.125482,0,0,0,0,0,0,0,0,17,17,18,17,0,0,0,0
nuscenes,scene-1094_036,ty,cm,10,10,34720,2832,1,0.142577,186,-0.0234039,0.125482,0,0,0,0,0,0,0,0,17,17,18,17,0,0,0,0
nuscenes,scene-1094_036,ty,cm,10,-10,34720,2668,1,0.151005,188,-0.0126847,0.125482,0,0,0,0,0,0,0,0,17,17,18,17,0,0,0,0
nuscenes,scene-1094_036,ty,cm,20,20,34720,2918,1,0.13302,221,-0.0239533,0.125482,0,0,0,0,0,0,0,0,17,17,18,17,0,0,0,0
nuscenes,scene-1094_036,ty,cm,20,-20,34720,2622,1,0.152333,184,-0.00919129,0.125482,0,0,0,0,0,0,0,0,17,17,18,17,0,0,0,0
nuscenes,scene-1094_036,tz,cm,2,2,34720,2790,1,0.152128,180,-0.0144139,0.125482,0,0,0,0,0,0,0,0,17,17,18,17,0,0,0,0
nuscenes,scene-1094_036,tz,cm,2,-2,34720,2718,1,0.149747,182,-0.0178494,0.125482,0,0,0,0,0,0,0,0,17,17,18,17,0,0,0,0
nuscenes,scene-1094_036,tz,cm,5,5,34720,2817,1,0.144423,174,-0.0219528,0.125482,0,0,0,0,0,0,0,0,17,17,18,17,0,0,0,0
nuscenes,scene-1094_036,tz,cm,5,-5,34720,2676,1,0.152464,176,-0.017004,0.125482,0,0,0,0,0,0,0,0,17,17,18,17,0,0,0,0
nuscenes,scene-1094_036,tz,cm,10,10,34720,2846,1,0.141358,185,-0.027991,0.125482,0,0,0,0,0,0,0,0,17,17,18,17,0,0,0,0
nuscenes,scene-1094_036,tz,cm,10,-10,34720,2647,1,0.164921,163,-0.00966582,0.125482,0,0,0,0,0,0,0,0,17,17,18,17,0,0,0,0
nuscenes,scene-1094_036,tz,cm,20,20,34720,3108,1,0.134858,290,-0.0239304,0.125482,0,0,0,0,0,0,0,0,17,17,18,17,0,0,0,0
nuscenes,scene-1094_036,tz,cm,20,-20,34720,2514,1,0.154792,160,-0.0243233,0.125482,0,0,0,0,0,0,0,0,17,17,18,17,0,0,0,0
nuscenes,scene-1094_037,baseline,,0,0,34752,2715,0,0.147308,174,-0.0255201,0.123101,0,0,0,0,0,0,0,0,0,0,0,0,0,0,0,0
nuscenes,scene-1094_037,roll,deg,0.25,0.25,34752,2751,0,0.145414,177,-0.0206943,0.123101,0,0,0,0,0,0,0,0,0,0,0,0,0,0,0,0
nuscenes,scene-1094_037,roll,deg,0.25,-0.25,34752,2647,0,0.14649,177,-0.027994,0.123101,0,0,0,0,0,0,0,0,0,0,0,0,0,0,0,0
nuscenes,scene-1094_037,roll,deg,0.5,0.5,34752,2773,0,0.153765,176,-0.0151809,0.123101,0,0,0,0,0,0,0,0,0,0,0,0,0,0,0,0
nuscenes,scene-1094_037,roll,deg,0.5,-0.5,34752,2632,0,0.13838,178,-0.04084,0.123101,0,0,0,0,0,0,0,0,0,0,0,0,0,0,0,0
nuscenes,scene-1094_037,roll,deg,1,1,34752,2802,0,0.148739,172,-0.0227907,0.123101,0,0,0,0,0,0,0,0,0,0,0,0,0,0,0,0
nuscenes,scene-1094_037,roll,deg,1,-1,34752,2594,0,0.137497,178,-0.0368579,0.123101,0,0,0,0,0,0,0,0,0,0,0,0,0,0,0,0
nuscenes,scene-1094_037,roll,deg,1.5,1.5,34752,2890,0,0.166749,172,-0.00795823,0.123101,0,0,0,0,0,0,0,0,0,0,0,0,0,0,0,0
nuscenes,scene-1094_037,roll,deg,1.5,-1.5,34752,2524,0,0.147389,173,-0.0305281,0.123101,0,0,0,0,0,0,0,0,0,0,0,0,0,0,0,0
nuscenes,scene-1094_037,roll,deg,2,2,34752,2942,0,0.173602,170,0.00528571,0.123101,0,0,0,0,0,0,0,0,0,0,0,0,0,0,0,0
nuscenes,scene-1094_037,roll,deg,2,-2,34752,2461,0,0.146964,180,-0.0153036,0.123101,0,0,0,0,0,0,0,0,0,0,0,0,0,0,0,0
nuscenes,scene-1094_037,roll,deg,3,3,34752,3056,0,0.153713,165,-0.00350544,0.123101,0,0,0,0,0,0,0,0,0,0,0,0,0,0,0,0
nuscenes,scene-1094_037,roll,deg,3,-3,34752,2321,0,0.193846,179,0.0202757,0.123101,0,0,0,0,0,0,0,0,0,0,0,0,0,0,0,0
nuscenes,scene-1094_037,pitch,deg,0.25,0.25,34752,2715,0,0.154761,177,-0.0170877,0.123101,0,0,0,0,0,0,0,0,0,0,0,0,0,0,0,0
nuscenes,scene-1094_037,pitch,deg,0.25,-0.25,34752,2715,0,0.153133,175,-0.0206059,0.123101,0,0,0,0,0,0,0,0,0,0,0,0,0,0,0,0
nuscenes,scene-1094_037,pitch,deg,0.5,0.5,34752,2717,0,0.15821,172,-0.0165772,0.123101,0,0,0,0,0,0,0,0,0,0,0,0,0,0,0,0
nuscenes,scene-1094_037,pitch,deg,0.5,-0.5,34752,2713,0,0.147949,176,-0.0288223,0.123101,0,0,0,0,0,0,0,0,0,0,0,0,0,0,0,0
nuscenes,scene-1094_037,pitch,deg,1,1,34752,2719,0,0.150669,174,-0.0229746,0.123101,0,0,0,0,0,0,0,0,0,0,0,0,0,0,0,0
nuscenes,scene-1094_037,pitch,deg,1,-1,34752,2715,0,0.133319,169,-0.0393401,0.123101,0,0,0,0,0,0,0,0,0,0,0,0,0,0,0,0
nuscenes,scene-1094_037,pitch,deg,1.5,1.5,34752,2718,0,0.157949,178,-0.0183792,0.123101,0,0,0,0,0,0,0,0,0,0,0,0,0,0,0,0
nuscenes,scene-1094_037,pitch,deg,1.5,-1.5,34752,2713,0,0.127658,176,-0.0461041,0.123101,0,0,0,0,0,0,0,0,0,0,0,0,0,0,0,0
nuscenes,scene-1094_037,pitch,deg,2,2,34752,2721,0,0.156068,170,-0.0229414,0.123101,0,0,0,0,0,0,0,0,0,0,0,0,0,0,0,0
nuscenes,scene-1094_037,pitch,deg,2,-2,34752,2708,0,0.129225,173,-0.0487134,0.123101,0,0,0,0,0,0,0,0,0,0,0,0,0,0,0,0
nuscenes,scene-1094_037,pitch,deg,3,3,34752,2725,0,0.167706,178,-0.00258166,0.123101,0,0,0,0,0,0,0,0,0,0,0,0,0,0,0,0
nuscenes,scene-1094_037,pitch,deg,3,-3,34752,2708,0,0.151023,172,-0.0231129,0.123101,0,0,0,0,0,0,0,0,0,0,0,0,0,0,0,0
nuscenes,scene-1094_037,yaw,deg,0.25,0.25,34752,2710,0,0.145681,172,-0.0256352,0.123101,0,0,0,0,0,0,0,0,0,0,0,0,0,0,0,0
nuscenes,scene-1094_037,yaw,deg,0.25,-0.25,34752,2720,0,0.150116,173,-0.0225178,0.123101,0,0,0,0,0,0,0,0,0,0,0,0,0,0,0,0
nuscenes,scene-1094_037,yaw,deg,0.5,0.5,34752,2713,0,0.142485,174,-0.028721,0.123101,0,0,0,0,0,0,0,0,0,0,0,0,0,0,0,0
nuscenes,scene-1094_037,yaw,deg,0.5,-0.5,34752,2720,0,0.137997,174,-0.0382033,0.123101,0,0,0,0,0,0,0,0,0,0,0,0,0,0,0,0
nuscenes,scene-1094_037,yaw,deg,1,1,34752,2709,0,0.146522,167,-0.0281061,0.123101,0,0,0,0,0,0,0,0,0,0,0,0,0,0,0,0
nuscenes,scene-1094_037,yaw,deg,1,-1,34752,2723,0,0.170298,169,-0.0185558,0.123101,0,0,0,0,0,0,0,0,0,0,0,0,0,0,0,0
nuscenes,scene-1094_037,yaw,deg,1.5,1.5,34752,2708,0,0.159945,165,-0.0163997,0.123101,0,0,0,0,0,0,0,0,0,0,0,0,0,0,0,0
nuscenes,scene-1094_037,yaw,deg,1.5,-1.5,34752,2725,0,0.182412,175,0.00695667,0.123101,0,0,0,0,0,0,0,0,0,0,0,0,0,0,0,0
nuscenes,scene-1094_037,yaw,deg,2,2,34752,2704,0,0.171954,162,0.000935867,0.123101,0,0,0,0,0,0,0,0,0,0,0,0,0,0,0,0
nuscenes,scene-1094_037,yaw,deg,2,-2,34752,2733,0,0.151684,173,-0.0230317,0.123101,0,0,0,0,0,0,0,0,0,0,0,0,0,0,0,0
nuscenes,scene-1094_037,yaw,deg,3,3,34752,2700,0,0.157976,167,-0.0188397,0.123101,0,0,0,0,0,0,0,0,0,0,0,0,0,0,0,0
nuscenes,scene-1094_037,yaw,deg,3,-3,34752,2742,0,0.183042,180,-0.00565279,0.123101,0,0,0,0,0,0,0,0,0,0,0,0,0,0,0,0
nuscenes,scene-1094_037,tx,cm,2,2,34752,2710,0,0.155309,166,-0.0216991,0.123101,0,0,0,0,0,0,0,0,0,0,0,0,0,0,0,0
nuscenes,scene-1094_037,tx,cm,2,-2,34752,2716,0,0.15011,175,-0.0205776,0.123101,0,0,0,0,0,0,0,0,0,0,0,0,0,0,0,0
nuscenes,scene-1094_037,tx,cm,5,5,34752,2715,0,0.158759,168,-0.0132496,0.123101,0,0,0,0,0,0,0,0,0,0,0,0,0,0,0,0
nuscenes,scene-1094_037,tx,cm,5,-5,34752,2716,0,0.150679,175,-0.0241399,0.123101,0,0,0,0,0,0,0,0,0,0,0,0,0,0,0,0
nuscenes,scene-1094_037,tx,cm,10,10,34752,2716,0,0.154863,163,-0.0180038,0.123101,0,0,0,0,0,0,0,0,0,0,0,0,0,0,0,0
nuscenes,scene-1094_037,tx,cm,10,-10,34752,2712,0,0.154455,180,-0.019629,0.123101,0,0,0,0,0,0,0,0,0,0,0,0,0,0,0,0
nuscenes,scene-1094_037,tx,cm,20,20,34752,2717,0,0.144909,179,-0.0234038,0.123101,0,0,0,0,0,0,0,0,0,0,0,0,0,0,0,0
nuscenes,scene-1094_037,tx,cm,20,-20,34752,2708,0,0.147495,172,-0.0278443,0.123101,0,0,0,0,0,0,0,0,0,0,0,0,0,0,0,0
nuscenes,scene-1094_037,ty,cm,2,2,34752,2727,0,0.14841,178,-0.0221073,0.123101,0,0,0,0,0,0,0,0,0,0,0,0,0,0,0,0
nuscenes,scene-1094_037,ty,cm,2,-2,34752,2694,0,0.152722,176,-0.0205261,0.123101,0,0,0,0,0,0,0,0,0,0,0,0,0,0,0,0
nuscenes,scene-1094_037,ty,cm,5,5,34752,2748,0,0.152423,172,-0.0211774,0.123101,0,0,0,0,0,0,0,0,0,0,0,0,0,0,0,0
nuscenes,scene-1094_037,ty,cm,5,-5,34752,2669,0,0.150009,174,-0.020632,0.123101,0,0,0,0,0,0,0,0,0,0,0,0,0,0,0,0
nuscenes,scene-1094_037,ty,cm,10,10,34752,2782,0,0.155274,167,-0.0189329,0.123101,0,0,0,0,0,0,0,0,0,0,0,0,0,0,0,0
nuscenes,scene-1094_037,ty,cm,10,-10,34752,2620,0,0.163513,177,-0.0127658,0.123101,0,0,0,0,0,0,0,0,0,0,0,0,0,0,0,0
nuscenes,scene-1094_037,ty,cm,20,20,34752,2853,0,0.149287,202,-0.00941893,0.123101,0,0,0,0,0,0,0,0,0,0,0,0,0,0,0,0
nuscenes,scene-1094_037,ty,cm,20,-20,34752,2582,0,0.160349,178,-0.0127799,0.123101,0,0,0,0,0,0,0,0,0,0,0,0,0,0,0,0
nuscenes,scene-1094_037,tz,cm,2,2,34752,2744,0,0.141904,170,-0.0251582,0.123101,0,0,0,0,0,0,0,0,0,0,0,0,0,0,0,0
nuscenes,scene-1094_037,tz,cm,2,-2,34752,2665,0,0.148364,180,-0.0222255,0.123101,0,0,0,0,0,0,0,0,0,0,0,0,0,0,0,0
nuscenes,scene-1094_037,tz,cm,5,5,34752,2773,0,0.154206,172,-0.0202001,0.123101,0,0,0,0,0,0,0,0,0,0,0,0,0,0,0,0
nuscenes,scene-1094_037,tz,cm,5,-5,34752,2633,0,0.148281,184,-0.021501,0.123101,0,0,0,0,0,0,0,0,0,0,0,0,0,0,0,0
nuscenes,scene-1094_037,tz,cm,10,10,34752,2803,0,0.159857,189,-0.0167156,0.123101,0,0,0,0,0,0,0,0,0,0,0,0,0,0,0,0
nuscenes,scene-1094_037,tz,cm,10,-10,34752,2602,0,0.150663,183,-0.0229401,0.123101,0,0,0,0,0,0,0,0,0,0,0,0,0,0,0,0
nuscenes,scene-1094_037,tz,cm,20,20,34752,3050,0,0.143835,304,-0.0100342,0.123101,0,0,0,0,0,0,0,0,0,0,0,0,0,0,0,0
nuscenes,scene-1094_037,tz,cm,20,-20,34752,2471,0,0.14721,189,-0.0241947,0.123101,0,0,0,0,0,0,0,0,0,0,0,0,0,0,0,0
nuscenes,scene-1094_038,baseline,,0,0,34688,2624,2,0.198214,151,0.0338526,0.125403,0,0,0,0,56,56,104,56,0,0,0,0,0,0,0,0
nuscenes,scene-1094_038,roll,deg,0.25,0.25,34688,2660,2,0.21849,151,0.0459626,0.125403,0,0,0,0,56,56,111,56,0,0,0,0,0,0,0,0
nuscenes,scene-1094_038,roll,deg,0.25,-0.25,34688,2555,2,0.175974,153,0.0135637,0.125403,0,0,0,0,56,56,99,56,0,0,0,0,0,0,0,0
nuscenes,scene-1094_038,roll,deg,0.5,0.5,34688,2681,2,0.222333,155,0.0484263,0.125403,0,0,0,0,56,56,126,56,0,0,0,0,0,0,0,0
nuscenes,scene-1094_038,roll,deg,0.5,-0.5,34688,2540,2,0.160223,151,-0.0113079,0.125403,0,0,0,0,56,56,104,56,0,0,0,0,0,0,0,0
nuscenes,scene-1094_038,roll,deg,1,1,34688,2703,2,0.223994,153,0.0498626,0.125403,0,0,0,0,56,56,119,56,0,0,0,0,0,0,0,0
nuscenes,scene-1094_038,roll,deg,1,-1,34688,2506,2,0.157799,154,-0.0341466,0.125403,0,0,0,0,56,47,92,47,0,0,0,0,0,0,0,0
nuscenes,scene-1094_038,roll,deg,1.5,1.5,34688,2790,2,0.215457,155,0.0398871,0.125403,0,0,0,0,56,56,138,56,0,0,0,0,0,0,0,0
nuscenes,scene-1094_038,roll,deg,1.5,-1.5,34688,2433,2,0.143993,151,-0.0204135,0.125403,0,0,0,0,56,33,70,33,0,0,0,0,0,0,0,0
nuscenes,scene-1094_038,roll,deg,2,2,34688,2843,2,0.23389,156,0.0660369,0.125403,0,0,0,0,56,45,140,45,0,0,0,0,0,0,0,0
nuscenes,scene-1094_038,roll,deg,2,-2,34688,2367,2,0.169017,156,-4.76986e-05,0.125403,0,0,0,0,56,33,90,33,0,0,0,0,0,0,0,0
nuscenes,scene-1094_038,roll,deg,3,3,34688,2958,2,0.177823,157,0.00754213,0.125403,0,0,0,0,56,32,159,32,0,0,0,0,0,0,0,0
nuscenes,scene-1094_038,roll,deg,3,-3,34688,2223,2,0.153776,155,-0.0192838,0.125403,0,0,0,0,56,6,61,6,0,0,0,0,0,0,0,0
nuscenes,scene-1094_038,pitch,deg,0.25,0.25,34688,2623,2,0.208688,153,0.0402514,0.125403,0,0,0,0,56,56,98,56,0,0,0,0,0,0,0,0
nuscenes,scene-1094_038,pitch,deg,0.25,-0.25,34688,2623,2,0.194261,149,0.0338899,0.125403,0,0,0,0,56,56,107,56,0,0,0,0,0,0,0,0
nuscenes,scene-1094_038,pitch,deg,0.5,0.5,34688,2621,2,0.218198,154,0.0501624,0.125403,0,0,0,0,56,56,98,56,0,0,0,0,0,0,0,0
nuscenes,scene-1094_038,pitch,deg,0.5,-0.5,34688,2623,2,0.188301,151,0.0290392,0.125403,0,0,0,0,56,56,111,56,0,0,0,0,0,0,0,0
nuscenes,scene-1094_038,pitch,deg,1,1,34688,2623,2,0.20502,155,0.0283291,0.125403,0,0,0,0,56,56,105,56,0,0,0,0,0,0,0,0
nuscenes,scene-1094_038,pitch,deg,1,-1,34688,2619,2,0.187315,152,0.0338884,0.125403,0,0,0,0,56,56,118,56,0,0,0,0,0,0,0,0
nuscenes,scene-1094_038,pitch,deg,1.5,1.5,34688,2623,2,0.202977,156,0.026163,0.125403,0,0,0,0,56,56,105,56,0,0,0,0,0,0,0,0
nuscenes,scene-1094_038,pitch,deg,1.5,-1.5,34688,2616,2,0.190718,150,0.0335294,0.125403,0,0,0,0,56,56,117,56,0,0,0,0,0,0,0,0
nuscenes,scene-1094_038,pitch,deg,2,2,34688,2620,2,0.199059,153,0.0220352,0.125403,0,0,0,0,56,56,101,56,0,0,0,0,0,0,0,0
nuscenes,scene-1094_038,pitch,deg,2,-2,34688,2620,2,0.192909,152,0.0291487,0.125403,0,0,0,0,56,56,109,56,0,0,0,0,0,0,0,0
nuscenes,scene-1094_038,pitch,deg,3,3,34688,2621,2,0.213572,152,0.0243345,0.125403,0,0,0,0,56,43,88,43,0,0,0,0,0,0,0,0
nuscenes,scene-1094_038,pitch,deg,3,-3,34688,2621,2,0.186276,152,0.024611,0.125403,0,0,0,0,56,56,128,56,0,0,0,0,0,0,0,0
nuscenes,scene-1094_038,yaw,deg,0.25,0.25,34688,2621,2,0.19234,152,0.0259029,0.125403,0,0,0,0,56,55,103,55,0,0,0,0,0,0,0,0
nuscenes,scene-1094_038,yaw,deg,0.25,-0.25,34688,2614,2,0.200097,155,0.0406691,0.125403,0,0,0,0,56,56,104,56,0,0,0,0,0,0,0,0
nuscenes,scene-1094_038,yaw,deg,0.5,0.5,34688,2620,2,0.183729,151,0.00779238,0.125403,0,0,0,0,56,53,101,53,0,0,0,0,0,0,0,0
nuscenes,scene-1094_038,yaw,deg,0.5,-0.5,34688,2617,2,0.189342,153,0.0341581,0.125403,0,0,0,0,56,56,102,56,0,0,0,0,0,0,0,0
nuscenes,scene-1094_038,yaw,deg,1,1,34688,2625,2,0.168035,158,-0.0202966,0.125403,0,0,0,0,56,51,103,51,0,0,0,0,0,0,0,0
nuscenes,scene-1094_038,yaw,deg,1,-1,34688,2626,2,0.18683,152,0.0212133,0.125403,0,0,0,0,56,50,96,50,0,0,0,0,0,0,0,0
nuscenes,scene-1094_038,yaw,deg,1.5,1.5,34688,2621,2,0.157275,159,-0.020036,0.125403,0,0,0,0,56,46,102,46,0,0,0,0,0,0,0,0
nuscenes,scene-1094_038,yaw,deg,1.5,-1.5,34688,2628,2,0.209218,149,0.0375317,0.125403,0,0,0,0,56,46,94,46,0,0,0,0,0,0,0,0
nuscenes,scene-1094_038,yaw,deg,2,2,34688,2621,2,0.136036,157,-0.0406501,0.125403,0,0,0,0,56,43,102,43,0,0,0,0,0,0,0,0
nuscenes,scene-1094_038,yaw,deg,2,-2,34688,2635,2,0.233578,152,0.0607848,0.125403,0,0,0,0,56,38,90,38,0,0,0,0,0,0,0,0
nuscenes,scene-1094_038,yaw,deg,3,3,34688,2620,2,0.173279,153,-0.00512893,0.125403,0,0,0,0,56,32,98,32,0,0,0,0,0,0,0,0
nuscenes,scene-1094_038,yaw,deg,3,-3,34688,2647,2,0.16216,157,-0.0260656,0.125403,0,0,0,0,56,28,92,28,0,0,0,0,0,0,0,0
nuscenes,scene-1094_038,tx,cm,2,2,34688,2619,2,0.199275,148,0.0369604,0.125403,0,0,0,0,56,56,105,56,0,0,0,0,0,0,0,0
nuscenes,scene-1094_038,tx,cm,2,-2,34688,2621,2,0.198873,153,0.0334768,0.125403,0,0,0,0,56,56,105,56,0,0,0,0,0,0,0,0
nuscenes,scene-1094_038,tx,cm,5,5,34688,2619,2,0.205986,147,0.0457378,0.125403,0,0,0,0,56,56,103,56,0,0,0,0,0,0,0,0
nuscenes,scene-1094_038,tx,cm,5,-5,34688,2617,2,0.19434,152,0.0304595,0.125403,0,0,0,0,56,56,104,56,0,0,0,0,0,0,0,0
nuscenes,scene-1094_038,tx,cm,10,10,34688,2615,2,0.218553,152,0.0634311,0.125403,0,0,0,0,56,56,104,56,0,0,0,0,0,0,0,0
nuscenes,scene-1094_038,tx,cm,10,-10,34688,2616,2,0.201854,156,0.0386725,0.125403,0,0,0,0,56,55,101,55,0,0,0,0,0,0,0,0
nuscenes,scene-1094_038,tx,cm,20,20,34688,2619,2,0.235912,154,0.0719324,0.125403,0,0,0,0,56,56,103,56,0,0,0,0,0,0,0,0
nuscenes,scene-1094_038,tx,cm,20,-20,34688,2625,2,0.178917,157,0.0111586,0.125403,0,0,0,0,56,55,102,55,0,0,0,0,0,0,0,0
nuscenes,scene-1094_038,ty,cm,2,2,34688,2636,2,0.195251,153,0.0308577,0.125403,0,0,0,0,56,56,105,56,0,0,0,0,0,0,0,0
nuscenes,scene-1094_038,ty,cm,2,-2,34688,2605,2,0.195324,153,0.0290764,0.125403,0,0,0,0,56,56,103,56,0,0,0,0,0,0,0,0
nuscenes,scene-1094_038,ty,cm,5,5,34688,2656,2,0.205028,150,0.0445859,0.125403,0,0,0,0,56,56,105,56,0,0,0,0,0,0,0,0
nuscenes,scene-1094_038,ty,cm,5,-5,34688,2573,2,0.192569,155,0.029556,0.125403,0,0,0,0,56,56,103,56,0,0,0,0,0,0,0,0
nuscenes,scene-1094_038,ty,cm,10,10,34688,2685,2,0.212926,147,0.0556845,0.125403,0,0,0,0,56,56,106,56,0,0,0,0,0,0,0,0
nuscenes,scene-1094_038,ty,cm,10,-10,34688,2520,2,0.195226,154,0.0289108,0.125403,0,0,0,0,56,56,100,56,0,0,0,0,0,0,0,0
nuscenes,scene-1094_038,ty,cm,20,20,34688,2756,2,0.218179,174,0.0717705,0.125403,0,0,0,0,56,56,109,56,0,0,0,0,0,0,0,0
nuscenes,scene-1094_038,ty,cm,20,-20,34688,2478,2,0.205414,155,0.0342607,0.125403,0,0,0,0,56,56,99,56,0,0,0,0,0,0,0,0
nuscenes,scene-1094_038,tz,cm,2,2,34688,2657,2,0.20538,159,0.0397783,0.125403,0,0,0,0,56,56,107,56,0,0,0,0,0,0,0,0
nuscenes,scene-1094_038,tz,cm,2,-2,34688,2571,2,0.191783,153,0.0305749,0.125403,0,0,0,0,56,56,98,56,0,0,0,0,0,0,0,0
nuscenes,scene-1094_038,tz,cm,5,5,34688,2683,2,0.202704,178,0.0399559,0.125403,0,0,0,0,56,56,109,56,0,0,0,0,0,0,0,0
nuscenes,scene-1094_038,tz,cm,5,-5,34688,2543,2,0.185786,161,0.0341427,0.125403,0,0,0,0,56,56,90,56,0,0,0,0,0,0,0,0
nuscenes,scene-1094_038,tz,cm,10,10,34688,2710,2,0.194266,187,0.0321483,0.125403,0,0,0,0,56,56,117,56,0,0,0,0,0,0,0,0
nuscenes,scene-1094_038,tz,cm,10,-10,34688,2513,2,0.165083,160,0.0252267,0.125403,0,0,0,0,56,56,90,56,0,0,0,0,0,0,0,0
nuscenes,scene-1094_038,tz,cm,20,20,34688,2953,2,0.166688,288,0.0237595,0.125403,0,0,0,0,56,56,117,56,0,0,0,0,0,0,0,0
nuscenes,scene-1094_038,tz,cm,20,-20,34688,2381,2,0.167169,164,0.0226431,0.125403,0,0,0,0,56,56,95,56,0,0,0,0,0,0,0,0
nuscenes,scene-1094_039,baseline,,0,0,34720,2642,2,0.172194,158,0.0247593,0.112425,0,0,0,0,21,21,33,21,0,0,0,0,0,0,0,0
nuscenes,scene-1094_039,roll,deg,0.25,0.25,34720,2674,2,0.191831,158,0.0360346,0.112425,0,0,0,0,21,21,40,21,0,0,0,0,0,0,0,0
nuscenes,scene-1094_039,roll,deg,0.25,-0.25,34720,2584,2,0.151222,157,0.010234,0.112425,0,0,0,0,21,21,33,21,0,0,0,0,0,0,0,0
nuscenes,scene-1094_039,roll,deg,0.5,0.5,34720,2697,2,0.183404,156,0.0356418,0.112425,0,0,0,0,21,21,44,21,0,0,0,0,0,0,0,0
nuscenes,scene-1094_039,roll,deg,0.5,-0.5,34720,2568,2,0.135566,156,-0.00153273,0.112425,0,0,0,0,21,21,33,21,0,0,0,0,0,0,0,0
nuscenes,scene-1094_039,roll,deg,1,1,34720,2724,2,0.145459,157,0.0073902,0.112425,0,0,0,0,21,21,44,21,0,0,0,0,0,0,0,0
nuscenes,scene-1094_039,roll,deg,1,-1,34720,2533,2,0.173083,159,0.0276952,0.112425,0,0,0,0,21,21,28,21,0,0,0,0,0,0,0,0
nuscenes,scene-1094_039,roll,deg,1.5,1.5,34720,2797,2,0.154165,154,0.00372887,0.112425,0,0,0,0,21,16,50,16,0,0,0,0,0,0,0,0
nuscenes,scene-1094_039,roll,deg,1.5,-1.5,34720,2462,2,0.146042,159,-0.0128573,0.112425,0,0,0,0,21,13,20,13,0,0,0,0,0,0,0,0
nuscenes,scene-1094_039,roll,deg,2,2,34720,2847,2,0.145264,158,0.00182375,0.112425,0,0,0,0,21,16,53,16,0,0,0,0,0,0,0,0
nuscenes,scene-1094_039,roll,deg,2,-2,34720,2397,2,0.117101,156,-0.0374045,0.112425,0,0,0,0,21,9,15,9,0,0,0,0,0,0,0,0
nuscenes,scene-1094_039,roll,deg,3,3,34720,2954,2,0.113825,161,-0.0271121,0.112425,0,0,0,0,21,4,55,4,0,0,0,0,0,0,0,0
nuscenes,scene-1094_039,roll,deg,3,-3,34720,2256,2,0.108539,162,-0.0584088,0.112425,0,0,0,0,21,7,17,7,0,0,0,0,0,0,0,0
nuscenes,scene-1094_039,pitch,deg,0.25,0.25,34720,2644,2,0.179494,158,0.0319833,0.112425,0,0,0,0,21,21,33,21,0,0,0,0,0,0,0,0
nuscenes,scene-1094_039,pitch,deg,0.25,-0.25,34720,2640,2,0.178247,158,0.033907,0.112425,0,0,0,0,21,21,33,21,0,0,0,0,0,0,0,0
nuscenes,scene-1094_039,pitch,deg,0.5,0.5,34720,2647,2,0.186294,156,0.0303294,0.112425,0,0,0,0,21,21,33,21,0,0,0,0,0,0,0,0
nuscenes,scene-1094_039,pitch,deg,0.5,-0.5,34720,2638,2,0.165963,158,0.0260724,0.112425,0,0,0,0,21,21,33,21,0,0,0,0,0,0,0,0
nuscenes,scene-1094_039,pitch,deg,1,1,34720,2645,2,0.185113,156,0.0353572,0.112425,0,0,0,0,21,21,33,21,0,0,0,0,0,0,0,0
nuscenes,scene-1094_039,pitch,deg,1,-1,34720,2640,2,0.161244,159,0.0298936,0.112425,0,0,0,0,21,21,33,21,0,0,0,0,0,0,0,0
nuscenes,scene-1094_039,pitch,deg,1.5,1.5,34720,2646,2,0.184137,159,0.0399717,0.112425,0,0,0,0,21,21,37,21,0,0,0,0,0,0,0,0
nuscenes,scene-1094_039,pitch,deg,1.5,-1.5,34720,2640,2,0.144554,160,0.0242058,0.112425,0,0,0,0,21,21,33,21,0,0,0,0,0,0,0,0
nuscenes,scene-1094_039,pitch,deg,2,2,34720,2649,2,0.180439,160,0.0308461,0.112425,0,0,0,0,21,21,38,21,0,0,0,0,0,0,0,0
nuscenes,scene-1094_039,pitch,deg,2,-2,34720,2635,2,0.159983,158,0.0368109,0.112425,0,0,0,0,21,21,33,21,0,0,0,0,0,0,0,0
nuscenes,scene-1094_039,pitch,deg,3,3,34720,2651,2,0.177997,159,0.0257073,0.112425,0,0,0,0,21,21,40,21,0,0,0,0,0,0,0,0
nuscenes,scene-1094_039,pitch,deg,3,-3,34720,2641,2,0.176327,161,0.0494862,0.112425,0,0,0,0,21,21,32,21,0,0,0,0,0,0,0,0
nuscenes,scene-1094_039,yaw,deg,0.25,0.25,34720,2639,2,0.193488,160,0.0465107,0.112425,0,0,0,0,21,21,33,21,0,0,0,0,0,0,0,0
nuscenes,scene-1094_039,yaw,deg,0.25,-0.25,34720,2637,2,0.173261,159,0.0295818,0.112425,0,0,0,0,21,20,32,20,0,0,0,0,0,0,0,0
nuscenes,scene-1094_039,yaw,deg,0.5,0.5,34720,2641,2,0.178493,158,0.0278819,0.112425,0,0,0,0,21,20,33,20,0,0,0,0,0,0,0,0
nuscenes,scene-1094_039,yaw,deg,0.5,-0.5,34720,2639,2,0.180036,161,0.0263158,0.112425,0,0,0,0,21,19,34,19,0,0,0,0,0,0,0,0
nuscenes,scene-1094_039,yaw,deg,1,1,34720,2645,2,0.180459,156,0.0228921,0.112425,0,0,0,0,21,15,28,15,0,0,0,0,0,0,0,0
nuscenes,scene-1094_039,yaw,deg,1,-1,34720,2636,2,0.161551,169,-0.00979838,0.112425,0,0,0,0,21,13,28,13,0,0,0,0,0,0,0,0
nuscenes,scene-1094_039,yaw,deg,1.5,1.5,34720,2647,2,0.17817,155,0.0336434,0.112425,0,0,0,0,21,10,30,10,0,0,0,0,0,0,0,0
nuscenes,scene-1094_039,yaw,deg,1.5,-1.5,34720,2628,2,0.148357,168,-0.025214,0.112425,0,0,0,0,21,7,22,7,0,0,0,0,0,0,0,0
nuscenes,scene-1094_039,yaw,deg,2,2,34720,2645,2,0.188544,151,0.0382125,0.112425,0,0,0,0,21,5,26,5,0,0,0,0,0,0,0,0
nuscenes,scene-1094_039,yaw,deg,2,-2,34720,2633,2,0.154562,171,-0.0135507,0.112425,0,0,0,0,21,4,26,4,0,0,0,0,0,0,0,0
nuscenes,scene-1094_039,yaw,deg,3,3,34720,2645,2,0.190994,138,0.0403768,0.112425,0,0,0,0,21,2,24,2,0,0,0,0,0,0,0,0
nuscenes,scene-1094_039,yaw,deg,3,-3,34720,2629,2,0.201535,182,0.0203962,0.112425,0,0,0,0,21,1,34,1,0,0,0,0,0,0,0,0
nuscenes,scene-1094_039,tx,cm,2,2,34720,2638,2,0.175876,157,0.0306959,0.112425,0,0,0,0,21,21,33,21,0,0,0,0,0,0,0,0
nuscenes,scene-1094_039,tx,cm,2,-2,34720,2638,2,0.171602,161,0.0290338,0.112425,0,0,0,0,21,21,33,21,0,0,0,0,0,0,0,0
nuscenes,scene-1094_039,tx,cm,5,5,34720,2648,2,0.172175,155,0.0314197,0.112425,0,0,0,0,21,21,34,21,0,0,0,0,0,0,0,0
nuscenes,scene-1094_039,tx,cm,5,-5,34720,2641,2,0.184031,162,0.0408816,0.112425,0,0,0,0,21,21,34,21,0,0,0,0,0,0,0,0
nuscenes,scene-1094_039,tx,cm,10,10,34720,2653,2,0.169415,152,0.022333,0.112425,0,0,0,0,21,21,32,21,0,0,0,0,0,0,0,0
nuscenes,scene-1094_039,tx,cm,10,-10,34720,2642,2,0.182392,159,0.0395385,0.112425,0,0,0,0,21,21,34,21,0,0,0,0,0,0,0,0
nuscenes,scene-1094_039,tx,cm,20,20,34720,2653,2,0.172571,162,0.0180316,0.112425,0,0,0,0,21,19,32,19,0,0,0,0,0,0,0,0
nuscenes,scene-1094_039,tx,cm,20,-20,34720,2635,2,0.176354,158,0.0407017,0.112425,0,0,0,0,21,20,32,20,0,0,0,0,0,0,0,0
nuscenes,scene-1094_039,ty,cm,2,2,34720,2654,2,0.173087,158,0.0311897,0.112425,0,0,0,0,21,21,33,21,0,0,0,0,0,0,0,0
nuscenes,scene-1094_039,ty,cm,2,-2,34720,2624,2,0.17522,158,0.0272856,0.112425,0,0,0,0,21,21,33,21,0,0,0,0,0,0,0,0
nuscenes,scene-1094_039,ty,cm,5,5,34720,2666,2,0.176812,158,0.0326688,0.112425,0,0,0,0,21,21,33,21,0,0,0,0,0,0,0,0
nuscenes,scene-1094_039,ty,cm,5,-5,34720,2603,2,0.176536,157,0.0271375,0.112425,0,0,0,0,21,21,33,21,0,0,0,0,0,0,0,0
nuscenes,scene-1094_039,ty,cm,10,10,34720,2706,2,0.182193,162,0.0360823,0.112425,0,0,0,0,21,21,34,21,0,0,0,0,0,0,0,0
nuscenes,scene-1094_039,ty,cm,10,-10,34720,2560,2,0.178566,155,0.0347304,0.112425,0,0,0,0,21,21,34,21,0,0,0,0,0,0,0,0
nuscenes,scene-1094_039,ty,cm,20,20,34720,2780,2,0.158265,189,0.0275765,0.112425,0,0,0,0,21,21,34,21,0,0,0,0,0,0,0,0
nuscenes,scene-1094_039,ty,cm,20,-20,34720,2524,2,0.178548,157,0.0382361,0.112425,0,0,0,0,21,21,33,21,0,0,0,0,0,0,0,0
nuscenes,scene-1094_039,tz,cm,2,2,34720,2670,2,0.184314,161,0.0364765,0.112425,0,0,0,0,21,21,33,21,0,0,0,0,0,0,0,0
nuscenes,scene-1094_039,tz,cm,2,-2,34720,2590,2,0.172525,158,0.0248832,0.112425,0,0,0,0,21,21,33,21,0,0,0,0,0,0,0,0
nuscenes,scene-1094_039,tz,cm,5,5,34720,2698,2,0.201554,161,0.0534811,0.112425,0,0,0,0,21,21,40,21,0,0,0,0,0,0,0,0
nuscenes,scene-1094_039,tz,cm,5,-5,34720,2570,2,0.170013,156,0.0225655,0.112425,0,0,0,0,21,21,33,21,0,0,0,0,0,0,0,0
nuscenes,scene-1094_039,tz,cm,10,10,34720,2728,2,0.191161,173,0.0413628,0.112425,0,0,0,0,21,21,44,21,0,0,0,0,0,0,0,0
nuscenes,scene-1094_039,tz,cm,10,-10,34720,2540,2,0.150896,159,0.00973327,0.112425,0,0,0,0,21,21,33,21,0,0,0,0,0,0,0,0
nuscenes,scene-1094_039,tz,cm,20,20,34720,2945,2,0.185589,258,0.0351501,0.112425,0,0,0,0,21,21,45,21,0,0,0,0,0,0,0,0
nuscenes,scene-1094_039,tz,cm,20,-20,34720,2409,2,0.157431,144,0.0162007,0.112425,0,0,0,0,21,21,33,21,0,0,0,0,0,0,0,0
