dataset,frame_id,kind,magnitude,signed_value,n_edge,canny_score,canny_contrast,grad_score,grad_contrast
kitti,000001,baseline,0,0,1241,0.555625,0.160532,0.24225,0.0571709
kitti,000001,yaw,0.5,0.5,1246,0.540326,0.136478,0.254816,0.065966
kitti,000001,yaw,0.5,-0.5,1218,0.560769,0.166325,0.231132,0.0474928
kitti,000001,yaw,1,1,1231,0.508743,0.102671,0.262453,0.0717005
kitti,000001,yaw,1,-1,1227,0.553098,0.160259,0.218505,0.0363201
kitti,000001,yaw,2,2,1235,0.517117,0.101356,0.275408,0.0812823
kitti,000001,yaw,2,-2,1253,0.509019,0.123061,0.199117,0.022395
kitti,000001,yaw,3,3,1221,0.526478,0.11601,0.286352,0.0898986
kitti,000001,yaw,3,-3,1237,0.460715,0.0718812,0.180172,0.00979121
kitti,000001,pitch,0.5,0.5,1210,0.51027,0.0905918,0.265994,0.0713824
kitti,000001,pitch,0.5,-0.5,1215,0.495877,0.100425,0.196361,0.0185737
kitti,000001,pitch,1,1,1189,0.52759,0.111344,0.269305,0.077594
kitti,000001,pitch,1,-1,1266,0.436351,0.0375989,0.17862,0.00404692
kitti,000001,pitch,2,2,1166,0.489383,0.0927419,0.212532,0.0335623
kitti,000001,pitch,2,-2,1304,0.328182,-0.02198,0.146288,-0.0241102
kitti,000001,pitch,3,3,1105,0.37054,-0.000511825,0.161193,-0.00887036
kitti,000001,pitch,3,-3,1329,0.219397,-0.102198,0.11979,-0.0377265
kitti,000001,roll,0.5,0.5,1222,0.513239,0.101618,0.258081,0.0669712
kitti,000001,roll,0.5,-0.5,1247,0.547698,0.157274,0.217231,0.0379298
kitti,000001,roll,1,1,1231,0.516802,0.0936605,0.273334,0.0787389
kitti,000001,roll,1,-1,1253,0.478822,0.0764533,0.187545,0.0110407
kitti,000001,roll,2,2,1202,0.532486,0.111516,0.292371,0.0963627
kitti,000001,roll,2,-2,1247,0.447088,0.0458336,0.167904,0.000389799
kitti,000001,roll,3,3,1226,0.50957,0.107544,0.27681,0.0812085
kitti,000001,roll,3,-3,1273,0.444663,0.0569464,0.164825,0.00499967
kitti,000001,tx,10,10,1256,0.548467,0.155208,0.241231,0.0569615
kitti,000001,tx,10,-10,1217,0.559465,0.162265,0.244229,0.0584142
kitti,000001,tx,20,20,1314,0.544811,0.147483,0.237141,0.0541058
kitti,000001,tx,20,-20,1115,0.550633,0.153755,0.242665,0.0566923
kitti,000001,tz,10,10,1655,0.470803,0.0688834,0.195441,0.0187695
kitti,000001,tz,10,-10,767,0.49481,0.0901902,0.261943,0.0701636
kitti,000001,tz,20,20,1972,0.450219,0.0613522,0.184372,0.0128538
kitti,000001,tz,20,-20,484,0.445697,0.0691251,0.25489,0.0748346
kitti,000004,baseline,0,0,1076,0.431947,0.104214,0.162936,0.0243117
kitti,000004,yaw,0.5,0.5,1122,0.413465,0.0850693,0.16271,0.0218296
kitti,000004,yaw,0.5,-0.5,1053,0.430077,0.101906,0.159372,0.0178761
kitti,000004,yaw,1,1,1105,0.384635,0.0396798,0.164175,0.0166404
kitti,000004,yaw,1,-1,1074,0.426513,0.0942675,0.161268,0.0171008
kitti,000004,yaw,2,2,1052,0.369863,0.010632,0.147366,0.000857174
kitti,000004,yaw,2,-2,1036,0.389985,0.0624743,0.165113,0.0252917
kitti,000004,yaw,3,3,1102,0.353946,-0.00909007,0.142743,-0.00806966
kitti,000004,yaw,3,-3,1037,0.397501,0.0624877,0.17381,0.0363882
kitti,000004,pitch,0.5,0.5,1075,0.441415,0.093614,0.178463,0.0349325
kitti,000004,pitch,0.5,-0.5,1113,0.370769,0.0334007,0.146148,0.00823215
kitti,000004,pitch,1,1,1034,0.430246,0.0701818,0.183669,0.035982
kitti,000004,pitch,1,-1,1107,0.325572,-0.0172194,0.128935,-0.0132215
kitti,000004,pitch,2,2,1017,0.382613,0.044737,0.146942,0.00693004
kitti,000004,pitch,2,-2,1138,0.359728,0.0160302,0.144525,-0.00471835
kitti,000004,pitch,3,3,1020,0.322681,-0.0157838,0.125446,-0.0170264
kitti,000004,pitch,3,-3,1153,0.254466,-0.0564241,0.114465,-0.0194864
kitti,000004,roll,0.5,0.5,1116,0.407857,0.0747847,0.157548,0.0176642
kitti,000004,roll,0.5,-0.5,1097,0.452281,0.120268,0.165396,0.0283296
kitti,000004,roll,1,1,1041,0.371574,0.0443886,0.146741,0.00841202
kitti,000004,roll,1,-1,1116,0.422183,0.0894916,0.167293,0.0311797
kitti,000004,roll,2,2,1076,0.336418,0.00901023,0.137218,0.00131853
kitti,000004,roll,2,-2,1145,0.401466,0.0604729,0.172703,0.034382
kitti,000004,roll,3,3,1129,0.353977,-0.00567454,0.138106,-0.00455843
kitti,000004,roll,3,-3,1139,0.383263,0.0493692,0.164717,0.0234909
kitti,000004,tx,10,10,1091,0.441361,0.115413,0.16638,0.0273203
kitti,000004,tx,10,-10,1089,0.43243,0.106114,0.162657,0.0229687
kitti,000004,tx,20,20,1143,0.44919,0.116343,0.16932,0.0281369
kitti,000004,tx,20,-20,1043,0.43011,0.105903,0.160403,0.0218926
kitti,000004,tz,10,10,1453,0.395119,0.05921,0.15101,0.0114774
kitti,000004,tz,10,-10,733,0.385926,0.0504874,0.161289,0.0219937
kitti,000004,tz,20,20,1827,0.37569,0.0276548,0.142553,0.000290111
kitti,000004,tz,20,-20,487,0.3986,0.0835984,0.164011,0.0308815
kitti,000007,baseline,0,0,1249,0.447116,0.0647364,0.148885,0.0127481
kitti,000007,yaw,0.5,0.5,1250,0.425617,0.0481715,0.139681,0.00515772
kitti,000007,yaw,0.5,-0.5,1188,0.430866,0.0480535,0.145967,0.0126991
kitti,000007,yaw,1,1,1271,0.430371,0.0478261,0.13996,0.0038055
kitti,000007,yaw,1,-1,1152,0.417384,0.0361867,0.144274,0.0124629
kitti,000007,yaw,2,2,1259,0.407691,0.0256006,0.138607,0.00190069
kitti,000007,yaw,2,-2,1138,0.42379,0.0374511,0.143974,0.0093106
kitti,000007,yaw,3,3,1369,0.399036,0.0126107,0.139506,0.00088729
kitti,000007,yaw,3,-3,1141,0.425512,0.0354953,0.139716,0.00365949
kitti,000007,pitch,0.5,0.5,1233,0.404445,0.0226644,0.137012,-0.00191152
kitti,000007,pitch,0.5,-0.5,1238,0.432603,0.0607591,0.143737,0.00956957
kitti,000007,pitch,1,1,1172,0.367215,-0.030595,0.133677,-0.00763547
kitti,000007,pitch,1,-1,1271,0.400057,0.0455625,0.133147,0.00343585
kitti,000007,pitch,2,2,1133,0.390448,-0.00235093,0.142325,6.66082e-05
kitti,000007,pitch,2,-2,1273,0.381969,0.0458909,0.129089,0.00120775
kitti,000007,pitch,3,3,1123,0.429675,0.0189912,0.153511,0.0079733
kitti,000007,pitch,3,-3,1328,0.295333,-0.0576712,0.106153,-0.0248808
kitti,000007,roll,0.5,0.5,1246,0.460451,0.0785809,0.147129,0.00914408
kitti,000007,roll,0.5,-0.5,1249,0.440193,0.0534545,0.147289,0.0109949
kitti,000007,roll,1,1,1270,0.409012,0.0223221,0.136667,-0.00249128
kitti,000007,roll,1,-1,1221,0.421861,0.0483807,0.139306,0.00570096
kitti,000007,roll,2,2,1236,0.378274,-0.0008744,0.128022,-0.00828522
kitti,000007,roll,2,-2,1223,0.406455,0.0450428,0.139063,0.00635101
kitti,000007,roll,3,3,1294,0.344562,-0.0292166,0.122942,-0.0142591
kitti,000007,roll,3,-3,1269,0.413392,0.0599757,0.14928,0.0168985
kitti,000007,tx,10,10,1239,0.44926,0.0682664,0.143791,0.0087864
kitti,000007,tx,10,-10,1185,0.452811,0.0754921,0.148162,0.0154411
kitti,000007,tx,20,20,1254,0.462141,0.0735978,0.147584,0.0118028
kitti,000007,tx,20,-20,1162,0.444987,0.0735021,0.146898,0.0156715
kitti,000007,tz,10,10,1623,0.489024,0.0914789,0.159686,0.0204398
kitti,000007,tz,10,-10,897,0.4176,0.0352171,0.138561,-0.000437886
kitti,000007,tz,20,20,1939,0.5132,0.115832,0.162599,0.0225558
kitti,000007,tz,20,-20,636,0.358429,-0.0126323,0.128426,-0.00948314
kitti,000008,baseline,0,0,1697,0.556749,0.0965297,0.19921,0.0251025
kitti,000008,yaw,0.5,0.5,1720,0.535626,0.0740796,0.19319,0.0197409
kitti,000008,yaw,0.5,-0.5,1709,0.54016,0.0809014,0.191866,0.0149518
kitti,000008,yaw,1,1,1710,0.497349,0.0360086,0.184699,0.0120804
kitti,000008,yaw,1,-1,1692,0.529113,0.0668545,0.188963,0.0115538
kitti,000008,yaw,2,2,1697,0.445142,-0.0184899,0.178486,0.00676839
kitti,000008,yaw,2,-2,1678,0.526067,0.0467564,0.194077,0.0127321
kitti,000008,yaw,3,3,1691,0.433549,-0.0288211,0.174154,0.000941321
kitti,000008,yaw,3,-3,1701,0.507081,0.0167376,0.193494,0.00649406
kitti,000008,pitch,0.5,0.5,1685,0.517102,0.0707201,0.187834,0.0175636
kitti,000008,pitch,0.5,-0.5,1710,0.533989,0.0621874,0.188422,0.0116249
kitti,000008,pitch,1,1,1680,0.476455,0.0352719,0.179086,0.00884949
kitti,000008,pitch,1,-1,1742,0.517067,0.0411654,0.180923,0.0015175
kitti,000008,pitch,2,2,1662,0.424948,0.00725982,0.170664,0.00821236
kitti,000008,pitch,2,-2,1733,0.471151,-0.0163457,0.175154,-0.00527608
kitti,000008,pitch,3,3,1649,0.380741,-0.0149661,0.148769,-0.0078506
kitti,000008,pitch,3,-3,1762,0.504909,-0.00558084,0.180074,-0.00848359
kitti,000008,roll,0.5,0.5,1687,0.548923,0.0894662,0.199714,0.0243611
kitti,000008,roll,0.5,-0.5,1693,0.54366,0.0865725,0.196678,0.0246818
kitti,000008,roll,1,1,1716,0.541101,0.0786393,0.198525,0.0226151
kitti,000008,roll,1,-1,1705,0.51822,0.0656705,0.193052,0.0219583
kitti,000008,roll,2,2,1727,0.520036,0.054857,0.193964,0.0161194
kitti,000008,roll,2,-2,1689,0.474176,0.0244334,0.183695,0.0136119
kitti,000008,roll,3,3,1723,0.529174,0.0605038,0.19575,0.01738
kitti,000008,roll,3,-3,1690,0.458554,0.00699377,0.180275,0.00891991
kitti,000008,tx,10,10,1803,0.54628,0.0884199,0.194883,0.0223031
kitti,000008,tx,10,-10,1641,0.543973,0.0862243,0.19976,0.0256122
kitti,000008,tx,20,20,1866,0.535022,0.0786855,0.192587,0.0203091
kitti,000008,tx,20,-20,1606,0.530803,0.0682399,0.197995,0.0238807
kitti,000008,tz,10,10,2031,0.504402,0.0441536,0.183552,0.00812875
kitti,000008,tz,10,-10,1384,0.51048,0.0530512,0.191637,0.0203535
kitti,000008,tz,20,20,2204,0.484602,0.0218531,0.179059,0.00173318
kitti,000008,tz,20,-20,963,0.50765,0.0338969,0.192459,0.0116029
kitti,000009,baseline,0,0,781,0.421453,0.0405478,0.147361,-0.00395252
kitti,000009,yaw,0.5,0.5,809,0.457015,0.0791161,0.150915,0.0014727
kitti,000009,yaw,0.5,-0.5,771,0.3784,-0.0148401,0.139153,-0.014617
kitti,000009,yaw,1,1,811,0.468644,0.100548,0.151914,0.00463693
kitti,000009,yaw,1,-1,754,0.360072,-0.0484196,0.131768,-0.0243666
kitti,000009,yaw,2,2,847,0.408776,0.050347,0.159868,0.017424
kitti,000009,yaw,2,-2,749,0.379664,-0.0437898,0.12752,-0.0316312
kitti,000009,yaw,3,3,870,0.387908,0.0146929,0.162967,0.015677
kitti,000009,yaw,3,-3,748,0.395264,-0.00994465,0.128528,-0.0285156
kitti,000009,pitch,0.5,0.5,797,0.427107,0.0375982,0.154111,0.00162867
kitti,000009,pitch,0.5,-0.5,836,0.386535,-0.0169557,0.136964,-0.0145975
kitti,000009,pitch,1,1,780,0.384695,0.00150782,0.16004,0.0112634
kitti,000009,pitch,1,-1,808,0.424188,0.0294034,0.143314,-0.0139004
kitti,000009,pitch,2,2,773,0.433491,0.0715641,0.181554,0.0378858
kitti,000009,pitch,2,-2,862,0.414243,0.026458,0.159634,0.00240581
kitti,000009,pitch,3,3,727,0.342362,-0.00830963,0.152121,0.00675622
kitti,000009,pitch,3,-3,863,0.374443,0.0239154,0.143211,0.00336261
kitti,000009,roll,0.5,0.5,801,0.434975,0.0716137,0.145665,-0.00155844
kitti,000009,roll,0.5,-0.5,796,0.384571,-0.0174789,0.144168,-0.0102652
kitti,000009,roll,1,1,750,0.409412,0.0362145,0.140762,-0.00790377
kitti,000009,roll,1,-1,822,0.367655,-0.055388,0.139087,-0.0196428
kitti,000009,roll,2,2,802,0.358377,-0.0251518,0.140075,-0.00653763
kitti,000009,roll,2,-2,812,0.429714,0.034999,0.147235,-0.00562581
kitti,000009,roll,3,3,830,0.428301,0.0630418,0.16115,0.0183286
kitti,000009,roll,3,-3,833,0.454186,0.0640056,0.14997,-0.000941098
kitti,000009,tx,10,10,821,0.428153,0.0482996,0.148219,-0.00143687
kitti,000009,tx,10,-10,752,0.42049,0.0376846,0.144716,-0.00709161
kitti,000009,tx,20,20,888,0.44194,0.0699201,0.149395,0.00227241
kitti,000009,tx,20,-20,734,0.418643,0.0353679,0.143741,-0.00973362
kitti,000009,tz,10,10,1076,0.389437,-0.0278563,0.144268,-0.01419
kitti,000009,tz,10,-10,557,0.401273,0.0441757,0.146479,-0.000451058
kitti,000009,tz,20,20,1311,0.422371,0.0132508,0.147856,-0.00571036
kitti,000009,tz,20,-20,349,0.377338,0.0355667,0.155443,0.0174996
kitti,000010,baseline,0,0,1010,0.469125,0.141332,0.240475,0.0706484
kitti,000010,yaw,0.5,0.5,999,0.445989,0.117297,0.236886,0.0667689
kitti,000010,yaw,0.5,-0.5,1058,0.426676,0.104227,0.223274,0.0559812
kitti,000010,yaw,1,1,993,0.434921,0.104287,0.228231,0.0569293
kitti,000010,yaw,1,-1,1053,0.414301,0.093729,0.216066,0.0488961
kitti,000010,yaw,2,2,964,0.400899,0.0821475,0.215093,0.0476979
kitti,000010,yaw,2,-2,1073,0.406417,0.0779838,0.209061,0.0385195
kitti,000010,yaw,3,3,951,0.405526,0.080683,0.218171,0.0482575
kitti,000010,yaw,3,-3,1092,0.387602,0.0633056,0.196512,0.0273397
kitti,000010,pitch,0.5,0.5,973,0.317406,0.0301642,0.165456,0.0254921
kitti,000010,pitch,0.5,-0.5,993,0.482375,0.130981,0.255823,0.0672377
kitti,000010,pitch,1,1,970,0.282022,0.00672591,0.147595,0.0178524
kitti,000010,pitch,1,-1,999,0.408215,0.0709416,0.206295,0.0306055
kitti,000010,pitch,2,2,947,0.279688,-0.0272126,0.146642,-0.00220425
kitti,000010,pitch,2,-2,1008,0.303592,0.0293809,0.140128,-0.000515193
kitti,000010,pitch,3,3,944,0.2546,-0.0562934,0.12922,-0.0228537
kitti,000010,pitch,3,-3,1047,0.252037,-0.0339622,0.130209,-0.0193629
kitti,000010,roll,0.5,0.5,1014,0.457398,0.123172,0.244392,0.0706492
kitti,000010,roll,0.5,-0.5,976,0.417524,0.109104,0.21359,0.054727
kitti,000010,roll,1,1,999,0.471368,0.127768,0.252965,0.0738633
kitti,000010,roll,1,-1,993,0.353662,0.062387,0.185836,0.0364926
kitti,000010,roll,2,2,1003,0.426369,0.0910219,0.230931,0.0582155
kitti,000010,roll,2,-2,1016,0.274832,0.00605455,0.146918,0.00825408
kitti,000010,roll,3,3,1024,0.377212,0.0601762,0.203214,0.0404737
kitti,000010,roll,3,-3,1034,0.253084,-0.0268604,0.137368,-0.0022568
kitti,000010,tx,10,10,1017,0.452926,0.123414,0.235566,0.0657168
kitti,000010,tx,10,-10,1019,0.463604,0.136948,0.236786,0.0679555
kitti,000010,tx,20,20,1006,0.438895,0.11129,0.231842,0.0614287
kitti,000010,tx,20,-20,1006,0.444243,0.122569,0.231095,0.0638076
kitti,000010,tz,10,10,1203,0.461757,0.134625,0.237533,0.0656779
kitti,000010,tz,10,-10,760,0.414044,0.0987902,0.21516,0.055218
kitti,000010,tz,20,20,1403,0.451391,0.123833,0.230464,0.0576343
kitti,000010,tz,20,-20,454,0.389654,0.0911371,0.191614,0.0422955
kitti,000011,baseline,0,0,843,0.558801,0.119788,0.225849,0.0377047
kitti,000011,yaw,0.5,0.5,878,0.541158,0.107166,0.214535,0.0288896
kitti,000011,yaw,0.5,-0.5,864,0.453635,0.0493959,0.193368,0.0162867
kitti,000011,yaw,1,1,891,0.477492,0.0709973,0.187978,0.0122929
kitti,000011,yaw,1,-1,856,0.417047,0.0238594,0.172776,0.00217222
kitti,000011,yaw,2,2,893,0.427917,0.0161059,0.183816,-0.000528306
kitti,000011,yaw,2,-2,844,0.419405,-0.00916725,0.1744,-0.0107748
kitti,000011,yaw,3,3,905,0.456687,0.019829,0.187418,0.00148477
kitti,000011,yaw,3,-3,836,0.416094,0.0168982,0.163369,-0.00692053
kitti,000011,pitch,0.5,0.5,870,0.507065,0.0990041,0.202482,0.0276155
kitti,000011,pitch,0.5,-0.5,846,0.576024,0.100329,0.241458,0.0377467
kitti,000011,pitch,1,1,836,0.477284,0.0869656,0.179464,0.016623
kitti,000011,pitch,1,-1,896,0.562027,0.0730386,0.249168,0.0371734
kitti,000011,pitch,2,2,828,0.378295,0.0606657,0.14589,0.0119192
kitti,000011,pitch,2,-2,872,0.618112,0.0813898,0.280812,0.046287
kitti,000011,pitch,3,3,817,0.296528,0.0293238,0.114483,0.00200164
kitti,000011,pitch,3,-3,878,0.612845,0.0594134,0.27806,0.0354334
kitti,000011,roll,0.5,0.5,857,0.541795,0.107306,0.221267,0.0356599
kitti,000011,roll,0.5,-0.5,867,0.543696,0.0991832,0.229813,0.0380696
kitti,000011,roll,1,1,865,0.535694,0.102631,0.220439,0.035471
kitti,000011,roll,1,-1,871,0.531761,0.0758826,0.225743,0.0322535
kitti,000011,roll,2,2,858,0.50745,0.0816302,0.205916,0.0252966
kitti,000011,roll,2,-2,884,0.521154,0.0652436,0.218511,0.0211087
kitti,000011,roll,3,3,872,0.490852,0.0749996,0.199553,0.0229897
kitti,000011,roll,3,-3,887,0.500865,0.04802,0.209703,0.0128955
kitti,000011,tx,10,10,846,0.539448,0.110772,0.220857,0.0356663
kitti,000011,tx,10,-10,875,0.522724,0.0829875,0.218025,0.0289403
kitti,000011,tx,20,20,867,0.502539,0.0769614,0.20804,0.026168
kitti,000011,tx,20,-20,888,0.482965,0.0581718,0.208729,0.0225431
kitti,000011,tz,10,10,982,0.538981,0.0785167,0.220697,0.0254201
kitti,000011,tz,10,-10,707,0.538041,0.103154,0.228445,0.0443091
kitti,000011,tz,20,20,1194,0.556238,0.0773324,0.218531,0.0175272
kitti,000011,tz,20,-20,622,0.535765,0.105882,0.234528,0.0511404
kitti,000012,baseline,0,0,996,0.684503,0.185453,0.296992,0.062194
kitti,000012,yaw,0.5,0.5,992,0.625722,0.130937,0.270536,0.0399789
kitti,000012,yaw,0.5,-0.5,991,0.605821,0.111132,0.258422,0.0313354
kitti,000012,yaw,1,1,1019,0.550579,0.072304,0.235236,0.0166796
kitti,000012,yaw,1,-1,981,0.603015,0.111098,0.252398,0.0293884
kitti,000012,yaw,2,2,1028,0.534701,0.0607003,0.241556,0.0198069
kitti,000012,yaw,2,-2,1001,0.555286,0.064275,0.229797,0.00178854
kitti,000012,yaw,3,3,1036,0.54287,0.0760193,0.2368,0.0234524
kitti,000012,yaw,3,-3,965,0.543477,0.0623717,0.225643,0.00664018
kitti,000012,pitch,0.5,0.5,969,0.628626,0.140469,0.286636,0.0560441
kitti,000012,pitch,0.5,-0.5,940,0.615156,0.123977,0.297549,0.0566523
kitti,000012,pitch,1,1,929,0.584702,0.105056,0.271407,0.0447973
kitti,000012,pitch,1,-1,983,0.612238,0.123588,0.303324,0.0627601
kitti,000012,pitch,2,2,876,0.534384,0.0545347,0.243158,0.0269959
kitti,000012,pitch,2,-2,957,0.499201,0.0350216,0.274035,0.0374646
kitti,000012,pitch,3,3,922,0.466576,0.00330269,0.22088,0.0126422
kitti,000012,pitch,3,-3,1053,0.440142,-0.00940961,0.252241,0.0238405
kitti,000012,roll,0.5,0.5,952,0.643557,0.148318,0.299713,0.0615811
kitti,000012,roll,0.5,-0.5,990,0.656057,0.16074,0.296776,0.0610335
kitti,000012,roll,1,1,946,0.650336,0.143879,0.298207,0.0595983
kitti,000012,roll,1,-1,985,0.666791,0.16264,0.292243,0.0591498
kitti,000012,roll,2,2,1000,0.639737,0.140688,0.294238,0.0580263
kitti,000012,roll,2,-2,985,0.60231,0.122504,0.273061,0.0445372
kitti,000012,roll,3,3,1008,0.603857,0.101614,0.283914,0.0481927
kitti,000012,roll,3,-3,1018,0.565609,0.102728,0.259875,0.0380461
kitti,000012,tx,10,10,945,0.675756,0.181381,0.290785,0.0596054
kitti,000012,tx,10,-10,1078,0.660512,0.160027,0.290692,0.0567012
kitti,000012,tx,20,20,918,0.655878,0.164297,0.281083,0.048717
kitti,000012,tx,20,-20,1147,0.619987,0.127528,0.277622,0.0463888
kitti,000012,tz,10,10,1190,0.669534,0.167027,0.291558,0.0564084
kitti,000012,tz,10,-10,785,0.652437,0.154661,0.301977,0.0626274
kitti,000012,tz,20,20,1445,0.632458,0.135883,0.289151,0.0554579
kitti,000012,tz,20,-20,602,0.647611,0.144523,0.308815,0.0635534
kitti,000015,baseline,0,0,2100,0.597783,0.073392,0.270537,0.0504108
kitti,000015,yaw,0.5,0.5,2100,0.596906,0.0679719,0.262721,0.0400547
kitti,000015,yaw,0.5,-0.5,2121,0.583507,0.0629769,0.261974,0.0432082
kitti,000015,yaw,1,1,2113,0.587511,0.0620166,0.252013,0.0281916
kitti,000015,yaw,1,-1,2143,0.5729,0.0560653,0.254181,0.0370507
kitti,000015,yaw,2,2,2094,0.566684,0.0395193,0.236732,0.0128911
kitti,000015,yaw,2,-2,2127,0.577327,0.0752998,0.245806,0.0305379
kitti,000015,yaw,3,3,2063,0.579519,0.0441146,0.238632,0.012072
kitti,000015,yaw,3,-3,2186,0.5325,0.038791,0.225206,0.0130766
kitti,000015,pitch,0.5,0.5,2078,0.584293,0.0707151,0.259206,0.04076
kitti,000015,pitch,0.5,-0.5,2106,0.580003,0.0657423,0.257742,0.0454967
kitti,000015,pitch,1,1,2061,0.55004,0.0451182,0.238811,0.0255798
kitti,000015,pitch,1,-1,2117,0.515431,0.0196954,0.221757,0.017209
kitti,000015,pitch,2,2,2044,0.535002,0.0223039,0.218888,0.00599043
kitti,000015,pitch,2,-2,2157,0.470298,-0.00334248,0.202897,0.000945434
kitti,000015,pitch,3,3,2012,0.514493,0.0104007,0.21435,-0.0019975
kitti,000015,pitch,3,-3,2176,0.449735,-0.0299981,0.191818,-0.0131405
kitti,000015,roll,0.5,0.5,2129,0.603004,0.0820335,0.267834,0.0483297
kitti,000015,roll,0.5,-0.5,2110,0.609635,0.0874604,0.270734,0.0493714
kitti,000015,roll,1,1,2097,0.575479,0.0567931,0.257194,0.0414801
kitti,000015,roll,1,-1,2097,0.590494,0.0723388,0.266788,0.0462401
kitti,000015,roll,2,2,2099,0.531659,0.0305001,0.23472,0.0265222
kitti,000015,roll,2,-2,2113,0.556534,0.0489464,0.249316,0.0341106
kitti,000015,roll,3,3,2110,0.514739,0.0140511,0.223376,0.0173424
kitti,000015,roll,3,-3,2125,0.531219,0.0404262,0.234868,0.0255638
kitti,000015,tx,10,10,2141,0.612661,0.0768957,0.274132,0.0502875
kitti,000015,tx,10,-10,2094,0.587826,0.0744909,0.263777,0.0482035
kitti,000015,tx,20,20,2149,0.619414,0.0751225,0.275255,0.0483157
kitti,000015,tx,20,-20,2124,0.573124,0.0760634,0.253422,0.043766
kitti,000015,tz,10,10,2410,0.567868,0.062485,0.249559,0.0378577
kitti,000015,tz,10,-10,1759,0.574861,0.0576928,0.258169,0.0405312
kitti,000015,tz,20,20,2591,0.529714,0.033558,0.238325,0.0275524
kitti,000015,tz,20,-20,1274,0.564399,0.0470662,0.248916,0.0348359
kitti,000016,baseline,0,0,947,0.533746,0.186308,0.222369,0.0744274
kitti,000016,yaw,0.5,0.5,942,0.517292,0.173438,0.209159,0.0591464
kitti,000016,yaw,0.5,-0.5,947,0.532042,0.181926,0.226208,0.078968
kitti,000016,yaw,1,1,928,0.497011,0.145847,0.20063,0.0453072
kitti,000016,yaw,1,-1,965,0.511676,0.161388,0.224104,0.0776022
kitti,000016,yaw,2,2,898,0.486805,0.12238,0.193594,0.0376601
kitti,000016,yaw,2,-2,974,0.480405,0.124463,0.204821,0.0550295
kitti,000016,yaw,3,3,883,0.466222,0.102735,0.192575,0.0358576
kitti,000016,yaw,3,-3,959,0.450145,0.0802388,0.182577,0.0248643
kitti,000016,pitch,0.5,0.5,895,0.39745,0.0442892,0.168744,0.0157538
kitti,000016,pitch,0.5,-0.5,912,0.526637,0.164813,0.231639,0.0833196
kitti,000016,pitch,1,1,848,0.384513,0.0212049,0.145151,-0.00714557
kitti,000016,pitch,1,-1,948,0.414338,0.0706243,0.200322,0.0545098
kitti,000016,pitch,2,2,844,0.327331,-0.00997457,0.136958,-0.0144712
kitti,000016,pitch,2,-2,930,0.367465,0.0397608,0.164347,0.0168556
kitti,000016,pitch,3,3,830,0.236411,-0.0655166,0.0989464,-0.0325858
kitti,000016,pitch,3,-3,948,0.284919,-0.0341344,0.124219,-0.0141392
kitti,000016,roll,0.5,0.5,936,0.490256,0.140338,0.219121,0.0703963
kitti,000016,roll,0.5,-0.5,919,0.529094,0.173435,0.213807,0.0660233
kitti,000016,roll,1,1,933,0.474594,0.128537,0.221018,0.074347
kitti,000016,roll,1,-1,922,0.496318,0.146383,0.196684,0.0526803
kitti,000016,roll,2,2,924,0.356767,0.0443251,0.176679,0.0392879
kitti,000016,roll,2,-2,924,0.424687,0.0791552,0.173691,0.0279461
kitti,000016,roll,3,3,946,0.257619,-0.0410092,0.13309,0.00446245
kitti,000016,roll,3,-3,967,0.406255,0.0585552,0.170398,0.0234205
kitti,000016,tx,10,10,947,0.54826,0.196692,0.233334,0.0827163
kitti,000016,tx,10,-10,933,0.53374,0.18487,0.217496,0.0685563
kitti,000016,tx,20,20,961,0.544343,0.19008,0.23828,0.0866033
kitti,000016,tx,20,-20,903,0.52591,0.174885,0.208652,0.0609819
kitti,000016,tz,10,10,1169,0.517967,0.168901,0.219758,0.0792301
kitti,000016,tz,10,-10,625,0.491626,0.13515,0.185526,0.0327162
kitti,000016,tz,20,20,1529,0.483573,0.136299,0.19634,0.0549977
kitti,000016,tz,20,-20,286,0.419339,0.0784523,0.149524,0.0197217
kitti,000019,baseline,0,0,472,0.644026,0.144513,0.301609,0.0692881
kitti,000019,yaw,0.5,0.5,483,0.582012,0.0750982,0.277059,0.0435265
kitti,000019,yaw,0.5,-0.5,475,0.585381,0.0903508,0.279704,0.0515939
kitti,000019,yaw,1,1,481,0.530662,0.00770855,0.240852,0.00443622
kitti,000019,yaw,1,-1,489,0.558453,0.0840905,0.256832,0.0341638
kitti,000019,yaw,2,2,494,0.50319,-0.0166025,0.237583,-0.00244677
kitti,000019,yaw,2,-2,499,0.508084,0.0454929,0.239936,0.0202207
kitti,000019,yaw,3,3,491,0.509549,-0.0186324,0.240823,-0.00676715
kitti,000019,yaw,3,-3,495,0.461351,-0.0197382,0.243131,0.0139064
kitti,000019,pitch,0.5,0.5,470,0.540338,0.0411403,0.262119,0.0286642
kitti,000019,pitch,0.5,-0.5,482,0.611928,0.126307,0.288841,0.0705431
kitti,000019,pitch,1,1,465,0.498684,0.036998,0.240254,0.0347169
kitti,000019,pitch,1,-1,485,0.586021,0.0861742,0.256866,0.0342465
kitti,000019,pitch,2,2,457,0.383046,-0.0246326,0.18268,0.00631036
kitti,000019,pitch,2,-2,483,0.565059,0.0275291,0.234975,-0.00823247
kitti,000019,pitch,3,3,450,0.462906,0.046573,0.220783,0.0214502
kitti,000019,pitch,3,-3,511,0.567473,0.00147343,0.240425,-0.00915477
kitti,000019,roll,0.5,0.5,450,0.596036,0.106085,0.290435,0.0620037
kitti,000019,roll,0.5,-0.5,474,0.618639,0.122925,0.290634,0.0622298
kitti,000019,roll,1,1,428,0.580969,0.084502,0.277148,0.0486808
kitti,000019,roll,1,-1,485,0.605986,0.108956,0.287195,0.0572385
kitti,000019,roll,2,2,479,0.557402,0.0662533,0.285219,0.0547269
kitti,000019,roll,2,-2,506,0.569166,0.0714905,0.276812,0.0454098
kitti,000019,roll,3,3,490,0.534532,0.0465369,0.270058,0.046237
kitti,000019,roll,3,-3,507,0.54593,0.0441515,0.264124,0.0329004
kitti,000019,tx,10,10,510,0.622641,0.127339,0.296103,0.0667848
kitti,000019,tx,10,-10,461,0.619131,0.121483,0.296863,0.0647328
kitti,000019,tx,20,20,548,0.606265,0.105522,0.288077,0.0593866
kitti,000019,tx,20,-20,453,0.557804,0.0680912,0.264305,0.036329
kitti,000019,tz,10,10,640,0.593124,0.0863657,0.298171,0.0611552
kitti,000019,tz,10,-10,383,0.555605,0.0816067,0.270007,0.044351
kitti,000019,tz,20,20,809,0.600504,0.0841731,0.287872,0.0513211
kitti,000019,tz,20,-20,302,0.441841,0.018999,0.225652,0.0306079
kitti,000021,baseline,0,0,547,0.51756,0.139735,0.249676,0.0706136
kitti,000021,yaw,0.5,0.5,588,0.497125,0.127057,0.234503,0.0612551
kitti,000021,yaw,0.5,-0.5,508,0.446456,0.0539261,0.232933,0.045122
kitti,000021,yaw,1,1,653,0.489504,0.11796,0.227533,0.0535453
kitti,000021,yaw,1,-1,472,0.43287,0.0310413,0.226434,0.0317913
kitti,000021,yaw,2,2,726,0.415048,0.0365061,0.202753,0.0266858
kitti,000021,yaw,2,-2,433,0.418034,-0.017549,0.231158,0.0273985
kitti,000021,yaw,3,3,766,0.361385,-0.0251665,0.165815,-0.0128157
kitti,000021,yaw,3,-3,390,0.372442,-0.0713484,0.221365,0.00778446
kitti,000021,pitch,0.5,0.5,547,0.487983,0.0956824,0.240977,0.0567533
kitti,000021,pitch,0.5,-0.5,564,0.444309,0.0591883,0.217206,0.037523
kitti,000021,pitch,1,1,520,0.485311,0.0870754,0.230754,0.0410029
kitti,000021,pitch,1,-1,565,0.403729,0.0209971,0.182595,0.00456564
kitti,000021,pitch,2,2,502,0.520311,0.0808621,0.239103,0.0296647
kitti,000021,pitch,2,-2,577,0.363661,-0.0209645,0.16496,-0.00128433
kitti,000021,pitch,3,3,488,0.452721,0.00812864,0.205723,-0.00672224
kitti,000021,pitch,3,-3,590,0.353708,-0.0479677,0.144098,-0.0225645
kitti,000021,roll,0.5,0.5,549,0.519428,0.126674,0.239194,0.0556265
kitti,000021,roll,0.5,-0.5,560,0.511472,0.129148,0.253398,0.0716843
kitti,000021,roll,1,1,565,0.508818,0.123749,0.234155,0.0509405
kitti,000021,roll,1,-1,565,0.510254,0.130278,0.251704,0.0702862
kitti,000021,roll,2,2,561,0.468922,0.0741038,0.219264,0.0330619
kitti,000021,roll,2,-2,551,0.49343,0.101769,0.239202,0.0579294
kitti,000021,roll,3,3,558,0.472973,0.0612617,0.221783,0.0275212
kitti,000021,roll,3,-3,561,0.460385,0.0823792,0.224841,0.0498211
kitti,000021,tx,10,10,626,0.537408,0.15132,0.255403,0.0747676
kitti,000021,tx,10,-10,501,0.529751,0.135305,0.256926,0.0681157
kitti,000021,tx,20,20,653,0.501796,0.120953,0.229898,0.0533129
kitti,000021,tx,20,-20,476,0.527015,0.140556,0.256447,0.0694975
kitti,000021,tz,10,10,643,0.457258,0.0691734,0.228434,0.0444112
kitti,000021,tz,10,-10,437,0.518605,0.138344,0.243451,0.0643079
kitti,000021,tz,20,20,740,0.417328,0.0260513,0.199131,0.0140923
kitti,000021,tz,20,-20,310,0.522789,0.149653,0.237112,0.0660698
kitti,000023,baseline,0,0,1358,0.55967,0.140207,0.253142,0.0700791
kitti,000023,yaw,0.5,0.5,1365,0.540455,0.117063,0.260248,0.0748123
kitti,000023,yaw,0.5,-0.5,1350,0.57666,0.163111,0.243666,0.0626857
kitti,000023,yaw,1,1,1341,0.523347,0.0931479,0.267093,0.0781321
kitti,000023,yaw,1,-1,1330,0.573691,0.165113,0.234364,0.0534576
kitti,000023,yaw,2,2,1320,0.530215,0.0999469,0.272369,0.0765002
kitti,000023,yaw,2,-2,1379,0.54643,0.145275,0.20928,0.0326326
kitti,000023,yaw,3,3,1312,0.54475,0.122954,0.276685,0.0776213
kitti,000023,yaw,3,-3,1367,0.502273,0.0910614,0.184699,0.0119341
kitti,000023,pitch,0.5,0.5,1297,0.506922,0.0852583,0.264183,0.0698695
kitti,000023,pitch,0.5,-0.5,1328,0.505626,0.0847241,0.19906,0.0213716
kitti,000023,pitch,1,1,1299,0.510807,0.0874635,0.266373,0.0756383
kitti,000023,pitch,1,-1,1353,0.452183,0.0427098,0.174437,0.00231743
kitti,000023,pitch,2,2,1276,0.486442,0.0866791,0.205969,0.0283512
kitti,000023,pitch,2,-2,1383,0.328058,-0.0313716,0.142007,-0.0244572
kitti,000023,pitch,3,3,1238,0.381471,-0.00854194,0.152796,-0.0232122
kitti,000023,pitch,3,-3,1413,0.246368,-0.0897376,0.117092,-0.0420189
kitti,000023,roll,0.5,0.5,1322,0.501227,0.0720217,0.26002,0.0695996
kitti,000023,roll,0.5,-0.5,1362,0.555612,0.141401,0.226642,0.0495588
kitti,000023,roll,1,1,1366,0.509723,0.0719278,0.270737,0.0734577
kitti,000023,roll,1,-1,1347,0.489166,0.0683421,0.191322,0.0160322
kitti,000023,roll,2,2,1332,0.504192,0.0802737,0.286349,0.0915883
kitti,000023,roll,2,-2,1361,0.47099,0.0602823,0.167492,0.00335379
kitti,000023,roll,3,3,1350,0.523544,0.124834,0.274769,0.0778203
kitti,000023,roll,3,-3,1389,0.472873,0.0745005,0.162033,0.00148636
kitti,000023,tx,10,10,1378,0.550166,0.131646,0.24988,0.0686811
kitti,000023,tx,10,-10,1333,0.559956,0.144037,0.255295,0.0715804
kitti,000023,tx,20,20,1407,0.546572,0.124434,0.247531,0.0664378
kitti,000023,tx,20,-20,1266,0.563538,0.147708,0.25664,0.0713667
kitti,000023,tz,10,10,1819,0.486926,0.0623249,0.196749,0.0202092
kitti,000023,tz,10,-10,795,0.474473,0.0667122,0.259195,0.0684198
kitti,000023,tz,20,20,2158,0.451265,0.0550956,0.177734,0.00778452
kitti,000023,tz,20,-20,516,0.420331,0.0447305,0.247543,0.0733842
kitti,000025,baseline,0,0,1282,0.597595,0.0816594,0.243373,0.0338662
kitti,000025,yaw,0.5,0.5,1290,0.59699,0.0969975,0.240909,0.0361177
kitti,000025,yaw,0.5,-0.5,1280,0.554818,0.0393964,0.227349,0.0189223
kitti,000025,yaw,1,1,1318,0.579055,0.0852284,0.229663,0.0268091
kitti,000025,yaw,1,-1,1295,0.54197,0.024362,0.216342,0.0079536
kitti,000025,yaw,2,2,1360,0.5438,0.0495516,0.227228,0.0202901
kitti,000025,yaw,2,-2,1290,0.528824,0.00797445,0.206655,-0.00415613
kitti,000025,yaw,3,3,1401,0.523291,0.0265531,0.219911,0.0154234
kitti,000025,yaw,3,-3,1303,0.550599,0.0291009,0.207852,-0.0037864
kitti,000025,pitch,0.5,0.5,1323,0.540657,0.0473466,0.224521,0.0239256
kitti,000025,pitch,0.5,-0.5,1278,0.573606,0.0529884,0.230072,0.019541
kitti,000025,pitch,1,1,1253,0.52138,0.0337288,0.204227,0.0142645
kitti,000025,pitch,1,-1,1307,0.572831,0.03832,0.216122,0.00723428
kitti,000025,pitch,2,2,1301,0.466244,0.0108693,0.198508,0.012129
kitti,000025,pitch,2,-2,1305,0.557112,0.00923377,0.211307,0.00106235
kitti,000025,pitch,3,3,1269,0.441805,0.0278656,0.194867,0.012312
kitti,000025,pitch,3,-3,1308,0.542101,-0.0166185,0.206419,-0.00985555
kitti,000025,roll,0.5,0.5,1300,0.593628,0.0726011,0.244575,0.033094
kitti,000025,roll,0.5,-0.5,1308,0.578399,0.0728512,0.239507,0.0328216
kitti,000025,roll,1,1,1273,0.585858,0.0588781,0.239713,0.0265588
kitti,000025,roll,1,-1,1302,0.564553,0.0575382,0.231657,0.0269118
kitti,000025,roll,2,2,1307,0.56834,0.0445037,0.225676,0.0144982
kitti,000025,roll,2,-2,1299,0.540992,0.0458255,0.220626,0.0222219
kitti,000025,roll,3,3,1287,0.565255,0.0275261,0.222702,0.0094967
kitti,000025,roll,3,-3,1308,0.508935,0.0252185,0.208796,0.0145605
kitti,000025,tx,10,10,1329,0.58879,0.0767885,0.236506,0.0281886
kitti,000025,tx,10,-10,1258,0.594782,0.0837899,0.242255,0.0352886
kitti,000025,tx,20,20,1411,0.571863,0.0624571,0.230427,0.0231448
kitti,000025,tx,20,-20,1257,0.57696,0.0632009,0.239996,0.031666
kitti,000025,tz,10,10,1584,0.56988,0.0602621,0.223583,0.0189231
kitti,000025,tz,10,-10,1038,0.578851,0.0657065,0.231197,0.0238889
kitti,000025,tz,20,20,1789,0.537373,0.0256722,0.20974,0.00572181
kitti,000025,tz,20,-20,722,0.558346,0.0500235,0.232146,0.0257833
kitti,000031,baseline,0,0,1353,0.544007,0.150921,0.198637,0.0534515
kitti,000031,yaw,0.5,0.5,1347,0.524605,0.127114,0.191706,0.0451229
kitti,000031,yaw,0.5,-0.5,1326,0.49248,0.0911518,0.183313,0.0345208
kitti,000031,yaw,1,1,1351,0.477967,0.0732566,0.17726,0.0268159
kitti,000031,yaw,1,-1,1338,0.462021,0.0544447,0.170009,0.0200736
kitti,000031,yaw,2,2,1415,0.434653,0.0172304,0.161969,0.00741024
kitti,000031,yaw,2,-2,1319,0.437395,0.0149063,0.163738,0.0115421
kitti,000031,yaw,3,3,1450,0.412396,-0.0208107,0.156284,-0.00512971
kitti,000031,yaw,3,-3,1300,0.437043,0.0181341,0.165285,0.0133365
kitti,000031,pitch,0.5,0.5,1343,0.471831,0.0947781,0.17833,0.0383763
kitti,000031,pitch,0.5,-0.5,1367,0.492528,0.106807,0.17998,0.0400178
kitti,000031,pitch,1,1,1331,0.399201,0.0558213,0.153691,0.020085
kitti,000031,pitch,1,-1,1350,0.395603,0.0420515,0.144271,0.0161929
kitti,000031,pitch,2,2,1306,0.372614,0.00343615,0.139774,-0.00233862
kitti,000031,pitch,2,-2,1391,0.331375,-0.00394899,0.116721,-0.0069427
kitti,000031,pitch,3,3,1290,0.407921,-0.0165063,0.152247,-0.00809647
kitti,000031,pitch,3,-3,1430,0.329129,-0.0637607,0.11637,-0.0216989
kitti,000031,roll,0.5,0.5,1360,0.520547,0.134399,0.19622,0.0511865
kitti,000031,roll,0.5,-0.5,1329,0.542276,0.145184,0.198674,0.052843
kitti,000031,roll,1,1,1356,0.490046,0.115147,0.181532,0.0396831
kitti,000031,roll,1,-1,1385,0.506862,0.103798,0.190433,0.0455766
kitti,000031,roll,2,2,1360,0.434724,0.070892,0.164227,0.0256517
kitti,000031,roll,2,-2,1374,0.421573,0.0445519,0.163362,0.0243368
kitti,000031,roll,3,3,1367,0.390743,0.0267021,0.151923,0.0135804
kitti,000031,roll,3,-3,1366,0.38437,0.0132651,0.144322,0.0072929
kitti,000031,tx,10,10,1386,0.546586,0.161045,0.200209,0.0561191
kitti,000031,tx,10,-10,1297,0.539819,0.140316,0.197024,0.049951
kitti,000031,tx,20,20,1420,0.527296,0.133731,0.193778,0.0486672
kitti,000031,tx,20,-20,1282,0.52201,0.122604,0.190975,0.0433112
kitti,000031,tz,10,10,1703,0.485844,0.0975461,0.181953,0.0371956
kitti,000031,tz,10,-10,1022,0.503429,0.119045,0.183137,0.0391504
kitti,000031,tz,20,20,2021,0.444367,0.0608587,0.16561,0.0223098
kitti,000031,tz,20,-20,764,0.463292,0.094509,0.171799,0.034068
kitti,000032,baseline,0,0,1483,0.504063,0.0970808,0.228532,0.0432898
kitti,000032,yaw,0.5,0.5,1462,0.504378,0.106942,0.223906,0.040264
kitti,000032,yaw,0.5,-0.5,1478,0.450929,0.0459908,0.21318,0.0280761
kitti,000032,yaw,1,1,1455,0.479013,0.0754233,0.217706,0.0310489
kitti,000032,yaw,1,-1,1481,0.434314,0.0290735,0.204031,0.0200942
kitti,000032,yaw,2,2,1448,0.438854,0.0155119,0.207615,0.0132188
kitti,000032,yaw,2,-2,1511,0.40116,-0.0101232,0.191227,0.00595759
kitti,000032,yaw,3,3,1420,0.430397,-0.00882548,0.197299,-0.00197846
kitti,000032,yaw,3,-3,1515,0.381651,-0.0183185,0.177292,-0.00308487
kitti,000032,pitch,0.5,0.5,1449,0.455915,0.0544653,0.212864,0.030934
kitti,000032,pitch,0.5,-0.5,1459,0.455997,0.0525037,0.206434,0.0221975
kitti,000032,pitch,1,1,1460,0.388651,0.0112703,0.177546,0.00530851
kitti,000032,pitch,1,-1,1467,0.430378,0.0226744,0.198312,0.0110855
kitti,000032,pitch,2,2,1391,0.313826,-0.0309141,0.140829,-0.00976437
kitti,000032,pitch,2,-2,1495,0.438042,0.0186549,0.201626,0.00846742
kitti,000032,pitch,3,3,1394,0.324412,-0.0407169,0.136003,-0.0204398
kitti,000032,pitch,3,-3,1505,0.463137,-0.00418639,0.21494,0.00647797
kitti,000032,roll,0.5,0.5,1470,0.504154,0.0953965,0.231575,0.0444909
kitti,000032,roll,0.5,-0.5,1470,0.470615,0.0682681,0.217409,0.0362844
kitti,000032,roll,1,1,1460,0.467397,0.0655031,0.219778,0.0331695
kitti,000032,roll,1,-1,1457,0.447444,0.0481015,0.208288,0.029722
kitti,000032,roll,2,2,1469,0.430431,0.0297938,0.197953,0.011883
kitti,000032,roll,2,-2,1467,0.427643,0.0381939,0.195754,0.019782
kitti,000032,roll,3,3,1468,0.390604,-0.00622669,0.178781,-0.00454082
kitti,000032,roll,3,-3,1455,0.413069,0.0225633,0.191279,0.0146405
kitti,000032,tx,10,10,1473,0.508739,0.0990583,0.231132,0.0455777
kitti,000032,tx,10,-10,1443,0.499758,0.0956211,0.22601,0.041396
kitti,000032,tx,20,20,1491,0.49107,0.0888336,0.224251,0.0412143
kitti,000032,tx,20,-20,1443,0.491403,0.0873432,0.223378,0.0385511
kitti,000032,tz,10,10,1686,0.477288,0.0549743,0.221738,0.0339107
kitti,000032,tz,10,-10,1138,0.478955,0.0611083,0.225797,0.0353675
kitti,000032,tz,20,20,1793,0.464736,0.0486294,0.212843,0.0240559
kitti,000032,tz,20,-20,784,0.459945,0.0413183,0.208151,0.0207961
kitti,000043,baseline,0,0,881,0.561307,0.068372,0.264618,0.0403227
kitti,000043,yaw,0.5,0.5,865,0.544082,0.044131,0.260359,0.0363139
kitti,000043,yaw,0.5,-0.5,892,0.504537,0.0262738,0.245109,0.0250326
kitti,000043,yaw,1,1,855,0.503937,0.00665772,0.237042,0.0145748
kitti,000043,yaw,1,-1,898,0.493033,0.024207,0.231223,0.0171095
kitti,000043,yaw,2,2,855,0.498813,0.0159002,0.232499,0.0115403
kitti,000043,yaw,2,-2,914,0.514668,0.0340517,0.236854,0.0186245
kitti,000043,yaw,3,3,859,0.509741,0.0113648,0.232729,0.00445899
kitti,000043,yaw,3,-3,891,0.510599,0.0219432,0.232488,0.0101819
kitti,000043,pitch,0.5,0.5,897,0.548535,0.0552929,0.258097,0.0352717
kitti,000043,pitch,0.5,-0.5,876,0.551903,0.0493479,0.257919,0.0299331
kitti,000043,pitch,1,1,896,0.542198,0.0468792,0.252926,0.0316313
kitti,000043,pitch,1,-1,889,0.535652,0.0272992,0.25064,0.0232116
kitti,000043,pitch,2,2,864,0.48292,0.0287266,0.230229,0.0212109
kitti,000043,pitch,2,-2,898,0.52997,0.0114504,0.242026,0.0143539
kitti,000043,pitch,3,3,858,0.427289,0.0100266,0.208993,0.0151941
kitti,000043,pitch,3,-3,901,0.53954,0.0100409,0.238908,0.0107586
kitti,000043,roll,0.5,0.5,877,0.554194,0.0583814,0.263129,0.0362741
kitti,000043,roll,0.5,-0.5,894,0.552749,0.0583316,0.263884,0.0385156
kitti,000043,roll,1,1,904,0.570371,0.072167,0.265024,0.0373443
kitti,000043,roll,1,-1,907,0.539573,0.0391693,0.260654,0.0346088
kitti,000043,roll,2,2,910,0.566016,0.0772436,0.257663,0.0330362
kitti,000043,roll,2,-2,908,0.540313,0.034887,0.259372,0.0318056
kitti,000043,roll,3,3,925,0.549866,0.0621883,0.25355,0.0292745
kitti,000043,roll,3,-3,905,0.530697,0.0208552,0.25963,0.030088
kitti,000043,tx,10,10,887,0.576325,0.0718006,0.271915,0.0439292
kitti,000043,tx,10,-10,878,0.543047,0.0543614,0.257842,0.0345806
kitti,000043,tx,20,20,884,0.565536,0.0665734,0.270632,0.0421893
kitti,000043,tx,20,-20,870,0.529832,0.0478098,0.248129,0.0274794
kitti,000043,tz,10,10,981,0.562044,0.0478423,0.275381,0.0386326
kitti,000043,tz,10,-10,790,0.548719,0.0706454,0.25153,0.0319645
kitti,000043,tz,20,20,1143,0.572425,0.0480656,0.278008,0.0357278
kitti,000043,tz,20,-20,692,0.514527,0.0474071,0.230627,0.0179882
kitti,000048,baseline,0,0,2772,0.662144,0.0721524,0.285121,0.0339685
kitti,000048,yaw,0.5,0.5,2785,0.645506,0.0504608,0.278377,0.0251037
kitti,000048,yaw,0.5,-0.5,2797,0.649092,0.0550385,0.285884,0.0332015
kitti,000048,yaw,1,1,2766,0.641478,0.0406408,0.280216,0.0221568
kitti,000048,yaw,1,-1,2848,0.638744,0.0499984,0.283967,0.0285516
kitti,000048,yaw,2,2,2729,0.636008,0.0260467,0.275601,0.0143103
kitti,000048,yaw,2,-2,2847,0.603494,0.0156125,0.258541,0.00774702
kitti,000048,yaw,3,3,2733,0.619595,0.00473666,0.268727,0.00418139
kitti,000048,yaw,3,-3,2831,0.588197,0.00225425,0.2565,0.00479746
kitti,000048,pitch,0.5,0.5,2785,0.655159,0.0590977,0.283357,0.0309958
kitti,000048,pitch,0.5,-0.5,2777,0.632718,0.0502021,0.275842,0.0256742
kitti,000048,pitch,1,1,2740,0.650794,0.0429387,0.283583,0.0282402
kitti,000048,pitch,1,-1,2821,0.610751,0.0313646,0.26159,0.0128449
kitti,000048,pitch,2,2,2690,0.643269,0.0338855,0.275064,0.0168318
kitti,000048,pitch,2,-2,2844,0.565014,0.0106034,0.242904,0.00368166
kitti,000048,pitch,3,3,2623,0.614609,0.00434083,0.25408,-0.00248516
kitti,000048,pitch,3,-3,2868,0.515204,-0.0101954,0.223054,-0.00222026
kitti,000048,roll,0.5,0.5,2798,0.663999,0.0758231,0.287587,0.0373803
kitti,000048,roll,0.5,-0.5,2777,0.654664,0.0650996,0.281133,0.030399
kitti,000048,roll,1,1,2795,0.66701,0.0728782,0.291018,0.0391571
kitti,000048,roll,1,-1,2772,0.638628,0.0536452,0.274508,0.0242966
kitti,000048,roll,2,2,2794,0.658364,0.0584549,0.289061,0.0350985
kitti,000048,roll,2,-2,2793,0.622783,0.0382834,0.265143,0.0155556
kitti,000048,roll,3,3,2811,0.643239,0.0407452,0.281252,0.025713
kitti,000048,roll,3,-3,2805,0.607687,0.036408,0.260349,0.0144254
kitti,000048,tx,10,10,2804,0.662823,0.0743953,0.2842,0.0341817
kitti,000048,tx,10,-10,2755,0.660571,0.0696315,0.287308,0.0359384
kitti,000048,tx,20,20,2850,0.658618,0.0665045,0.286466,0.0336902
kitti,000048,tx,20,-20,2728,0.658494,0.0662876,0.290219,0.0360961
kitti,000048,tz,10,10,3183,0.636704,0.0527325,0.275816,0.026848
kitti,000048,tz,10,-10,2335,0.656099,0.0599426,0.287313,0.0348799
kitti,000048,tz,20,20,3568,0.6062,0.0288389,0.265422,0.0189481
kitti,000048,tz,20,-20,1940,0.642764,0.0458667,0.276831,0.0251369
kitti,000049,baseline,0,0,1487,0.57024,0.130036,0.274748,0.0600005
kitti,000049,yaw,0.5,0.5,1480,0.56385,0.113844,0.280687,0.0627686
kitti,000049,yaw,0.5,-0.5,1487,0.535958,0.0962975,0.257823,0.0428701
kitti,000049,yaw,1,1,1492,0.517418,0.0582557,0.267157,0.0465532
kitti,000049,yaw,1,-1,1491,0.504199,0.0600922,0.24538,0.0305394
kitti,000049,yaw,2,2,1510,0.500616,0.0300222,0.252863,0.0255486
kitti,000049,yaw,2,-2,1465,0.470945,0.0147779,0.230285,0.0134714
kitti,000049,yaw,3,3,1519,0.504348,0.0316555,0.246664,0.0188492
kitti,000049,yaw,3,-3,1458,0.459273,0.00251606,0.230758,0.01727
kitti,000049,pitch,0.5,0.5,1493,0.522825,0.098363,0.247823,0.0426818
kitti,000049,pitch,0.5,-0.5,1521,0.515877,0.0633863,0.253593,0.0364899
kitti,000049,pitch,1,1,1461,0.466203,0.0520075,0.215147,0.0220721
kitti,000049,pitch,1,-1,1518,0.489307,0.0288992,0.231079,0.0115914
kitti,000049,pitch,2,2,1443,0.403147,0.0148392,0.199457,0.0158312
kitti,000049,pitch,2,-2,1525,0.449249,-0.0387586,0.205116,-0.0116412
kitti,000049,pitch,3,3,1400,0.339642,-0.031288,0.169185,-0.00190726
kitti,000049,pitch,3,-3,1562,0.479635,-0.0311122,0.215152,-0.0145335
kitti,000049,roll,0.5,0.5,1510,0.537164,0.0957469,0.259778,0.0457382
kitti,000049,roll,0.5,-0.5,1483,0.569221,0.127009,0.2756,0.0608187
kitti,000049,roll,1,1,1483,0.491999,0.0629366,0.242595,0.0342427
kitti,000049,roll,1,-1,1494,0.542297,0.102059,0.264647,0.0507143
kitti,000049,roll,2,2,1496,0.459542,0.0295074,0.222542,0.0177858
kitti,000049,roll,2,-2,1495,0.514849,0.06582,0.247754,0.0314042
kitti,000049,roll,3,3,1523,0.441723,0.00227872,0.210929,0.00716598
kitti,000049,roll,3,-3,1498,0.478617,0.0337515,0.229588,0.0170258
kitti,000049,tx,10,10,1521,0.566951,0.120613,0.281124,0.0640602
kitti,000049,tx,10,-10,1480,0.555677,0.110984,0.264336,0.0478388
kitti,000049,tx,20,20,1556,0.548029,0.103248,0.275581,0.0598094
kitti,000049,tx,20,-20,1470,0.544395,0.096063,0.259489,0.0429314
kitti,000049,tz,10,10,1848,0.529542,0.0684755,0.26494,0.0424374
kitti,000049,tz,10,-10,1104,0.544311,0.102649,0.266674,0.0497213
kitti,000049,tz,20,20,2100,0.490534,0.024463,0.242555,0.0196733
kitti,000049,tz,20,-20,838,0.489939,0.0477472,0.242087,0.0355412
kitti,000061,baseline,0,0,276,0.3712,0.0509421,0.18351,0.0221769
kitti,000061,yaw,0.5,0.5,276,0.333315,0.0127344,0.172631,0.0120204
kitti,000061,yaw,0.5,-0.5,266,0.374573,0.0388031,0.157033,-0.00456613
kitti,000061,yaw,1,1,262,0.31149,-0.0139337,0.168133,0.00669207
kitti,000061,yaw,1,-1,272,0.330869,0.013826,0.139684,-0.0149856
kitti,000061,yaw,2,2,258,0.276997,-0.0903281,0.164524,-0.0161407
kitti,000061,yaw,2,-2,291,0.283175,-0.0595119,0.131809,-0.0258871
kitti,000061,yaw,3,3,235,0.308283,-0.0430692,0.160619,-0.0157441
kitti,000061,yaw,3,-3,314,0.29176,-0.049804,0.141873,-0.0104595
kitti,000061,pitch,0.5,0.5,282,0.345387,0.00877503,0.175302,0.00992438
kitti,000061,pitch,0.5,-0.5,286,0.373209,0.0426597,0.176529,0.0176311
kitti,000061,pitch,1,1,268,0.317784,-0.00472656,0.168238,0.0030379
kitti,000061,pitch,1,-1,281,0.400022,0.0701117,0.178676,0.0175816
kitti,000061,pitch,2,2,267,0.303785,0.00565758,0.172698,0.0173585
kitti,000061,pitch,2,-2,291,0.426211,0.0881937,0.198254,0.0371679
kitti,000061,pitch,3,3,255,0.339768,0.0438773,0.166649,0.0147362
kitti,000061,pitch,3,-3,290,0.408759,0.0446997,0.180058,0.0167006
kitti,000061,roll,0.5,0.5,278,0.37513,0.0506462,0.178899,0.018109
kitti,000061,roll,0.5,-0.5,279,0.347563,0.015479,0.177261,0.0141666
kitti,000061,roll,1,1,271,0.358867,0.0458504,0.174528,0.0149375
kitti,000061,roll,1,-1,276,0.347404,0.0170735,0.170976,0.00784829
kitti,000061,roll,2,2,279,0.312776,-0.000489205,0.167017,0.00677134
kitti,000061,roll,2,-2,282,0.306757,-0.0182322,0.161481,-0.00231895
kitti,000061,roll,3,3,282,0.338956,0.0122413,0.167965,-0.000453219
kitti,000061,roll,3,-3,279,0.273026,-0.0631622,0.148892,-0.0139272
kitti,000061,tx,10,10,275,0.389742,0.0601394,0.189096,0.0257807
kitti,000061,tx,10,-10,262,0.34966,0.0260349,0.168579,0.00900982
kitti,000061,tx,20,20,281,0.383676,0.0545461,0.187018,0.0254926
kitti,000061,tx,20,-20,265,0.328608,0.000408769,0.155844,-0.00198019
kitti,000061,tz,10,10,318,0.371173,0.0465052,0.175493,0.0148281
kitti,000061,tz,10,-10,241,0.333427,5.95748e-05,0.181321,0.0169893
kitti,000061,tz,20,20,387,0.374665,0.0401283,0.170601,0.0118312
kitti,000061,tz,20,-20,207,0.338814,0.00189427,0.184292,0.0155682
nuscenes,scene-0103_000,baseline,0,0,137,0.384341,0.130794,0.236647,0.0500253
nuscenes,scene-0103_000,yaw,0.5,0.5,135,0.348171,0.105589,0.226324,0.0449722
nuscenes,scene-0103_000,yaw,0.5,-0.5,138,0.369947,0.102839,0.228855,0.0422376
nuscenes,scene-0103_000,yaw,1,1,130,0.297284,0.0461436,0.206562,0.0227715
nuscenes,scene-0103_000,yaw,1,-1,140,0.364719,0.0858693,0.222172,0.0316359
nuscenes,scene-0103_000,yaw,2,2,135,0.310027,0.0388476,0.199386,0.0104807
nuscenes,scene-0103_000,yaw,2,-2,146,0.307278,0.0496886,0.204559,0.0126352
nuscenes,scene-0103_000,yaw,3,3,136,0.254113,-0.0172439,0.185078,-0.00800973
nuscenes,scene-0103_000,yaw,3,-3,148,0.28896,0.0106455,0.200882,0.00507087
nuscenes,scene-0103_000,pitch,0.5,0.5,138,0.353796,0.0874781,0.230584,0.0405295
nuscenes,scene-0103_000,pitch,0.5,-0.5,138,0.371946,0.120933,0.233555,0.0483029
nuscenes,scene-0103_000,pitch,1,1,138,0.334191,0.0626749,0.229327,0.0388796
nuscenes,scene-0103_000,pitch,1,-1,137,0.346119,0.0973048,0.226015,0.041005
nuscenes,scene-0103_000,pitch,2,2,136,0.304945,0.0531566,0.216905,0.0314792
nuscenes,scene-0103_000,pitch,2,-2,134,0.314345,0.0427308,0.223694,0.0376054
nuscenes,scene-0103_000,pitch,3,3,138,0.29675,0.0474632,0.207642,0.0264485
nuscenes,scene-0103_000,pitch,3,-3,137,0.296414,0.0413037,0.218686,0.0326835
nuscenes,scene-0103_000,roll,0.5,0.5,137,0.335587,0.0777271,0.223159,0.0374246
nuscenes,scene-0103_000,roll,0.5,-0.5,136,0.333771,0.0800851,0.223409,0.0380239
nuscenes,scene-0103_000,roll,1,1,137,0.301102,0.052192,0.208245,0.0184954
nuscenes,scene-0103_000,roll,1,-1,136,0.284897,0.0277136,0.210302,0.0310673
nuscenes,scene-0103_000,roll,2,2,136,0.265404,0.0392047,0.193421,0.0075461
nuscenes,scene-0103_000,roll,2,-2,131,0.241111,-0.0139033,0.189985,0.0104976
nuscenes,scene-0103_000,roll,3,3,139,0.200958,-0.0334777,0.17117,-0.0118599
nuscenes,scene-0103_000,roll,3,-3,132,0.217817,-0.0381626,0.170128,0.000977084
nuscenes,scene-0103_000,tx,10,10,136,0.373729,0.122687,0.230842,0.0438888
nuscenes,scene-0103_000,tx,10,-10,144,0.369341,0.117244,0.239926,0.053894
nuscenes,scene-0103_000,tx,20,20,135,0.368174,0.115839,0.226116,0.0383197
nuscenes,scene-0103_000,tx,20,-20,141,0.352091,0.0870098,0.235517,0.0465067
nuscenes,scene-0103_000,tz,10,10,129,0.362291,0.106989,0.232776,0.0463491
nuscenes,scene-0103_000,tz,10,-10,135,0.38005,0.122271,0.228816,0.0407649
nuscenes,scene-0103_000,tz,20,20,240,0.221714,0.0400852,0.165844,0.0243217
nuscenes,scene-0103_000,tz,20,-20,133,0.363664,0.106704,0.227841,0.0412985
nuscenes,scene-0103_001,baseline,0,0,138,0.29593,0.0163872,0.227463,0.0247337
nuscenes,scene-0103_001,yaw,0.5,0.5,136,0.307689,0.0449407,0.219218,0.0211974
nuscenes,scene-0103_001,yaw,0.5,-0.5,139,0.292515,0.0078499,0.212158,0.0130848
nuscenes,scene-0103_001,yaw,1,1,133,0.259128,-5.68628e-05,0.203998,0.0115848
nuscenes,scene-0103_001,yaw,1,-1,141,0.336696,0.0613917,0.212409,0.0135603
nuscenes,scene-0103_001,yaw,2,2,136,0.267488,0.0322987,0.190088,0.00787465
nuscenes,scene-0103_001,yaw,2,-2,143,0.317954,0.0488273,0.216383,0.0197046
nuscenes,scene-0103_001,yaw,3,3,132,0.26837,0.0284903,0.196151,0.0080667
nuscenes,scene-0103_001,yaw,3,-3,154,0.29495,0.0302275,0.214713,0.0197122
nuscenes,scene-0103_001,pitch,0.5,0.5,138,0.294931,0.0120412,0.226485,0.024602
nuscenes,scene-0103_001,pitch,0.5,-0.5,140,0.319316,0.0396591,0.236269,0.0315591
nuscenes,scene-0103_001,pitch,1,1,139,0.306069,0.0226661,0.226522,0.0248788
nuscenes,scene-0103_001,pitch,1,-1,139,0.35162,0.0783218,0.243789,0.0390049
nuscenes,scene-0103_001,pitch,2,2,140,0.322519,0.0321531,0.223227,0.0217075
nuscenes,scene-0103_001,pitch,2,-2,141,0.320178,0.0498896,0.234027,0.0341774
nuscenes,scene-0103_001,pitch,3,3,137,0.288524,0.0176263,0.207734,0.0137615
nuscenes,scene-0103_001,pitch,3,-3,141,0.344272,0.0724849,0.239538,0.041373
nuscenes,scene-0103_001,roll,0.5,0.5,138,0.322593,0.0493185,0.226136,0.029114
nuscenes,scene-0103_001,roll,0.5,-0.5,138,0.345786,0.0755615,0.239399,0.0357742
nuscenes,scene-0103_001,roll,1,1,139,0.292782,0.0294456,0.217367,0.0187699
nuscenes,scene-0103_001,roll,1,-1,138,0.307184,0.0176156,0.22352,0.0267336
nuscenes,scene-0103_001,roll,2,2,136,0.262608,0.0264762,0.202748,0.0118247
nuscenes,scene-0103_001,roll,2,-2,139,0.347155,0.0563282,0.222149,0.0246084
nuscenes,scene-0103_001,roll,3,3,139,0.229044,0.0272278,0.187429,0.00732806
nuscenes,scene-0103_001,roll,3,-3,140,0.288162,0.0381846,0.203391,0.0179583
nuscenes,scene-0103_001,tx,10,10,134,0.30488,0.0316846,0.227364,0.0282885
nuscenes,scene-0103_001,tx,10,-10,135,0.309856,0.0237253,0.234779,0.0301244
nuscenes,scene-0103_001,tx,20,20,126,0.313966,0.0358077,0.225044,0.0243471
nuscenes,scene-0103_001,tx,20,-20,145,0.333986,0.0558597,0.235675,0.0333078
nuscenes,scene-0103_001,tz,10,10,148,0.274635,0.00865352,0.221887,0.0260659
nuscenes,scene-0103_001,tz,10,-10,151,0.310479,0.0467443,0.232586,0.0321919
nuscenes,scene-0103_001,tz,20,20,247,0.213437,0.0211697,0.168283,0.0175185
nuscenes,scene-0103_001,tz,20,-20,154,0.309565,0.0507688,0.234524,0.0349136
nuscenes,scene-0103_002,baseline,0,0,126,0.385006,0.0897849,0.226484,0.03497
nuscenes,scene-0103_002,yaw,0.5,0.5,122,0.355318,0.050539,0.215137,0.0251926
nuscenes,scene-0103_002,yaw,0.5,-0.5,131,0.347912,0.0534851,0.21221,0.0223552
nuscenes,scene-0103_002,yaw,1,1,124,0.345186,0.0194646,0.205146,0.0121323
nuscenes,scene-0103_002,yaw,1,-1,131,0.33144,0.0416598,0.20255,0.0133802
nuscenes,scene-0103_002,yaw,2,2,120,0.40915,0.0687615,0.212615,0.0201957
nuscenes,scene-0103_002,yaw,2,-2,124,0.3131,0.0274611,0.192426,0.00247864
nuscenes,scene-0103_002,yaw,3,3,119,0.378292,0.0338355,0.204265,0.00677982
nuscenes,scene-0103_002,yaw,3,-3,130,0.316006,0.030001,0.204081,0.0111213
nuscenes,scene-0103_002,pitch,0.5,0.5,129,0.376904,0.0753257,0.224265,0.033532
nuscenes,scene-0103_002,pitch,0.5,-0.5,127,0.381548,0.0868589,0.226642,0.0357975
nuscenes,scene-0103_002,pitch,1,1,126,0.370169,0.0848636,0.225135,0.0353809
nuscenes,scene-0103_002,pitch,1,-1,123,0.36751,0.0745127,0.228071,0.0362021
nuscenes,scene-0103_002,pitch,2,2,126,0.391377,0.105013,0.225177,0.0401211
nuscenes,scene-0103_002,pitch,2,-2,126,0.380626,0.0922067,0.230058,0.0388603
nuscenes,scene-0103_002,pitch,3,3,127,0.394041,0.1139,0.221605,0.0366677
nuscenes,scene-0103_002,pitch,3,-3,127,0.386865,0.0811771,0.232176,0.0398712
nuscenes,scene-0103_002,roll,0.5,0.5,126,0.407282,0.109497,0.236015,0.0431734
nuscenes,scene-0103_002,roll,0.5,-0.5,129,0.349608,0.0618331,0.217994,0.0337831
nuscenes,scene-0103_002,roll,1,1,125,0.39336,0.116864,0.236872,0.0449691
nuscenes,scene-0103_002,roll,1,-1,124,0.356344,0.0723192,0.220558,0.03494
nuscenes,scene-0103_002,roll,2,2,124,0.36889,0.0752985,0.21752,0.0245266
nuscenes,scene-0103_002,roll,2,-2,126,0.271761,-0.0119994,0.202659,0.0179131
nuscenes,scene-0103_002,roll,3,3,124,0.29011,0.00372067,0.199018,0.0117756
nuscenes,scene-0103_002,roll,3,-3,126,0.253897,-0.0240611,0.17959,0.00848573
nuscenes,scene-0103_002,tx,10,10,131,0.37104,0.0936747,0.217383,0.0310828
nuscenes,scene-0103_002,tx,10,-10,128,0.401431,0.0924265,0.225523,0.0353369
nuscenes,scene-0103_002,tx,20,20,139,0.327293,0.0542263,0.196593,0.0158755
nuscenes,scene-0103_002,tx,20,-20,121,0.404268,0.0724644,0.228814,0.030998
nuscenes,scene-0103_002,tz,10,10,114,0.43332,0.118513,0.242221,0.042676
nuscenes,scene-0103_002,tz,10,-10,125,0.359041,0.0613703,0.221382,0.0314822
nuscenes,scene-0103_002,tz,20,20,212,0.270149,0.0709153,0.16034,0.0246143
nuscenes,scene-0103_002,tz,20,-20,126,0.333665,0.0479672,0.215664,0.0294618
nuscenes,scene-0103_003,baseline,0,0,86,0.428305,0.109045,0.226571,0.028689
nuscenes,scene-0103_003,yaw,0.5,0.5,93,0.404864,0.0610789,0.208748,0.0116253
nuscenes,scene-0103_003,yaw,0.5,-0.5,88,0.431178,0.102803,0.236077,0.036714
nuscenes,scene-0103_003,yaw,1,1,91,0.319061,0.00900221,0.183648,-0.00861447
nuscenes,scene-0103_003,yaw,1,-1,87,0.340726,-0.0101471,0.199446,-0.00208886
nuscenes,scene-0103_003,yaw,2,2,88,0.347533,0.0247456,0.198139,0.00588733
nuscenes,scene-0103_003,yaw,2,-2,88,0.377962,0.00348133,0.212731,0.00508286
nuscenes,scene-0103_003,yaw,3,3,87,0.297598,-0.0576732,0.185551,-0.0101435
nuscenes,scene-0103_003,yaw,3,-3,85,0.283186,-0.0500141,0.170202,-0.0257395
nuscenes,scene-0103_003,pitch,0.5,0.5,87,0.418627,0.105806,0.227313,0.0297532
nuscenes,scene-0103_003,pitch,0.5,-0.5,87,0.433959,0.123077,0.225035,0.0296317
nuscenes,scene-0103_003,pitch,1,1,89,0.409243,0.109041,0.223912,0.0309121
nuscenes,scene-0103_003,pitch,1,-1,89,0.426711,0.11713,0.221765,0.0279205
nuscenes,scene-0103_003,pitch,2,2,90,0.393033,0.0910407,0.221359,0.031816
nuscenes,scene-0103_003,pitch,2,-2,86,0.410435,0.0970918,0.213179,0.0223228
nuscenes,scene-0103_003,pitch,3,3,88,0.413242,0.114794,0.225119,0.038045
nuscenes,scene-0103_003,pitch,3,-3,88,0.375608,0.0436395,0.206425,0.0119929
nuscenes,scene-0103_003,roll,0.5,0.5,82,0.400116,0.101193,0.218505,0.0303652
nuscenes,scene-0103_003,roll,0.5,-0.5,87,0.422114,0.0957679,0.221269,0.0237561
nuscenes,scene-0103_003,roll,1,1,84,0.395926,0.0912671,0.205895,0.0172176
nuscenes,scene-0103_003,roll,1,-1,89,0.427442,0.111789,0.225456,0.0340311
nuscenes,scene-0103_003,roll,2,2,83,0.310305,0.0114955,0.188812,0.00640583
nuscenes,scene-0103_003,roll,2,-2,89,0.389025,0.0696451,0.216339,0.0355072
nuscenes,scene-0103_003,roll,3,3,83,0.290025,-0.0155245,0.188033,0.00768334
nuscenes,scene-0103_003,roll,3,-3,92,0.41334,0.0719527,0.219067,0.0261665
nuscenes,scene-0103_003,tx,10,10,90,0.385262,0.0719001,0.221737,0.0241246
nuscenes,scene-0103_003,tx,10,-10,93,0.438324,0.0941624,0.226948,0.0229115
nuscenes,scene-0103_003,tx,20,20,95,0.383169,0.0614003,0.218535,0.0220189
nuscenes,scene-0103_003,tx,20,-20,97,0.42484,0.0712405,0.213951,0.00902328
nuscenes,scene-0103_003,tz,10,10,87,0.438545,0.141465,0.228421,0.0362911
nuscenes,scene-0103_003,tz,10,-10,107,0.410647,0.0967288,0.222492,0.029843
nuscenes,scene-0103_003,tz,20,20,205,0.277211,0.0977623,0.145848,0.0245065
nuscenes,scene-0103_003,tz,20,-20,102,0.412111,0.0846825,0.2204,0.0262105
nuscenes,scene-0103_004,baseline,0,0,113,0.386247,0.0402626,0.215638,0.0310948
nuscenes,scene-0103_004,yaw,0.5,0.5,113,0.35519,0.0544677,0.194051,0.0183432
nuscenes,scene-0103_004,yaw,0.5,-0.5,113,0.379372,0.0614489,0.209876,0.0249796
nuscenes,scene-0103_004,yaw,1,1,114,0.284559,-0.00959879,0.167518,-0.00222659
nuscenes,scene-0103_004,yaw,1,-1,104,0.357466,0.0488656,0.193353,0.0128513
nuscenes,scene-0103_004,yaw,2,2,119,0.347098,0.044302,0.190662,0.0134329
nuscenes,scene-0103_004,yaw,2,-2,104,0.341744,0.021847,0.190286,-0.00109647
nuscenes,scene-0103_004,yaw,3,3,118,0.287766,-0.00714529,0.157594,-0.023044
nuscenes,scene-0103_004,yaw,3,-3,97,0.311072,-0.0133489,0.16961,-0.0298127
nuscenes,scene-0103_004,pitch,0.5,0.5,116,0.424763,0.0672108,0.230469,0.0423086
nuscenes,scene-0103_004,pitch,0.5,-0.5,111,0.375616,0.0398263,0.214017,0.0270247
nuscenes,scene-0103_004,pitch,1,1,117,0.429991,0.0636686,0.231412,0.0393088
nuscenes,scene-0103_004,pitch,1,-1,114,0.368248,0.0438559,0.208249,0.0232578
nuscenes,scene-0103_004,pitch,2,2,115,0.376147,0.0591168,0.210523,0.0307972
nuscenes,scene-0103_004,pitch,2,-2,117,0.389329,0.0613938,0.207213,0.0235568
nuscenes,scene-0103_004,pitch,3,3,118,0.344625,0.0351676,0.205373,0.0295607
nuscenes,scene-0103_004,pitch,3,-3,115,0.340479,0.048434,0.191723,0.0113236
nuscenes,scene-0103_004,roll,0.5,0.5,117,0.382577,0.0471381,0.219701,0.0340725
nuscenes,scene-0103_004,roll,0.5,-0.5,113,0.428872,0.0738499,0.220276,0.0310349
nuscenes,scene-0103_004,roll,1,1,117,0.404856,0.0600346,0.216321,0.0302677
nuscenes,scene-0103_004,roll,1,-1,113,0.364433,0.034509,0.200302,0.0196834
nuscenes,scene-0103_004,roll,2,2,112,0.369697,0.0662431,0.200865,0.0232151
nuscenes,scene-0103_004,roll,2,-2,117,0.332272,0.0153036,0.174958,-0.00517049
nuscenes,scene-0103_004,roll,3,3,115,0.367472,0.0686757,0.195571,0.014767
nuscenes,scene-0103_004,roll,3,-3,119,0.325119,0.0430586,0.173641,0.00397088
nuscenes,scene-0103_004,tx,10,10,97,0.38027,0.042679,0.217519,0.0287786
nuscenes,scene-0103_004,tx,10,-10,103,0.385885,0.054977,0.217714,0.0335294
nuscenes,scene-0103_004,tx,20,20,93,0.38338,0.0547979,0.213144,0.0262338
nuscenes,scene-0103_004,tx,20,-20,95,0.378291,0.0580031,0.207766,0.027212
nuscenes,scene-0103_004,tz,10,10,128,0.424588,0.0923475,0.229946,0.0436286
nuscenes,scene-0103_004,tz,10,-10,122,0.388049,0.0340584,0.213429,0.0255828
nuscenes,scene-0103_004,tz,20,20,247,0.276507,0.0546327,0.155808,0.0263107
nuscenes,scene-0103_004,tz,20,-20,119,0.377957,0.0274951,0.209082,0.0229483
nuscenes,scene-0103_005,baseline,0,0,88,0.34775,0.0591919,0.224138,0.0377218
nuscenes,scene-0103_005,yaw,0.5,0.5,89,0.275988,-0.0138855,0.197341,0.0150834
nuscenes,scene-0103_005,yaw,0.5,-0.5,86,0.40182,0.100331,0.23156,0.0421509
nuscenes,scene-0103_005,yaw,1,1,86,0.235652,-0.045089,0.161109,-0.0148987
nuscenes,scene-0103_005,yaw,1,-1,85,0.385432,0.104511,0.208917,0.0324593
nuscenes,scene-0103_005,yaw,2,2,97,0.268469,0.00239614,0.156645,-0.0182457
nuscenes,scene-0103_005,yaw,2,-2,83,0.339109,0.0590983,0.190456,0.0109624
nuscenes,scene-0103_005,yaw,3,3,104,0.20699,-0.0325892,0.153478,-0.0149819
nuscenes,scene-0103_005,yaw,3,-3,84,0.291139,-0.00784066,0.180019,-0.0112058
nuscenes,scene-0103_005,pitch,0.5,0.5,85,0.340654,0.0443043,0.228198,0.0389067
nuscenes,scene-0103_005,pitch,0.5,-0.5,84,0.334691,0.0585622,0.215467,0.0314558
nuscenes,scene-0103_005,pitch,1,1,82,0.382712,0.0932609,0.234812,0.0485141
nuscenes,scene-0103_005,pitch,1,-1,83,0.32823,0.0544736,0.207784,0.0252908
nuscenes,scene-0103_005,pitch,2,2,86,0.403915,0.115691,0.230486,0.0498452
nuscenes,scene-0103_005,pitch,2,-2,86,0.267145,-0.0262115,0.191397,0.00987799
nuscenes,scene-0103_005,pitch,3,3,86,0.348677,0.075452,0.214852,0.0367265
nuscenes,scene-0103_005,pitch,3,-3,85,0.260403,-0.0103328,0.189115,0.0127578
nuscenes,scene-0103_005,roll,0.5,0.5,83,0.370662,0.0852233,0.224826,0.0405961
nuscenes,scene-0103_005,roll,0.5,-0.5,87,0.284629,0.018562,0.199547,0.0170702
nuscenes,scene-0103_005,roll,1,1,84,0.403318,0.152122,0.223136,0.0488704
nuscenes,scene-0103_005,roll,1,-1,85,0.358261,0.0734572,0.211537,0.0284822
nuscenes,scene-0103_005,roll,2,2,83,0.336326,0.0752029,0.190919,0.0211356
nuscenes,scene-0103_005,roll,2,-2,87,0.291367,-0.00681031,0.197999,0.0139205
nuscenes,scene-0103_005,roll,3,3,76,0.300426,0.05339,0.179328,0.012755
nuscenes,scene-0103_005,roll,3,-3,94,0.341594,0.0617775,0.235358,0.051309
nuscenes,scene-0103_005,tx,10,10,80,0.376665,0.0900118,0.220973,0.0339086
nuscenes,scene-0103_005,tx,10,-10,82,0.315547,0.0332011,0.214309,0.0310128
nuscenes,scene-0103_005,tx,20,20,82,0.386043,0.0855631,0.221654,0.0340362
nuscenes,scene-0103_005,tx,20,-20,79,0.297931,0.0236942,0.197622,0.016908
nuscenes,scene-0103_005,tz,10,10,102,0.332718,0.0692014,0.215894,0.0371903
nuscenes,scene-0103_005,tz,10,-10,92,0.291934,0.0319185,0.205625,0.0260111
nuscenes,scene-0103_005,tz,20,20,187,0.250752,0.0408341,0.146799,0.0151264
nuscenes,scene-0103_005,tz,20,-20,76,0.334398,0.0418028,0.214374,0.029965
nuscenes,scene-0103_006,baseline,0,0,65,0.41949,0.10069,0.203132,0.0196607
nuscenes,scene-0103_006,yaw,0.5,0.5,68,0.317521,0.0322852,0.165615,-0.0026001
nuscenes,scene-0103_006,yaw,0.5,-0.5,64,0.365833,0.0894684,0.173737,0.00521474
nuscenes,scene-0103_006,yaw,1,1,69,0.244092,-0.00529072,0.137548,-0.0150949
nuscenes,scene-0103_006,yaw,1,-1,68,0.31896,0.035543,0.169624,0.00110564
nuscenes,scene-0103_006,yaw,2,2,73,0.235887,0.00303909,0.143826,-0.00812989
nuscenes,scene-0103_006,yaw,2,-2,70,0.294165,0.0247168,0.181245,0.00540942
nuscenes,scene-0103_006,yaw,3,3,75,0.214036,0.00255316,0.157923,0.00743751
nuscenes,scene-0103_006,yaw,3,-3,68,0.205765,-0.0561701,0.16683,0.00242557
nuscenes,scene-0103_006,pitch,0.5,0.5,65,0.424204,0.105294,0.199855,0.0199736
nuscenes,scene-0103_006,pitch,0.5,-0.5,63,0.392564,0.0670752,0.201888,0.013457
nuscenes,scene-0103_006,pitch,1,1,65,0.414897,0.100315,0.19699,0.0200806
nuscenes,scene-0103_006,pitch,1,-1,66,0.428596,0.0912772,0.211865,0.0212127
nuscenes,scene-0103_006,pitch,2,2,64,0.37759,0.0853131,0.188259,0.0192322
nuscenes,scene-0103_006,pitch,2,-2,64,0.409593,0.0867075,0.188561,0.00333476
nuscenes,scene-0103_006,pitch,3,3,65,0.391442,0.102226,0.186815,0.0215883
nuscenes,scene-0103_006,pitch,3,-3,65,0.40978,0.0981094,0.180815,0.0022756
nuscenes,scene-0103_006,roll,0.5,0.5,66,0.431371,0.123545,0.204749,0.0290035
nuscenes,scene-0103_006,roll,0.5,-0.5,65,0.462114,0.130004,0.221061,0.0332419
nuscenes,scene-0103_006,roll,1,1,64,0.423821,0.134438,0.1987,0.0272485
nuscenes,scene-0103_006,roll,1,-1,65,0.463495,0.126053,0.212093,0.0322946
nuscenes,scene-0103_006,roll,2,2,66,0.404905,0.116395,0.194078,0.0323057
nuscenes,scene-0103_006,roll,2,-2,66,0.430421,0.0833998,0.212836,0.0272747
nuscenes,scene-0103_006,roll,3,3,64,0.34952,0.0772463,0.17382,0.0196653
nuscenes,scene-0103_006,roll,3,-3,65,0.418139,0.0904684,0.206748,0.0191522
nuscenes,scene-0103_006,tx,10,10,55,0.337933,0.0573769,0.172522,0.00322953
nuscenes,scene-0103_006,tx,10,-10,68,0.340453,0.0398331,0.19077,0.0133478
nuscenes,scene-0103_006,tx,20,20,57,0.297711,0.0312094,0.159935,-0.00444096
nuscenes,scene-0103_006,tx,20,-20,67,0.350485,0.0502656,0.172416,-0.00016351
nuscenes,scene-0103_006,tz,10,10,61,0.447504,0.119877,0.206448,0.0198921
nuscenes,scene-0103_006,tz,10,-10,65,0.414586,0.0898018,0.207446,0.021565
nuscenes,scene-0103_006,tz,20,20,163,0.246754,0.0377819,0.121695,0.00201422
nuscenes,scene-0103_006,tz,20,-20,66,0.42196,0.0898172,0.216475,0.02986
nuscenes,scene-0103_007,baseline,0,0,68,0.423012,0.0654454,0.216679,0.0282586
nuscenes,scene-0103_007,yaw,0.5,0.5,67,0.431915,0.0529277,0.202107,0.00922799
nuscenes,scene-0103_007,yaw,0.5,-0.5,66,0.361584,0.00889525,0.200632,0.0234502
nuscenes,scene-0103_007,yaw,1,1,65,0.409527,0.0283641,0.185556,-0.0092317
nuscenes,scene-0103_007,yaw,1,-1,64,0.34856,0.0274462,0.194267,0.02371
nuscenes,scene-0103_007,yaw,2,2,66,0.324335,0.0115117,0.17044,0.00201158
nuscenes,scene-0103_007,yaw,2,-2,59,0.441549,0.0690585,0.2474,0.0539075
nuscenes,scene-0103_007,yaw,3,3,66,0.35068,-1.01626e-05,0.176468,0.00037992
nuscenes,scene-0103_007,yaw,3,-3,58,0.402947,0.0434631,0.214585,0.0163553
nuscenes,scene-0103_007,pitch,0.5,0.5,66,0.455313,0.0841885,0.21212,0.0197144
nuscenes,scene-0103_007,pitch,0.5,-0.5,67,0.383919,0.0529095,0.210782,0.0222006
nuscenes,scene-0103_007,pitch,1,1,64,0.422701,0.0478242,0.208854,0.0129563
nuscenes,scene-0103_007,pitch,1,-1,68,0.388915,0.061106,0.207738,0.0220926
nuscenes,scene-0103_007,pitch,2,2,66,0.372686,0.0196669,0.197563,0.00688651
nuscenes,scene-0103_007,pitch,2,-2,65,0.385886,0.0458865,0.209187,0.0208772
nuscenes,scene-0103_007,pitch,3,3,65,0.334888,-0.00152582,0.186181,0.00193091
nuscenes,scene-0103_007,pitch,3,-3,65,0.39283,0.0445868,0.206788,0.016956
nuscenes,scene-0103_007,roll,0.5,0.5,66,0.376575,0.0154666,0.196036,0.00242731
nuscenes,scene-0103_007,roll,0.5,-0.5,69,0.363809,0.0429018,0.202411,0.0211415
nuscenes,scene-0103_007,roll,1,1,66,0.331602,0.0291604,0.187468,0.00636753
nuscenes,scene-0103_007,roll,1,-1,68,0.360607,0.0363458,0.198003,0.0138957
nuscenes,scene-0103_007,roll,2,2,66,0.328114,0.0260335,0.181006,0.0118995
nuscenes,scene-0103_007,roll,2,-2,66,0.346725,0.0293562,0.213442,0.0368411
nuscenes,scene-0103_007,roll,3,3,64,0.345491,0.0476308,0.182977,0.0123991
nuscenes,scene-0103_007,roll,3,-3,64,0.393579,0.0472408,0.200978,0.0149516
nuscenes,scene-0103_007,tx,10,10,69,0.415662,0.0731497,0.205246,0.0220045
nuscenes,scene-0103_007,tx,10,-10,67,0.426942,0.048048,0.221585,0.0263006
nuscenes,scene-0103_007,tx,20,20,69,0.316166,0.0253766,0.176026,0.0136973
nuscenes,scene-0103_007,tx,20,-20,58,0.474184,0.0742267,0.232861,0.0227548
nuscenes,scene-0103_007,tz,10,10,63,0.470289,0.0768898,0.222294,0.019356
nuscenes,scene-0103_007,tz,10,-10,58,0.339604,0.047073,0.178696,0.0100808
nuscenes,scene-0103_007,tz,20,20,171,0.206569,0.0404684,0.115948,0.00522623
nuscenes,scene-0103_007,tz,20,-20,59,0.338668,0.0590719,0.191327,0.0243235
nuscenes,scene-0103_008,baseline,0,0,49,0.384882,0.0655579,0.207267,0.0297686
nuscenes,scene-0103_008,yaw,0.5,0.5,49,0.346459,0.0691223,0.200706,0.0275342
nuscenes,scene-0103_008,yaw,0.5,-0.5,48,0.327737,0.00113845,0.196566,0.0158489
nuscenes,scene-0103_008,yaw,1,1,51,0.298073,0.0775626,0.184979,0.0209661
nuscenes,scene-0103_008,yaw,1,-1,47,0.337026,0.025052,0.206075,0.0261912
nuscenes,scene-0103_008,yaw,2,2,51,0.290395,0.0457739,0.175826,0.0106444
nuscenes,scene-0103_008,yaw,2,-2,47,0.326092,0.0294468,0.195007,0.0097117
nuscenes,scene-0103_008,yaw,3,3,49,0.237169,-0.00862357,0.151527,-0.0184499
nuscenes,scene-0103_008,yaw,3,-3,46,0.268641,0.0011932,0.182841,0.00839923
nuscenes,scene-0103_008,pitch,0.5,0.5,47,0.374383,0.0790258,0.208716,0.0346794
nuscenes,scene-0103_008,pitch,0.5,-0.5,48,0.364568,0.0191282,0.195506,0.0145761
nuscenes,scene-0103_008,pitch,1,1,47,0.389532,0.0923033,0.212641,0.0405107
nuscenes,scene-0103_008,pitch,1,-1,49,0.34666,-0.0196228,0.185273,0.00181451
nuscenes,scene-0103_008,pitch,2,2,49,0.390535,0.114369,0.202927,0.0325896
nuscenes,scene-0103_008,pitch,2,-2,50,0.380192,0.0462823,0.188381,0.00879595
nuscenes,scene-0103_008,pitch,3,3,48,0.324075,0.0457196,0.190532,0.0241383
nuscenes,scene-0103_008,pitch,3,-3,50,0.391095,0.0758905,0.206034,0.0238305
nuscenes,scene-0103_008,roll,0.5,0.5,47,0.374718,0.0776323,0.198694,0.033005
nuscenes,scene-0103_008,roll,0.5,-0.5,46,0.387465,0.0223933,0.201786,0.0159892
nuscenes,scene-0103_008,roll,1,1,48,0.369547,0.0862078,0.190347,0.0288056
nuscenes,scene-0103_008,roll,1,-1,49,0.396314,0.0659232,0.188924,0.00463717
nuscenes,scene-0103_008,roll,2,2,48,0.358585,0.0584524,0.181836,0.0169285
nuscenes,scene-0103_008,roll,2,-2,47,0.333633,0.0245663,0.167467,-0.00588915
nuscenes,scene-0103_008,roll,3,3,47,0.286719,0.0179693,0.158918,-0.00676711
nuscenes,scene-0103_008,roll,3,-3,48,0.388879,0.0865036,0.191231,0.0130627
nuscenes,scene-0103_008,tx,10,10,49,0.359836,0.0343191,0.207641,0.0267165
nuscenes,scene-0103_008,tx,10,-10,48,0.369157,0.0560274,0.20581,0.0279062
nuscenes,scene-0103_008,tx,20,20,55,0.330466,0.0258985,0.206133,0.0248898
nuscenes,scene-0103_008,tx,20,-20,53,0.307524,0.010641,0.194873,0.0164926
nuscenes,scene-0103_008,tz,10,10,54,0.367426,0.056016,0.186933,0.017972
nuscenes,scene-0103_008,tz,10,-10,48,0.361131,0.0315206,0.202268,0.0210991
nuscenes,scene-0103_008,tz,20,20,145,0.206355,0.042994,0.132539,0.0186657
nuscenes,scene-0103_008,tz,20,-20,45,0.34566,-0.0120888,0.200211,0.0176149
nuscenes,scene-0103_009,baseline,0,0,66,0.296889,0.0898402,0.216325,0.0302644
nuscenes,scene-0103_009,yaw,0.5,0.5,64,0.26175,0.0614982,0.213827,0.0254183
nuscenes,scene-0103_009,yaw,0.5,-0.5,62,0.274214,0.0568084,0.218795,0.0261643
nuscenes,scene-0103_009,yaw,1,1,66,0.224113,0.0304491,0.197173,0.0159719
nuscenes,scene-0103_009,yaw,1,-1,60,0.309303,0.0789187,0.231593,0.0345166
nuscenes,scene-0103_009,yaw,2,2,68,0.188107,-0.01184,0.185198,-0.00214432
nuscenes,scene-0103_009,yaw,2,-2,61,0.251147,0.00642213,0.191276,-0.00821169
nuscenes,scene-0103_009,yaw,3,3,67,0.146358,-0.0481736,0.16927,-0.0247319
nuscenes,scene-0103_009,yaw,3,-3,58,0.292951,0.0328644,0.213481,0.00746472
nuscenes,scene-0103_009,pitch,0.5,0.5,64,0.267628,0.0586495,0.218247,0.0307788
nuscenes,scene-0103_009,pitch,0.5,-0.5,66,0.273785,0.070217,0.207341,0.0260981
nuscenes,scene-0103_009,pitch,1,1,62,0.255324,0.0223486,0.217561,0.0220732
nuscenes,scene-0103_009,pitch,1,-1,63,0.285189,0.0614353,0.215225,0.0303639
nuscenes,scene-0103_009,pitch,2,2,66,0.240156,-0.00329776,0.207886,0.0058921
nuscenes,scene-0103_009,pitch,2,-2,68,0.257717,0.0276481,0.210378,0.0270738
nuscenes,scene-0103_009,pitch,3,3,63,0.222413,-0.0100681,0.200158,-0.000326768
nuscenes,scene-0103_009,pitch,3,-3,63,0.220802,0.0139933,0.206452,0.0192472
nuscenes,scene-0103_009,roll,0.5,0.5,69,0.237131,0.0050496,0.209805,0.015846
nuscenes,scene-0103_009,roll,0.5,-0.5,67,0.257344,0.0338653,0.208337,0.022899
nuscenes,scene-0103_009,roll,1,1,63,0.195169,-0.0196394,0.187945,-0.00531277
nuscenes,scene-0103_009,roll,1,-1,66,0.226593,0.00623675,0.202743,0.0165991
nuscenes,scene-0103_009,roll,2,2,60,0.175855,0.0041925,0.195436,0.00871506
nuscenes,scene-0103_009,roll,2,-2,70,0.310919,0.0420461,0.224339,0.035541
nuscenes,scene-0103_009,roll,3,3,62,0.187533,0.00268711,0.18082,-0.00496124
nuscenes,scene-0103_009,roll,3,-3,69,0.243854,-0.0132737,0.192415,0.012599
nuscenes,scene-0103_009,tx,10,10,61,0.267611,0.0614231,0.209672,0.0253221
nuscenes,scene-0103_009,tx,10,-10,69,0.272031,0.0804349,0.208686,0.0282853
nuscenes,scene-0103_009,tx,20,20,66,0.266589,0.0658324,0.20533,0.0268315
nuscenes,scene-0103_009,tx,20,-20,65,0.235244,0.0460326,0.204214,0.023369
nuscenes,scene-0103_009,tz,10,10,60,0.262724,0.0634298,0.21225,0.0268456
nuscenes,scene-0103_009,tz,10,-10,73,0.257513,0.0550067,0.204329,0.0242808
nuscenes,scene-0103_009,tz,20,20,173,0.17521,0.0201435,0.149264,0.00852893
nuscenes,scene-0103_009,tz,20,-20,74,0.232957,0.0266436,0.202693,0.0238578
nuscenes,scene-0103_010,baseline,0,0,67,0.275204,0.0355672,0.217101,0.00489101
nuscenes,scene-0103_010,yaw,0.5,0.5,66,0.228538,-0.0109608,0.219303,0.00327826
nuscenes,scene-0103_010,yaw,0.5,-0.5,67,0.279845,0.0399261,0.218461,0.00506167
nuscenes,scene-0103_010,yaw,1,1,66,0.201135,-0.0650335,0.207473,-0.00865737
nuscenes,scene-0103_010,yaw,1,-1,68,0.245443,0.0111875,0.204277,-0.0065252
nuscenes,scene-0103_010,yaw,2,2,68,0.193255,-0.0670601,0.198576,-0.0096083
nuscenes,scene-0103_010,yaw,2,-2,68,0.211245,-0.0260731,0.197466,-0.01119
nuscenes,scene-0103_010,yaw,3,3,67,0.181396,-0.0826588,0.197256,-0.0197379
nuscenes,scene-0103_010,yaw,3,-3,68,0.219506,-0.0446026,0.190591,-0.0204784
nuscenes,scene-0103_010,pitch,0.5,0.5,66,0.261256,0.0305139,0.21413,0.00311527
nuscenes,scene-0103_010,pitch,0.5,-0.5,67,0.283683,0.030969,0.221,0.00651668
nuscenes,scene-0103_010,pitch,1,1,67,0.25718,0.0307198,0.211586,0.00559922
nuscenes,scene-0103_010,pitch,1,-1,66,0.288118,0.023374,0.225234,0.00897661
nuscenes,scene-0103_010,pitch,2,2,67,0.267643,0.0547678,0.214071,0.0128072
nuscenes,scene-0103_010,pitch,2,-2,68,0.288934,0.0280567,0.221436,0.00571799
nuscenes,scene-0103_010,pitch,3,3,66,0.240557,0.028112,0.216163,0.0163708
nuscenes,scene-0103_010,pitch,3,-3,67,0.273913,0.0232296,0.223767,0.00766273
nuscenes,scene-0103_010,roll,0.5,0.5,67,0.238797,0.0246294,0.208517,0.00949821
nuscenes,scene-0103_010,roll,0.5,-0.5,65,0.290496,0.0190997,0.224201,0.00264139
nuscenes,scene-0103_010,roll,1,1,67,0.261532,0.0359385,0.208631,0.0101916
nuscenes,scene-0103_010,roll,1,-1,65,0.254874,0.00666693,0.216294,0.00079833
nuscenes,scene-0103_010,roll,2,2,68,0.187301,-0.00670213,0.204731,0.0127389
nuscenes,scene-0103_010,roll,2,-2,66,0.388384,0.10613,0.251961,0.0355072
nuscenes,scene-0103_010,roll,3,3,67,0.180962,-0.0281654,0.203524,0.0107585
nuscenes,scene-0103_010,roll,3,-3,66,0.330248,0.0265267,0.242711,0.0267607
nuscenes,scene-0103_010,tx,10,10,63,0.255042,0.0278136,0.209222,0.000280678
nuscenes,scene-0103_010,tx,10,-10,70,0.246951,0.0236773,0.201617,-0.00165671
nuscenes,scene-0103_010,tx,20,20,65,0.241999,0.0178691,0.200566,-0.00573479
nuscenes,scene-0103_010,tx,20,-20,69,0.232896,0.0132531,0.197975,-0.0094327
nuscenes,scene-0103_010,tz,10,10,68,0.281297,0.0638003,0.214719,0.00694628
nuscenes,scene-0103_010,tz,10,-10,66,0.289454,0.0286488,0.220964,0.00423871
nuscenes,scene-0103_010,tz,20,20,166,0.1821,0.0366495,0.13482,0.00744876
nuscenes,scene-0103_010,tz,20,-20,66,0.286275,0.00482276,0.222416,0.00289209
nuscenes,scene-0103_011,baseline,0,0,64,0.319368,0.070544,0.219472,0.0109763
nuscenes,scene-0103_011,yaw,0.5,0.5,63,0.317427,0.058341,0.224303,0.0173933
nuscenes,scene-0103_011,yaw,0.5,-0.5,64,0.221757,-0.0185065,0.182131,-0.0177495
nuscenes,scene-0103_011,yaw,1,1,64,0.261907,0.0177143,0.199297,-0.0042606
nuscenes,scene-0103_011,yaw,1,-1,65,0.182415,-0.0675303,0.174111,-0.0237383
nuscenes,scene-0103_011,yaw,2,2,63,0.183135,-0.0403123,0.170139,-0.0285097
nuscenes,scene-0103_011,yaw,2,-2,66,0.190029,-0.0859022,0.183479,-0.0274542
nuscenes,scene-0103_011,yaw,3,3,63,0.191873,-0.0774878,0.184162,-0.0146653
nuscenes,scene-0103_011,yaw,3,-3,67,0.209169,-0.0461148,0.187588,-0.0133195
nuscenes,scene-0103_011,pitch,0.5,0.5,62,0.309977,0.0789147,0.210146,0.0058226
nuscenes,scene-0103_011,pitch,0.5,-0.5,66,0.312199,0.0597828,0.213965,0.00890528
nuscenes,scene-0103_011,pitch,1,1,65,0.289924,0.0631323,0.20412,0.00465956
nuscenes,scene-0103_011,pitch,1,-1,64,0.305086,0.0522443,0.220359,0.0155254
nuscenes,scene-0103_011,pitch,2,2,65,0.257981,0.0226582,0.204236,0.00394262
nuscenes,scene-0103_011,pitch,2,-2,65,0.287021,0.0658979,0.224259,0.0217428
nuscenes,scene-0103_011,pitch,3,3,67,0.2329,-0.0215848,0.207571,0.0113088
nuscenes,scene-0103_011,pitch,3,-3,64,0.320953,0.0698805,0.243169,0.0342261
nuscenes,scene-0103_011,roll,0.5,0.5,64,0.283018,0.0614542,0.213019,0.0144111
nuscenes,scene-0103_011,roll,0.5,-0.5,65,0.312915,0.0695469,0.224079,0.0208769
nuscenes,scene-0103_011,roll,1,1,65,0.287285,0.053649,0.214365,0.0214937
nuscenes,scene-0103_011,roll,1,-1,65,0.318901,0.0592722,0.232221,0.0196574
nuscenes,scene-0103_011,roll,2,2,64,0.199519,-0.0182575,0.190025,0.0031143
nuscenes,scene-0103_011,roll,2,-2,65,0.347372,0.0457273,0.233487,0.0211115
nuscenes,scene-0103_011,roll,3,3,65,0.243098,0.0265948,0.192867,0.0144217
nuscenes,scene-0103_011,roll,3,-3,65,0.352399,0.00749385,0.253185,0.0246613
nuscenes,scene-0103_011,tx,10,10,68,0.258346,0.0240797,0.195968,-0.00750327
nuscenes,scene-0103_011,tx,10,-10,60,0.292718,0.0585839,0.215537,0.0120008
nuscenes,scene-0103_011,tx,20,20,74,0.217022,-0.0169191,0.185233,-0.0125492
nuscenes,scene-0103_011,tx,20,-20,57,0.28062,0.0391762,0.211845,0.00784135
nuscenes,scene-0103_011,tz,10,10,62,0.306539,0.063185,0.219679,0.0130085
nuscenes,scene-0103_011,tz,10,-10,65,0.350138,0.101115,0.222342,0.0157909
nuscenes,scene-0103_011,tz,20,20,145,0.190357,0.0377685,0.138064,0.0110877
nuscenes,scene-0103_011,tz,20,-20,65,0.319987,0.0817929,0.219599,0.0167544
nuscenes,scene-0103_012,baseline,0,0,97,0.196242,-0.0290916,0.19892,-0.00300956
nuscenes,scene-0103_012,yaw,0.5,0.5,96,0.228657,-0.00295754,0.204984,0.00727589
nuscenes,scene-0103_012,yaw,0.5,-0.5,99,0.166672,-0.0572225,0.179579,-0.0117005
nuscenes,scene-0103_012,yaw,1,1,96,0.19041,-0.0133612,0.18673,0.00254261
nuscenes,scene-0103_012,yaw,1,-1,99,0.199658,-0.0298118,0.17792,-0.0137551
nuscenes,scene-0103_012,yaw,2,2,97,0.192356,-0.0186324,0.174365,-0.019844
nuscenes,scene-0103_012,yaw,2,-2,96,0.200814,-0.0354677,0.187385,-0.0100185
nuscenes,scene-0103_012,yaw,3,3,95,0.170922,-0.0326515,0.176418,-0.0114885
nuscenes,scene-0103_012,yaw,3,-3,101,0.212382,-0.0198445,0.206799,0.012989
nuscenes,scene-0103_012,pitch,0.5,0.5,97,0.197197,-0.0164483,0.202135,0.00239606
nuscenes,scene-0103_012,pitch,0.5,-0.5,99,0.19357,-0.0424017,0.200297,-0.00198914
nuscenes,scene-0103_012,pitch,1,1,96,0.19393,-0.0149155,0.199762,-0.000215873
nuscenes,scene-0103_012,pitch,1,-1,97,0.223389,-0.0149038,0.201473,-0.00392428
nuscenes,scene-0103_012,pitch,2,2,100,0.190036,-0.024339,0.194843,-0.00131516
nuscenes,scene-0103_012,pitch,2,-2,99,0.217874,-0.00621362,0.204714,0.000637904
nuscenes,scene-0103_012,pitch,3,3,95,0.179584,-0.0296487,0.187174,-0.00635807
nuscenes,scene-0103_012,pitch,3,-3,99,0.231624,0.00436231,0.206641,0.00443207
nuscenes,scene-0103_012,roll,0.5,0.5,98,0.214807,0.00609602,0.203023,0.0103145
nuscenes,scene-0103_012,roll,0.5,-0.5,97,0.221028,-0.0112311,0.207999,-0.000547945
nuscenes,scene-0103_012,roll,1,1,94,0.20976,-0.0034557,0.199223,0.00357638
nuscenes,scene-0103_012,roll,1,-1,97,0.183343,-0.0597968,0.206864,0.000333682
nuscenes,scene-0103_012,roll,2,2,93,0.219033,0.00945312,0.197005,0.0077161
nuscenes,scene-0103_012,roll,2,-2,99,0.229868,-0.0333881,0.212104,-0.00397678
nuscenes,scene-0103_012,roll,3,3,93,0.19014,-0.0336865,0.186506,-0.00384861
nuscenes,scene-0103_012,roll,3,-3,100,0.296172,0.0415835,0.230566,0.0265847
nuscenes,scene-0103_012,tx,10,10,106,0.182408,-0.0307823,0.187487,-0.00555536
nuscenes,scene-0103_012,tx,10,-10,99,0.215601,-0.0166397,0.208524,0.00721487
nuscenes,scene-0103_012,tx,20,20,110,0.165766,-0.0484764,0.175279,-0.0141516
nuscenes,scene-0103_012,tx,20,-20,100,0.19905,-0.0383235,0.208221,0.00776756
nuscenes,scene-0103_012,tz,10,10,87,0.204674,-0.0383353,0.204229,-0.00185704
nuscenes,scene-0103_012,tz,10,-10,99,0.20218,-0.0247509,0.198091,-0.00595565
nuscenes,scene-0103_012,tz,20,20,206,0.177876,0.0111858,0.151371,0.0106502
nuscenes,scene-0103_012,tz,20,-20,97,0.203686,-0.0295264,0.201454,-0.00674492
nuscenes,scene-0103_013,baseline,0,0,84,0.188259,-0.0335044,0.188183,0.00242525
nuscenes,scene-0103_013,yaw,0.5,0.5,86,0.182986,-0.0285702,0.191456,0.00958218
nuscenes,scene-0103_013,yaw,0.5,-0.5,86,0.184944,-0.0406204,0.182103,-0.00134416
nuscenes,scene-0103_013,yaw,1,1,81,0.208382,-0.00305572,0.192799,0.00990359
nuscenes,scene-0103_013,yaw,1,-1,87,0.207069,-0.00427029,0.181977,5.40018e-05
nuscenes,scene-0103_013,yaw,2,2,81,0.205073,-0.013438,0.189898,0.00397933
nuscenes,scene-0103_013,yaw,2,-2,85,0.188395,-0.0420838,0.184722,-0.00705853
nuscenes,scene-0103_013,yaw,3,3,77,0.175499,-0.0310795,0.17963,-0.00245112
nuscenes,scene-0103_013,yaw,3,-3,85,0.194937,-0.0305693,0.183434,-0.00850651
nuscenes,scene-0103_013,pitch,0.5,0.5,86,0.214339,-0.00496921,0.191072,0.00682136
nuscenes,scene-0103_013,pitch,0.5,-0.5,85,0.190184,-0.036927,0.190131,0.00117971
nuscenes,scene-0103_013,pitch,1,1,86,0.224367,-0.000160426,0.196395,0.0127845
nuscenes,scene-0103_013,pitch,1,-1,84,0.218406,-0.0170801,0.198007,0.00425228
nuscenes,scene-0103_013,pitch,2,2,87,0.219488,0.00116807,0.199393,0.0142107
nuscenes,scene-0103_013,pitch,2,-2,85,0.262779,0.0312106,0.208516,0.013469
nuscenes,scene-0103_013,pitch,3,3,88,0.231819,0.00301249,0.197548,0.00815225
nuscenes,scene-0103_013,pitch,3,-3,87,0.26916,0.0404015,0.212512,0.0181602
nuscenes,scene-0103_013,roll,0.5,0.5,85,0.233856,-0.00136709,0.195007,0.00494424
nuscenes,scene-0103_013,roll,0.5,-0.5,84,0.26502,0.0282776,0.212709,0.0175811
nuscenes,scene-0103_013,roll,1,1,83,0.205744,-0.00816242,0.18796,0.00151169
nuscenes,scene-0103_013,roll,1,-1,83,0.253921,0.0331477,0.218874,0.026882
nuscenes,scene-0103_013,roll,2,2,81,0.205978,-0.00159813,0.183221,-0.00450216
nuscenes,scene-0103_013,roll,2,-2,84,0.32178,0.0504679,0.218716,0.0192224
nuscenes,scene-0103_013,roll,3,3,86,0.204201,0.0103415,0.180198,0.00466339
nuscenes,scene-0103_013,roll,3,-3,81,0.313666,0.0444828,0.20114,0.00279334
nuscenes,scene-0103_013,tx,10,10,88,0.180796,-0.0383687,0.173235,-0.00639665
nuscenes,scene-0103_013,tx,10,-10,84,0.209751,-0.0186901,0.195184,0.00898857
nuscenes,scene-0103_013,tx,20,20,87,0.180202,-0.0427026,0.168132,-0.0131353
nuscenes,scene-0103_013,tx,20,-20,97,0.182418,-0.0366174,0.187472,0.00556308
nuscenes,scene-0103_013,tz,10,10,97,0.232196,-0.000906929,0.20873,0.0165737
nuscenes,scene-0103_013,tz,10,-10,99,0.20583,-0.00311369,0.190782,0.0107286
nuscenes,scene-0103_013,tz,20,20,210,0.190532,0.0159348,0.151496,0.0131344
nuscenes,scene-0103_013,tz,20,-20,99,0.218355,0.00365984,0.198866,0.0160272
nuscenes,scene-0103_014,baseline,0,0,109,0.206794,-0.0156844,0.193575,0.0161925
nuscenes,scene-0103_014,yaw,0.5,0.5,108,0.22478,0.00585197,0.198059,0.0197308
nuscenes,scene-0103_014,yaw,0.5,-0.5,110,0.22009,-0.00244956,0.190885,0.0110253
nuscenes,scene-0103_014,yaw,1,1,105,0.215255,0.00666821,0.18769,0.00820719
nuscenes,scene-0103_014,yaw,1,-1,112,0.231684,0.00297882,0.193761,0.0101503
nuscenes,scene-0103_014,yaw,2,2,102,0.199943,-0.00792938,0.180191,0.000940368
nuscenes,scene-0103_014,yaw,2,-2,115,0.223463,0.0103468,0.191767,0.00423941
nuscenes,scene-0103_014,yaw,3,3,101,0.177932,-0.00454961,0.16349,-0.00729598
nuscenes,scene-0103_014,yaw,3,-3,119,0.232178,0.0137984,0.200626,0.0133372
nuscenes,scene-0103_014,pitch,0.5,0.5,109,0.20286,-0.0117144,0.192777,0.0144524
nuscenes,scene-0103_014,pitch,0.5,-0.5,108,0.247871,0.0248471,0.199275,0.0199547
nuscenes,scene-0103_014,pitch,1,1,111,0.176944,-0.0378709,0.187443,0.00733756
nuscenes,scene-0103_014,pitch,1,-1,113,0.234301,0.00911455,0.206508,0.025035
nuscenes,scene-0103_014,pitch,2,2,111,0.188209,-0.0346591,0.184958,0.00146905
nuscenes,scene-0103_014,pitch,2,-2,112,0.252893,0.0460039,0.210988,0.0249256
nuscenes,scene-0103_014,pitch,3,3,112,0.155807,-0.056864,0.172145,-0.00602035
nuscenes,scene-0103_014,pitch,3,-3,111,0.259908,0.0441564,0.203655,0.013881
nuscenes,scene-0103_014,roll,0.5,0.5,111,0.2049,0.00147164,0.194948,0.014559
nuscenes,scene-0103_014,roll,0.5,-0.5,111,0.233591,0.0117864,0.202932,0.0211914
nuscenes,scene-0103_014,roll,1,1,112,0.196971,-0.00701809,0.188227,0.00956658
nuscenes,scene-0103_014,roll,1,-1,111,0.240194,0.00229429,0.203111,0.0110449
nuscenes,scene-0103_014,roll,2,2,113,0.211791,0.00944641,0.184378,0.0035762
nuscenes,scene-0103_014,roll,2,-2,109,0.280191,0.030374,0.202378,0.00409009
nuscenes,scene-0103_014,roll,3,3,115,0.193628,0.0021719,0.168189,-0.00349173
nuscenes,scene-0103_014,roll,3,-3,108,0.267684,0.029198,0.186026,-0.00260374
nuscenes,scene-0103_014,tx,10,10,118,0.215,-0.0025406,0.185695,0.0124192
nuscenes,scene-0103_014,tx,10,-10,111,0.22492,-5.86063e-05,0.200941,0.0214926
nuscenes,scene-0103_014,tx,20,20,115,0.208199,-0.00031206,0.182236,0.00964865
nuscenes,scene-0103_014,tx,20,-20,101,0.216801,-0.0248029,0.201758,0.0164472
nuscenes,scene-0103_014,tz,10,10,130,0.258287,0.0184262,0.212865,0.0254571
nuscenes,scene-0103_014,tz,10,-10,103,0.187856,-0.0223863,0.181382,0.00689676
nuscenes,scene-0103_014,tz,20,20,235,0.188837,0.0185154,0.151894,0.0130429
nuscenes,scene-0103_014,tz,20,-20,107,0.194561,-0.018106,0.182655,0.00595967
nuscenes,scene-0103_015,baseline,0,0,123,0.219725,-0.00913274,0.190921,0.00811273
nuscenes,scene-0103_015,yaw,0.5,0.5,123,0.235971,0.00831407,0.196455,0.0132726
nuscenes,scene-0103_015,yaw,0.5,-0.5,123,0.240262,-0.00631037,0.195777,0.0114825
nuscenes,scene-0103_015,yaw,1,1,122,0.224861,-0.00475645,0.193954,0.00979966
nuscenes,scene-0103_015,yaw,1,-1,120,0.233058,0.000307679,0.193395,0.00925834
nuscenes,scene-0103_015,yaw,2,2,120,0.243869,0.0147474,0.197849,0.0109618
nuscenes,scene-0103_015,yaw,2,-2,120,0.227938,0.00464062,0.188267,0.00286622
nuscenes,scene-0103_015,yaw,3,3,115,0.241138,0.039783,0.186027,0.00977582
nuscenes,scene-0103_015,yaw,3,-3,118,0.23641,-0.0117943,0.18961,0.00411767
nuscenes,scene-0103_015,pitch,0.5,0.5,121,0.22513,-0.000919804,0.192333,0.00932847
nuscenes,scene-0103_015,pitch,0.5,-0.5,120,0.234915,0.0130655,0.197107,0.0141238
nuscenes,scene-0103_015,pitch,1,1,121,0.243334,0.0063628,0.191961,0.00843112
nuscenes,scene-0103_015,pitch,1,-1,119,0.233263,0.00985591,0.200144,0.0176917
nuscenes,scene-0103_015,pitch,2,2,121,0.222432,-0.00971691,0.185576,0.00130671
nuscenes,scene-0103_015,pitch,2,-2,119,0.27134,0.0516311,0.202918,0.0201129
nuscenes,scene-0103_015,pitch,3,3,125,0.227463,-0.00686869,0.187476,0.000147343
nuscenes,scene-0103_015,pitch,3,-3,122,0.288757,0.0741838,0.196514,0.0159971
nuscenes,scene-0103_015,roll,0.5,0.5,122,0.202073,-0.00913371,0.188586,0.0122696
nuscenes,scene-0103_015,roll,0.5,-0.5,120,0.269323,0.0208627,0.206417,0.0171641
nuscenes,scene-0103_015,roll,1,1,122,0.206255,0.00531183,0.177089,0.00739916
nuscenes,scene-0103_015,roll,1,-1,126,0.291725,0.0445968,0.212188,0.0148429
nuscenes,scene-0103_015,roll,2,2,124,0.162536,-0.0457669,0.166515,-0.0103748
nuscenes,scene-0103_015,roll,2,-2,123,0.285684,0.0299177,0.194595,0.00834671
nuscenes,scene-0103_015,roll,3,3,125,0.124075,-0.0413347,0.14546,-0.017552
nuscenes,scene-0103_015,roll,3,-3,125,0.300777,0.0384044,0.196478,0.01365
nuscenes,scene-0103_015,tx,10,10,125,0.234289,0.00792871,0.188827,0.00840844
nuscenes,scene-0103_015,tx,10,-10,121,0.218252,-0.0210217,0.19343,0.00727767
nuscenes,scene-0103_015,tx,20,20,130,0.225854,-0.00689936,0.187205,0.00638144
nuscenes,scene-0103_015,tx,20,-20,124,0.224166,-0.0153645,0.198065,0.00795355
nuscenes,scene-0103_015,tz,10,10,146,0.207521,-0.00584847,0.198222,0.0175666
nuscenes,scene-0103_015,tz,10,-10,106,0.172626,-0.0324861,0.175543,-0.000203773
nuscenes,scene-0103_015,tz,20,20,245,0.176816,0.00768313,0.159878,0.0206555
nuscenes,scene-0103_015,tz,20,-20,110,0.239555,0.00891905,0.186067,0.00652766
nuscenes,scene-0103_016,baseline,0,0,168,0.21215,0.015698,0.191972,0.0118289
nuscenes,scene-0103_016,yaw,0.5,0.5,164,0.21578,0.00669245,0.189338,0.00960204
nuscenes,scene-0103_016,yaw,0.5,-0.5,166,0.21285,0.0136623,0.189497,0.0112922
nuscenes,scene-0103_016,yaw,1,1,163,0.198966,-0.0112522,0.183812,0.00404394
nuscenes,scene-0103_016,yaw,1,-1,170,0.21345,0.0145365,0.188947,0.0124084
nuscenes,scene-0103_016,yaw,2,2,162,0.165163,-0.0263198,0.178718,0.00520225
nuscenes,scene-0103_016,yaw,2,-2,166,0.249773,0.0373519,0.204473,0.0197071
nuscenes,scene-0103_016,yaw,3,3,162,0.169368,-0.00855006,0.171654,0.00144365
nuscenes,scene-0103_016,yaw,3,-3,155,0.278313,0.0379412,0.213323,0.0211556
nuscenes,scene-0103_016,pitch,0.5,0.5,165,0.214762,0.0169657,0.186991,0.00592932
nuscenes,scene-0103_016,pitch,0.5,-0.5,165,0.240118,0.0244221,0.19828,0.017153
nuscenes,scene-0103_016,pitch,1,1,167,0.205044,0.00699739,0.184053,0.00287476
nuscenes,scene-0103_016,pitch,1,-1,166,0.258247,0.0436134,0.204022,0.0244825
nuscenes,scene-0103_016,pitch,2,2,162,0.211606,0.00438677,0.180262,0.000279933
nuscenes,scene-0103_016,pitch,2,-2,165,0.28702,0.071136,0.209255,0.0316049
nuscenes,scene-0103_016,pitch,3,3,165,0.193138,-0.00434911,0.175968,-0.00430007
nuscenes,scene-0103_016,pitch,3,-3,169,0.282215,0.0734177,0.202262,0.0264028
nuscenes,scene-0103_016,roll,0.5,0.5,165,0.201218,0.00352018,0.18303,0.00274849
nuscenes,scene-0103_016,roll,0.5,-0.5,166,0.258288,0.0418478,0.20427,0.0237177
nuscenes,scene-0103_016,roll,1,1,168,0.184642,-0.00856087,0.171539,-0.00211823
nuscenes,scene-0103_016,roll,1,-1,167,0.291855,0.0599541,0.213024,0.0276144
nuscenes,scene-0103_016,roll,2,2,168,0.127436,-0.041732,0.153651,-0.0184492
nuscenes,scene-0103_016,roll,2,-2,158,0.320627,0.0576394,0.201228,0.0176017
nuscenes,scene-0103_016,roll,3,3,164,0.14118,-0.0087065,0.152386,-0.00642329
nuscenes,scene-0103_016,roll,3,-3,152,0.265992,0.0235757,0.190815,0.00535665
nuscenes,scene-0103_016,tx,10,10,167,0.206056,0.011373,0.19118,0.0118955
nuscenes,scene-0103_016,tx,10,-10,159,0.223521,0.0125322,0.194515,0.0125235
nuscenes,scene-0103_016,tx,20,20,170,0.180704,-0.0117307,0.184206,0.00832096
nuscenes,scene-0103_016,tx,20,-20,166,0.200694,-0.00459862,0.187854,0.00847244
nuscenes,scene-0103_016,tz,10,10,170,0.228274,0.0225884,0.194487,0.011256
nuscenes,scene-0103_016,tz,10,-10,133,0.205749,0.0235247,0.183446,0.0133141
nuscenes,scene-0103_016,tz,20,20,274,0.17788,0.0133201,0.151718,0.00840898
nuscenes,scene-0103_016,tz,20,-20,135,0.206487,0.016498,0.183078,0.0125768
nuscenes,scene-0103_017,baseline,0,0,173,0.30385,0.0467852,0.207648,0.0194052
nuscenes,scene-0103_017,yaw,0.5,0.5,174,0.320464,0.0506797,0.213681,0.0202774
nuscenes,scene-0103_017,yaw,0.5,-0.5,172,0.287654,0.0291331,0.20414,0.0177348
nuscenes,scene-0103_017,yaw,1,1,171,0.318651,0.0552363,0.201748,0.0117915
nuscenes,scene-0103_017,yaw,1,-1,174,0.288549,0.0313585,0.201976,0.0171882
nuscenes,scene-0103_017,yaw,2,2,174,0.287891,0.0391161,0.191176,0.000735864
nuscenes,scene-0103_017,yaw,2,-2,161,0.330186,0.0539455,0.23078,0.0332396
nuscenes,scene-0103_017,yaw,3,3,175,0.286102,0.0211192,0.188234,-0.00374815
nuscenes,scene-0103_017,yaw,3,-3,154,0.320836,0.0588171,0.228106,0.034617
nuscenes,scene-0103_017,pitch,0.5,0.5,171,0.309189,0.0744903,0.208179,0.0224057
nuscenes,scene-0103_017,pitch,0.5,-0.5,175,0.286104,0.0398516,0.205141,0.0178206
nuscenes,scene-0103_017,pitch,1,1,173,0.264047,0.0492987,0.204047,0.0218817
nuscenes,scene-0103_017,pitch,1,-1,173,0.258557,0.0262496,0.201602,0.0173695
nuscenes,scene-0103_017,pitch,2,2,172,0.232445,0.0213912,0.202427,0.0208829
nuscenes,scene-0103_017,pitch,2,-2,174,0.255948,0.0351763,0.204679,0.01736
nuscenes,scene-0103_017,pitch,3,3,175,0.25201,0.0111197,0.202861,0.0118369
nuscenes,scene-0103_017,pitch,3,-3,171,0.265633,0.0259014,0.201706,0.0140806
nuscenes,scene-0103_017,roll,0.5,0.5,170,0.272093,0.0534587,0.213301,0.0267827
nuscenes,scene-0103_017,roll,0.5,-0.5,177,0.265123,0.0551843,0.198455,0.0201972
nuscenes,scene-0103_017,roll,1,1,170,0.217592,0.0121487,0.205216,0.0181071
nuscenes,scene-0103_017,roll,1,-1,178,0.243696,0.0261779,0.198231,0.0161715
nuscenes,scene-0103_017,roll,2,2,168,0.184207,-0.00182179,0.177569,0.000750721
nuscenes,scene-0103_017,roll,2,-2,174,0.254631,0.00963475,0.190273,-0.00252542
nuscenes,scene-0103_017,roll,3,3,172,0.154848,-0.0463593,0.157722,-0.0151657
nuscenes,scene-0103_017,roll,3,-3,174,0.290877,0.0237164,0.189243,0.00337645
nuscenes,scene-0103_017,tx,10,10,174,0.294217,0.0376968,0.206949,0.0200398
nuscenes,scene-0103_017,tx,10,-10,167,0.311807,0.0549771,0.211994,0.0245234
nuscenes,scene-0103_017,tx,20,20,178,0.268001,0.0198328,0.194637,0.0123237
nuscenes,scene-0103_017,tx,20,-20,164,0.304002,0.0474441,0.204853,0.0179829
nuscenes,scene-0103_017,tz,10,10,171,0.312571,0.0632683,0.213897,0.0232626
nuscenes,scene-0103_017,tz,10,-10,157,0.261227,0.0421197,0.19659,0.0138004
nuscenes,scene-0103_017,tz,20,20,273,0.179702,0.024909,0.154972,0.014445
nuscenes,scene-0103_017,tz,20,-20,128,0.216929,0.0385007,0.18277,0.012221
nuscenes,scene-0103_018,baseline,0,0,171,0.248549,0.0169875,0.199484,0.017079
nuscenes,scene-0103_018,yaw,0.5,0.5,174,0.260758,0.0219255,0.20572,0.022068
nuscenes,scene-0103_018,yaw,0.5,-0.5,169,0.214509,-0.0206249,0.18041,-0.00471783
nuscenes,scene-0103_018,yaw,1,1,176,0.248939,0.0166204,0.203987,0.0235132
nuscenes,scene-0103_018,yaw,1,-1,164,0.196081,-0.0433152,0.177516,-0.0111133
nuscenes,scene-0103_018,yaw,2,2,173,0.26237,0.0242791,0.201326,0.0126779
nuscenes,scene-0103_018,yaw,2,-2,160,0.216937,-0.0437371,0.18472,-0.0132745
nuscenes,scene-0103_018,yaw,3,3,167,0.247938,0.00960167,0.188679,-0.00189756
nuscenes,scene-0103_018,yaw,3,-3,161,0.230951,-0.0128659,0.191516,0.00657217
nuscenes,scene-0103_018,pitch,0.5,0.5,172,0.253032,0.0156964,0.198818,0.0144266
nuscenes,scene-0103_018,pitch,0.5,-0.5,173,0.248338,0.0148997,0.197301,0.0168364
nuscenes,scene-0103_018,pitch,1,1,172,0.25825,0.0196294,0.198699,0.0135416
nuscenes,scene-0103_018,pitch,1,-1,174,0.254952,0.025482,0.197787,0.0193603
nuscenes,scene-0103_018,pitch,2,2,169,0.226818,-0.000184327,0.193208,0.0101761
nuscenes,scene-0103_018,pitch,2,-2,172,0.236224,0.0328295,0.194654,0.0215201
nuscenes,scene-0103_018,pitch,3,3,173,0.243691,0.0146332,0.194534,0.00877754
nuscenes,scene-0103_018,pitch,3,-3,173,0.228086,0.0246474,0.18831,0.019565
nuscenes,scene-0103_018,roll,0.5,0.5,172,0.278204,0.0385292,0.215303,0.0331478
nuscenes,scene-0103_018,roll,0.5,-0.5,171,0.24617,0.00587071,0.181491,-0.00105645
nuscenes,scene-0103_018,roll,1,1,170,0.249368,0.030147,0.211195,0.0310364
nuscenes,scene-0103_018,roll,1,-1,171,0.215746,-0.0111841,0.175909,-0.00415543
nuscenes,scene-0103_018,roll,2,2,170,0.236077,0.0419396,0.178849,0.00932644
nuscenes,scene-0103_018,roll,2,-2,171,0.240956,-0.0171833,0.1802,-0.0141827
nuscenes,scene-0103_018,roll,3,3,173,0.229539,0.0406118,0.172386,0.00205882
nuscenes,scene-0103_018,roll,3,-3,173,0.241903,-0.014989,0.177988,-0.0121764
nuscenes,scene-0103_018,tx,10,10,171,0.206708,-0.0158568,0.182033,0.000825509
nuscenes,scene-0103_018,tx,10,-10,164,0.260078,0.0202273,0.206675,0.0242356
nuscenes,scene-0103_018,tx,20,20,171,0.198827,-0.026391,0.174341,-0.00545542
nuscenes,scene-0103_018,tx,20,-20,165,0.251244,0.0138758,0.209784,0.0298398
nuscenes,scene-0103_018,tz,10,10,164,0.274556,0.0456689,0.212942,0.0347048
nuscenes,scene-0103_018,tz,10,-10,165,0.240115,-0.000868171,0.189958,0.00862196
nuscenes,scene-0103_018,tz,20,20,269,0.178804,0.0197151,0.149683,0.0167594
nuscenes,scene-0103_018,tz,20,-20,142,0.179585,-0.0152305,0.174089,0.00214346
nuscenes,scene-0103_019,baseline,0,0,164,0.23661,0.0215852,0.178864,0.00698677
nuscenes,scene-0103_019,yaw,0.5,0.5,165,0.213171,0.00915602,0.174165,0.00517724
nuscenes,scene-0103_019,yaw,0.5,-0.5,159,0.207634,-0.00091739,0.173511,0.00212391
nuscenes,scene-0103_019,yaw,1,1,164,0.200302,0.000149518,0.165829,0.00343694
nuscenes,scene-0103_019,yaw,1,-1,157,0.181711,-0.0292143,0.166566,-0.00574227
nuscenes,scene-0103_019,yaw,2,2,163,0.187559,-0.0149101,0.165856,0.00057514
nuscenes,scene-0103_019,yaw,2,-2,158,0.23505,0.0061319,0.177695,-0.00448675
nuscenes,scene-0103_019,yaw,3,3,165,0.158695,-0.0374249,0.162369,-0.00445297
nuscenes,scene-0103_019,yaw,3,-3,161,0.243243,0.0138361,0.178667,0.00120385
nuscenes,scene-0103_019,pitch,0.5,0.5,160,0.222188,0.00853375,0.17883,0.00667328
nuscenes,scene-0103_019,pitch,0.5,-0.5,164,0.233316,0.0252327,0.179657,0.012045
nuscenes,scene-0103_019,pitch,1,1,157,0.201774,-0.0123145,0.178312,0.00768113
nuscenes,scene-0103_019,pitch,1,-1,162,0.236494,0.0368023,0.179996,0.0152574
nuscenes,scene-0103_019,pitch,2,2,158,0.190701,-0.022015,0.178948,0.0102211
nuscenes,scene-0103_019,pitch,2,-2,168,0.221203,0.0376284,0.173143,0.0112919
nuscenes,scene-0103_019,pitch,3,3,158,0.196431,-0.0140221,0.175181,0.00439842
nuscenes,scene-0103_019,pitch,3,-3,164,0.245671,0.0513954,0.171851,0.00335985
nuscenes,scene-0103_019,roll,0.5,0.5,161,0.218174,0.0307649,0.176751,0.0161532
nuscenes,scene-0103_019,roll,0.5,-0.5,160,0.221038,0.000995487,0.179933,0.00845245
nuscenes,scene-0103_019,roll,1,1,159,0.228824,0.0396609,0.176556,0.0169391
nuscenes,scene-0103_019,roll,1,-1,164,0.204244,-0.00715503,0.169035,-0.00278252
nuscenes,scene-0103_019,roll,2,2,162,0.186206,0.0100239,0.166677,0.00570475
nuscenes,scene-0103_019,roll,2,-2,165,0.233245,0.00142878,0.169308,-0.00467502
nuscenes,scene-0103_019,roll,3,3,158,0.19584,0.0305179,0.166995,0.00838859
nuscenes,scene-0103_019,roll,3,-3,164,0.256874,0.0253612,0.182646,0.00671352
nuscenes,scene-0103_019,tx,10,10,164,0.206856,-0.00285727,0.174846,0.00308175
nuscenes,scene-0103_019,tx,10,-10,152,0.227554,0.0152249,0.178408,0.00867754
nuscenes,scene-0103_019,tx,20,20,163,0.178873,-0.022335,0.165191,-0.00262511
nuscenes,scene-0103_019,tx,20,-20,160,0.181509,-0.0115157,0.166833,0.00216688
nuscenes,scene-0103_019,tz,10,10,157,0.22873,0.0120925,0.184789,0.0102525
nuscenes,scene-0103_019,tz,10,-10,160,0.252457,0.0365628,0.181319,0.0109279
nuscenes,scene-0103_019,tz,20,20,252,0.117711,-0.0164962,0.126308,0.00120553
nuscenes,scene-0103_019,tz,20,-20,146,0.21488,0.00214322,0.177921,0.00720695
nuscenes,scene-0103_020,baseline,0,0,167,0.178052,0.00323328,0.16843,0.0102994
nuscenes,scene-0103_020,yaw,0.5,0.5,164,0.196166,0.0189385,0.173338,0.0167255
nuscenes,scene-0103_020,yaw,0.5,-0.5,164,0.151567,-0.0351804,0.160441,-0.00239022
nuscenes,scene-0103_020,yaw,1,1,161,0.205753,0.0351648,0.172851,0.0199739
nuscenes,scene-0103_020,yaw,1,-1,163,0.150094,-0.0226399,0.161341,-0.00283898
nuscenes,scene-0103_020,yaw,2,2,153,0.180453,0.0243633,0.156717,0.00713202
nuscenes,scene-0103_020,yaw,2,-2,166,0.184455,-0.0136712,0.163608,-0.0102535
nuscenes,scene-0103_020,yaw,3,3,152,0.133201,-0.025679,0.142583,-0.010886
nuscenes,scene-0103_020,yaw,3,-3,165,0.192896,0.000884369,0.164744,-0.00489227
nuscenes,scene-0103_020,pitch,0.5,0.5,159,0.189316,0.0112469,0.170902,0.0119707
nuscenes,scene-0103_020,pitch,0.5,-0.5,158,0.169509,-0.0202131,0.166575,0.00778967
nuscenes,scene-0103_020,pitch,1,1,161,0.185084,0.00228062,0.169287,0.0127379
nuscenes,scene-0103_020,pitch,1,-1,164,0.184259,-0.0121357,0.167014,0.00938383
nuscenes,scene-0103_020,pitch,2,2,162,0.207303,0.0183166,0.176039,0.0168616
nuscenes,scene-0103_020,pitch,2,-2,162,0.188659,0.00405817,0.166844,0.00986947
nuscenes,scene-0103_020,pitch,3,3,164,0.203283,0.0255235,0.17298,0.0150265
nuscenes,scene-0103_020,pitch,3,-3,161,0.220461,0.04162,0.181397,0.0214975
nuscenes,scene-0103_020,roll,0.5,0.5,162,0.167912,-0.0119583,0.167547,0.0120398
nuscenes,scene-0103_020,roll,0.5,-0.5,162,0.194063,0.00367892,0.169671,0.0111776
nuscenes,scene-0103_020,roll,1,1,161,0.181591,0.00779629,0.16816,0.0130684
nuscenes,scene-0103_020,roll,1,-1,162,0.218516,0.0271526,0.174565,0.0118957
nuscenes,scene-0103_020,roll,2,2,165,0.159822,-0.00371362,0.154905,-0.00287558
nuscenes,scene-0103_020,roll,2,-2,163,0.254069,0.0409883,0.177108,0.00526243
nuscenes,scene-0103_020,roll,3,3,165,0.154407,-0.00855173,0.152633,-0.00370111
nuscenes,scene-0103_020,roll,3,-3,156,0.230068,0.0195659,0.172088,0.00176708
nuscenes,scene-0103_020,tx,10,10,170,0.176153,-0.0141072,0.164395,0.00232767
nuscenes,scene-0103_020,tx,10,-10,155,0.182317,0.00925452,0.17331,0.0155203
nuscenes,scene-0103_020,tx,20,20,173,0.158997,-0.0326679,0.157651,-0.00248405
nuscenes,scene-0103_020,tx,20,-20,149,0.182915,0.00964998,0.173673,0.0161724
nuscenes,scene-0103_020,tz,10,10,169,0.206296,0.0035879,0.181128,0.0134272
nuscenes,scene-0103_020,tz,10,-10,158,0.16747,-0.00871302,0.160841,0.00521685
nuscenes,scene-0103_020,tz,20,20,291,0.148081,0.0169176,0.134637,0.0120544
nuscenes,scene-0103_020,tz,20,-20,146,0.183845,-0.00532202,0.164626,0.0074262
nuscenes,scene-0103_021,baseline,0,0,158,0.221375,0.0470103,0.176441,0.0172632
nuscenes,scene-0103_021,yaw,0.5,0.5,153,0.185491,0.0142295,0.16604,0.0105329
nuscenes,scene-0103_021,yaw,0.5,-0.5,156,0.207718,0.0228457,0.169307,0.00538209
nuscenes,scene-0103_021,yaw,1,1,158,0.152301,-0.0182505,0.152937,0.00184566
nuscenes,scene-0103_021,yaw,1,-1,160,0.187574,0.0166605,0.165215,0.00149249
nuscenes,scene-0103_021,yaw,2,2,151,0.170789,-0.00252494,0.15458,0.000154912
nuscenes,scene-0103_021,yaw,2,-2,151,0.179669,0.00415739,0.167225,0.00170015
nuscenes,scene-0103_021,yaw,3,3,156,0.175868,0.0115859,0.143014,-0.00446828
nuscenes,scene-0103_021,yaw,3,-3,145,0.215946,0.0125791,0.183616,0.014244
nuscenes,scene-0103_021,pitch,0.5,0.5,154,0.201971,0.0283867,0.173897,0.0175913
nuscenes,scene-0103_021,pitch,0.5,-0.5,156,0.196399,0.0192955,0.168901,0.0114738
nuscenes,scene-0103_021,pitch,1,1,157,0.200468,0.0227957,0.174921,0.0185477
nuscenes,scene-0103_021,pitch,1,-1,157,0.21056,0.0191396,0.170526,0.0080765
nuscenes,scene-0103_021,pitch,2,2,154,0.191466,0.012235,0.16944,0.0114461
nuscenes,scene-0103_021,pitch,2,-2,156,0.194497,-0.00410934,0.175256,0.00613183
nuscenes,scene-0103_021,pitch,3,3,154,0.185347,0.00660191,0.165682,0.00745687
nuscenes,scene-0103_021,pitch,3,-3,153,0.193834,-0.000894472,0.173354,0.00552608
nuscenes,scene-0103_021,roll,0.5,0.5,157,0.167273,-0.00596002,0.168276,0.0126842
nuscenes,scene-0103_021,roll,0.5,-0.5,157,0.208553,0.0111413,0.170422,0.00722671
nuscenes,scene-0103_021,roll,1,1,150,0.171375,-0.00660473,0.162882,0.00808874
nuscenes,scene-0103_021,roll,1,-1,159,0.195613,0.00936624,0.166996,0.00323397
nuscenes,scene-0103_021,roll,2,2,158,0.160969,0.0101388,0.162336,0.0100539
nuscenes,scene-0103_021,roll,2,-2,154,0.247701,0.0424825,0.167496,0.00679907
nuscenes,scene-0103_021,roll,3,3,160,0.138342,-0.0255418,0.145793,-0.00788033
nuscenes,scene-0103_021,roll,3,-3,154,0.199635,-0.0325688,0.159237,-0.013831
nuscenes,scene-0103_021,tx,10,10,163,0.203369,0.0254235,0.168513,0.0083818
nuscenes,scene-0103_021,tx,10,-10,145,0.204228,0.0269258,0.17669,0.0170601
nuscenes,scene-0103_021,tx,20,20,164,0.194982,0.0259555,0.160993,0.00306545
nuscenes,scene-0103_021,tx,20,-20,141,0.200284,0.0167446,0.174208,0.0149078
nuscenes,scene-0103_021,tz,10,10,164,0.205709,0.0281016,0.172395,0.0104198
nuscenes,scene-0103_021,tz,10,-10,159,0.216234,0.0271405,0.168595,0.0112175
nuscenes,scene-0103_021,tz,20,20,269,0.128869,0.0142228,0.126182,0.00892838
nuscenes,scene-0103_021,tz,20,-20,155,0.229313,0.0376153,0.170797,0.0118625
nuscenes,scene-0103_022,baseline,0,0,129,0.19797,0.0404584,0.180453,0.0217714
nuscenes,scene-0103_022,yaw,0.5,0.5,130,0.159294,0.00439882,0.172898,0.0158818
nuscenes,scene-0103_022,yaw,0.5,-0.5,128,0.174622,-0.000219479,0.175225,0.0153504
nuscenes,scene-0103_022,yaw,1,1,126,0.16774,0.0258303,0.172254,0.0181416
nuscenes,scene-0103_022,yaw,1,-1,131,0.151051,-0.0319943,0.168178,0.00204743
nuscenes,scene-0103_022,yaw,2,2,128,0.138877,-0.00892763,0.160967,0.00647892
nuscenes,scene-0103_022,yaw,2,-2,129,0.149167,-0.0569769,0.165169,-0.00742346
nuscenes,scene-0103_022,yaw,3,3,140,0.173421,0.0203789,0.164131,0.016563
nuscenes,scene-0103_022,yaw,3,-3,137,0.204047,0.0140815,0.181581,0.014451
nuscenes,scene-0103_022,pitch,0.5,0.5,128,0.185244,0.0194486,0.181177,0.0154649
nuscenes,scene-0103_022,pitch,0.5,-0.5,126,0.192553,0.0303771,0.181672,0.0243428
nuscenes,scene-0103_022,pitch,1,1,127,0.21171,0.0341837,0.183459,0.0142054
nuscenes,scene-0103_022,pitch,1,-1,129,0.181682,0.0220096,0.1829,0.0230499
nuscenes,scene-0103_022,pitch,2,2,128,0.199619,0.034466,0.178572,0.0167801
nuscenes,scene-0103_022,pitch,2,-2,124,0.19449,0.0277577,0.18494,0.0218743
nuscenes,scene-0103_022,pitch,3,3,127,0.147739,-0.00200154,0.154245,0.00219163
nuscenes,scene-0103_022,pitch,3,-3,131,0.21132,0.0329746,0.180863,0.0164482
nuscenes,scene-0103_022,roll,0.5,0.5,128,0.190922,0.0125454,0.183589,0.0136625
nuscenes,scene-0103_022,roll,0.5,-0.5,128,0.18468,0.0299053,0.17965,0.0221495
nuscenes,scene-0103_022,roll,1,1,131,0.194685,0.0464856,0.172027,0.0115778
nuscenes,scene-0103_022,roll,1,-1,130,0.21127,0.0272277,0.19024,0.0272315
nuscenes,scene-0103_022,roll,2,2,129,0.132934,0.00498727,0.140043,-0.00451177
nuscenes,scene-0103_022,roll,2,-2,126,0.190775,-0.0145052,0.176847,0.00315225
nuscenes,scene-0103_022,roll,3,3,134,0.0961165,-0.0190649,0.127391,-0.0144927
nuscenes,scene-0103_022,roll,3,-3,123,0.191343,-0.0213599,0.168714,-0.00505199
nuscenes,scene-0103_022,tx,10,10,131,0.177922,0.0167783,0.175824,0.0179565
nuscenes,scene-0103_022,tx,10,-10,127,0.190067,0.0254412,0.183716,0.0232467
nuscenes,scene-0103_022,tx,20,20,132,0.155969,-0.00257422,0.166004,0.00904088
nuscenes,scene-0103_022,tx,20,-20,127,0.163662,0.0074552,0.175076,0.0185343
nuscenes,scene-0103_022,tz,10,10,135,0.181696,0.0146421,0.177989,0.0117403
nuscenes,scene-0103_022,tz,10,-10,123,0.171701,0.011508,0.170385,0.0133491
nuscenes,scene-0103_022,tz,20,20,241,0.11615,0.00925146,0.123387,0.00759824
nuscenes,scene-0103_022,tz,20,-20,124,0.162547,-0.000933513,0.170956,0.0112357
nuscenes,scene-0103_023,baseline,0,0,143,0.246341,0.0377589,0.217183,0.0305781
nuscenes,scene-0103_023,yaw,0.5,0.5,139,0.24892,0.049585,0.214182,0.0347524
nuscenes,scene-0103_023,yaw,0.5,-0.5,148,0.227847,0.02869,0.203404,0.0207496
nuscenes,scene-0103_023,yaw,1,1,139,0.226673,0.0386031,0.211544,0.0357439
nuscenes,scene-0103_023,yaw,1,-1,150,0.213916,0.0185845,0.199989,0.0148696
nuscenes,scene-0103_023,yaw,2,2,136,0.209158,0.0188181,0.201234,0.022927
nuscenes,scene-0103_023,yaw,2,-2,152,0.207015,-0.0103366,0.188892,0.00251082
nuscenes,scene-0103_023,yaw,3,3,125,0.203465,0.015332,0.19002,0.0140229
nuscenes,scene-0103_023,yaw,3,-3,155,0.220972,-0.00142342,0.203207,0.0166828
nuscenes,scene-0103_023,pitch,0.5,0.5,146,0.226537,0.0375329,0.21019,0.0286213
nuscenes,scene-0103_023,pitch,0.5,-0.5,143,0.205346,0.00578114,0.198583,0.0208023
nuscenes,scene-0103_023,pitch,1,1,143,0.200331,0.0271383,0.184681,0.0164859
nuscenes,scene-0103_023,pitch,1,-1,142,0.169141,-0.00722699,0.175931,0.00861618
nuscenes,scene-0103_023,pitch,2,2,145,0.137678,-0.0131354,0.148586,0.00048326
nuscenes,scene-0103_023,pitch,2,-2,143,0.143769,-0.0194957,0.17054,0.0109562
nuscenes,scene-0103_023,pitch,3,3,142,0.149778,0.00646311,0.147175,0.00157139
nuscenes,scene-0103_023,pitch,3,-3,142,0.173512,0.014241,0.180939,0.0210509
nuscenes,scene-0103_023,roll,0.5,0.5,145,0.194686,0.00593887,0.193594,0.0216097
nuscenes,scene-0103_023,roll,0.5,-0.5,144,0.182501,0.00777347,0.172167,0.00718755
nuscenes,scene-0103_023,roll,1,1,143,0.133182,-0.00767329,0.147965,-0.000722677
nuscenes,scene-0103_023,roll,1,-1,142,0.173729,0.00625111,0.174367,0.0129885
nuscenes,scene-0103_023,roll,2,2,144,0.119295,-0.00279341,0.138242,0.000432253
nuscenes,scene-0103_023,roll,2,-2,137,0.222616,0.0303798,0.185937,0.0201843
nuscenes,scene-0103_023,roll,3,3,145,0.115852,-0.0136105,0.137322,-0.00997528
nuscenes,scene-0103_023,roll,3,-3,138,0.280075,0.0360075,0.200786,0.0133299
nuscenes,scene-0103_023,tx,10,10,148,0.246678,0.0406176,0.209997,0.0246597
nuscenes,scene-0103_023,tx,10,-10,137,0.26644,0.0582132,0.223786,0.0389239
nuscenes,scene-0103_023,tx,20,20,152,0.232119,0.026521,0.200539,0.0180982
nuscenes,scene-0103_023,tx,20,-20,139,0.238035,0.0393209,0.209913,0.0311555
nuscenes,scene-0103_023,tz,10,10,157,0.2225,0.0262927,0.215252,0.0315025
nuscenes,scene-0103_023,tz,10,-10,126,0.159202,-0.00961612,0.164455,0.00575338
nuscenes,scene-0103_023,tz,20,20,259,0.12821,0.0200668,0.138399,0.0182203
nuscenes,scene-0103_023,tz,20,-20,127,0.164918,-0.000988647,0.16214,0.00639883
nuscenes,scene-0103_024,baseline,0,0,137,0.166013,0.0221786,0.170453,0.0183215
nuscenes,scene-0103_024,yaw,0.5,0.5,140,0.17283,0.0280423,0.163689,0.0127918
nuscenes,scene-0103_024,yaw,0.5,-0.5,139,0.135303,-0.0118168,0.163167,0.0125596
nuscenes,scene-0103_024,yaw,1,1,136,0.153286,0.0210486,0.150176,0.00296311
nuscenes,scene-0103_024,yaw,1,-1,147,0.135304,0.00456832,0.151352,0.0058803
nuscenes,scene-0103_024,yaw,2,2,131,0.152415,0.0125686,0.153244,0.00261791
nuscenes,scene-0103_024,yaw,2,-2,148,0.150258,0.00501454,0.150662,-0.000253737
nuscenes,scene-0103_024,yaw,3,3,125,0.140587,-0.0224519,0.152204,-0.00224158
nuscenes,scene-0103_024,yaw,3,-3,151,0.153512,-0.00644687,0.15345,-9.74089e-05
nuscenes,scene-0103_024,pitch,0.5,0.5,138,0.164064,0.0105668,0.169438,0.0146917
nuscenes,scene-0103_024,pitch,0.5,-0.5,136,0.161269,0.015266,0.167979,0.0162664
nuscenes,scene-0103_024,pitch,1,1,139,0.164093,0.015257,0.169643,0.0130771
nuscenes,scene-0103_024,pitch,1,-1,137,0.148479,0.00832149,0.166559,0.0166725
nuscenes,scene-0103_024,pitch,2,2,139,0.163547,0.0055607,0.171155,0.0134443
nuscenes,scene-0103_024,pitch,2,-2,137,0.171386,0.0292244,0.169827,0.0189384
nuscenes,scene-0103_024,pitch,3,3,141,0.147585,-0.00383972,0.165414,0.0100931
nuscenes,scene-0103_024,pitch,3,-3,137,0.196912,0.0441297,0.175101,0.0201223
nuscenes,scene-0103_024,roll,0.5,0.5,138,0.165922,0.0275808,0.17089,0.0229716
nuscenes,scene-0103_024,roll,0.5,-0.5,135,0.146129,-0.00308415,0.158423,0.00328046
nuscenes,scene-0103_024,roll,1,1,141,0.136986,0.00621846,0.166405,0.0174626
nuscenes,scene-0103_024,roll,1,-1,136,0.141668,-0.0209304,0.161416,0.00529554
nuscenes,scene-0103_024,roll,2,2,144,0.128704,0.00374992,0.162979,0.0171618
nuscenes,scene-0103_024,roll,2,-2,135,0.162884,-0.00712222,0.168724,0.00959356
nuscenes,scene-0103_024,roll,3,3,141,0.132863,-0.00258318,0.156139,0.0106284
nuscenes,scene-0103_024,roll,3,-3,135,0.147807,-0.0319855,0.151622,-0.00474116
nuscenes,scene-0103_024,tx,10,10,141,0.155281,0.00922213,0.164014,0.0115325
nuscenes,scene-0103_024,tx,10,-10,140,0.190176,0.0396606,0.175961,0.0213122
nuscenes,scene-0103_024,tx,20,20,147,0.145562,-0.00162759,0.158137,0.00778471
nuscenes,scene-0103_024,tx,20,-20,135,0.179408,0.0351258,0.165097,0.0134494
nuscenes,scene-0103_024,tz,10,10,148,0.191628,0.0386842,0.183971,0.0265003
nuscenes,scene-0103_024,tz,10,-10,132,0.165824,0.0119524,0.165832,0.0108229
nuscenes,scene-0103_024,tz,20,20,247,0.140125,0.0375237,0.135108,0.0199962
nuscenes,scene-0103_024,tz,20,-20,143,0.142534,-0.0160009,0.159507,0.00218675
nuscenes,scene-0103_025,baseline,0,0,144,0.136828,0.00263818,0.154632,0.00698653
nuscenes,scene-0103_025,yaw,0.5,0.5,141,0.129197,-0.0118013,0.155397,0.00817636
nuscenes,scene-0103_025,yaw,0.5,-0.5,139,0.119937,-0.00233901,0.146455,-0.00121631
nuscenes,scene-0103_025,yaw,1,1,139,0.110055,-0.0268403,0.150922,0.00763001
nuscenes,scene-0103_025,yaw,1,-1,132,0.1127,-0.0172412,0.140357,-0.00831412
nuscenes,scene-0103_025,yaw,2,2,137,0.120869,-0.011364,0.149037,0.00356364
nuscenes,scene-0103_025,yaw,2,-2,139,0.1419,-0.0049262,0.146058,-0.00592883
nuscenes,scene-0103_025,yaw,3,3,134,0.130981,0.000892699,0.141569,-0.00370587
nuscenes,scene-0103_025,yaw,3,-3,143,0.130027,-0.0123044,0.145153,-0.00499988
nuscenes,scene-0103_025,pitch,0.5,0.5,140,0.143482,0.00177619,0.156789,0.00739944
nuscenes,scene-0103_025,pitch,0.5,-0.5,139,0.136859,-0.000312701,0.155588,0.00641267
nuscenes,scene-0103_025,pitch,1,1,140,0.13892,-0.0140152,0.158894,0.0063132
nuscenes,scene-0103_025,pitch,1,-1,139,0.148386,0.0117728,0.157763,0.00941676
nuscenes,scene-0103_025,pitch,2,2,139,0.16263,0.00798675,0.157459,0.00574657
nuscenes,scene-0103_025,pitch,2,-2,140,0.136522,0.0199834,0.150243,0.0093842
nuscenes,scene-0103_025,pitch,3,3,142,0.135058,-0.00164524,0.151195,0.00179394
nuscenes,scene-0103_025,pitch,3,-3,140,0.130759,0.0110836,0.149751,0.0117236
nuscenes,scene-0103_025,roll,0.5,0.5,138,0.144843,0.0126274,0.152832,0.00555514
nuscenes,scene-0103_025,roll,0.5,-0.5,138,0.137536,-0.0130807,0.159051,0.00788216
nuscenes,scene-0103_025,roll,1,1,139,0.133424,0.00906757,0.142143,-0.00461803
nuscenes,scene-0103_025,roll,1,-1,139,0.149874,0.00437883,0.163337,0.0164436
nuscenes,scene-0103_025,roll,2,2,139,0.112507,0.00379904,0.133971,-0.00321579
nuscenes,scene-0103_025,roll,2,-2,141,0.178086,0.00880347,0.170687,0.0155267
nuscenes,scene-0103_025,roll,3,3,137,0.112499,0.00767939,0.14122,0.00503252
nuscenes,scene-0103_025,roll,3,-3,138,0.183555,0.0156206,0.163504,0.0111336
nuscenes,scene-0103_025,tx,10,10,145,0.13189,0.00238976,0.15068,0.00417235
nuscenes,scene-0103_025,tx,10,-10,141,0.122904,-0.0135986,0.150746,0.00336832
nuscenes,scene-0103_025,tx,20,20,143,0.123774,-0.00308848,0.147418,0.00115806
nuscenes,scene-0103_025,tx,20,-20,130,0.12713,-0.00629871,0.152493,0.0052751
nuscenes,scene-0103_025,tz,10,10,131,0.138362,0.00339982,0.155764,0.007439
nuscenes,scene-0103_025,tz,10,-10,133,0.143832,0.000611261,0.156959,0.00450793
nuscenes,scene-0103_025,tz,20,20,236,0.0903198,0.00638013,0.107013,0.00301706
nuscenes,scene-0103_025,tz,20,-20,138,0.133335,-0.013021,0.155297,0.00237067
nuscenes,scene-0103_026,baseline,0,0,128,0.147687,0.0275904,0.157208,0.0124202
nuscenes,scene-0103_026,yaw,0.5,0.5,132,0.1584,0.0337751,0.156748,0.0123794
nuscenes,scene-0103_026,yaw,0.5,-0.5,129,0.153451,0.0330808,0.153499,0.00870456
nuscenes,scene-0103_026,yaw,1,1,129,0.121154,0.0102623,0.141881,0.00461192
nuscenes,scene-0103_026,yaw,1,-1,131,0.14728,0.0222652,0.150753,0.00737621
nuscenes,scene-0103_026,yaw,2,2,125,0.111964,-0.017774,0.150783,0.00780521
nuscenes,scene-0103_026,yaw,2,-2,134,0.151593,0.0202065,0.149726,0.00327934
nuscenes,scene-0103_026,yaw,3,3,121,0.127528,-0.0270039,0.14912,-0.00259832
nuscenes,scene-0103_026,yaw,3,-3,132,0.146928,-0.00572176,0.156723,0.00846335
nuscenes,scene-0103_026,pitch,0.5,0.5,130,0.13707,0.0176027,0.155703,0.011112
nuscenes,scene-0103_026,pitch,0.5,-0.5,128,0.160776,0.0388932,0.157045,0.0118639
nuscenes,scene-0103_026,pitch,1,1,130,0.133926,0.0156116,0.152098,0.00832292
nuscenes,scene-0103_026,pitch,1,-1,130,0.154589,0.0332677,0.155153,0.0105747
nuscenes,scene-0103_026,pitch,2,2,134,0.167076,0.0284641,0.158572,0.00953911
nuscenes,scene-0103_026,pitch,2,-2,132,0.112495,0.00110599,0.142589,0.00137304
nuscenes,scene-0103_026,pitch,3,3,132,0.162645,0.0148948,0.147801,-0.0037988
nuscenes,scene-0103_026,pitch,3,-3,135,0.103469,0.0016673,0.136416,-0.00364335
nuscenes,scene-0103_026,roll,0.5,0.5,127,0.141917,0.0211105,0.156618,0.00959937
nuscenes,scene-0103_026,roll,0.5,-0.5,129,0.13742,0.00984518,0.150556,0.00597921
nuscenes,scene-0103_026,roll,1,1,131,0.115216,-0.000144564,0.147898,0.00271957
nuscenes,scene-0103_026,roll,1,-1,125,0.142216,0.00705677,0.142287,-0.00412054
nuscenes,scene-0103_026,roll,2,2,134,0.0908296,-0.0210407,0.133639,-0.0075534
nuscenes,scene-0103_026,roll,2,-2,125,0.138301,-0.014608,0.151124,0.00317407
nuscenes,scene-0103_026,roll,3,3,133,0.0847662,-0.0155071,0.133134,-0.00661366
nuscenes,scene-0103_026,roll,3,-3,126,0.128929,-0.0204379,0.138055,-0.00917956
nuscenes,scene-0103_026,tx,10,10,137,0.156678,0.0405211,0.153073,0.00876324
nuscenes,scene-0103_026,tx,10,-10,139,0.143782,0.0333698,0.150849,0.00749891
nuscenes,scene-0103_026,tx,20,20,138,0.144641,0.0240347,0.147205,0.00424264
nuscenes,scene-0103_026,tx,20,-20,136,0.151596,0.0332067,0.149971,0.00635257
nuscenes,scene-0103_026,tz,10,10,134,0.154012,0.0278094,0.164454,0.017156
nuscenes,scene-0103_026,tz,10,-10,119,0.17396,0.0433059,0.164255,0.0199956
nuscenes,scene-0103_026,tz,20,20,232,0.11894,0.0225794,0.127492,0.016728
nuscenes,scene-0103_026,tz,20,-20,132,0.168692,0.0339849,0.159031,0.0126183
nuscenes,scene-0103_027,baseline,0,0,120,0.183005,0.0480662,0.161081,0.0103539
nuscenes,scene-0103_027,yaw,0.5,0.5,115,0.176403,0.0386543,0.163519,0.0147388
nuscenes,scene-0103_027,yaw,0.5,-0.5,122,0.160368,0.0140609,0.162989,0.00931987
nuscenes,scene-0103_027,yaw,1,1,115,0.145752,0.00330527,0.156604,0.00457542
nuscenes,scene-0103_027,yaw,1,-1,124,0.160792,0.0192802,0.165479,0.01111
nuscenes,scene-0103_027,yaw,2,2,130,0.0948751,-0.0328678,0.138906,-0.00943299
nuscenes,scene-0103_027,yaw,2,-2,125,0.158554,-0.00498991,0.166862,0.00586307
nuscenes,scene-0103_027,yaw,3,3,131,0.116126,-0.0111281,0.131263,-0.0152287
nuscenes,scene-0103_027,yaw,3,-3,129,0.181093,0.00840886,0.164227,0.00470254
nuscenes,scene-0103_027,pitch,0.5,0.5,122,0.187765,0.0476821,0.163078,0.0105002
nuscenes,scene-0103_027,pitch,0.5,-0.5,120,0.186681,0.0527409,0.159448,0.0120001
nuscenes,scene-0103_027,pitch,1,1,120,0.200959,0.054909,0.16674,0.0125841
nuscenes,scene-0103_027,pitch,1,-1,117,0.203594,0.0629464,0.159609,0.0136533
nuscenes,scene-0103_027,pitch,2,2,119,0.195284,0.0349466,0.169824,0.0093565
nuscenes,scene-0103_027,pitch,2,-2,120,0.179029,0.0441611,0.158226,0.0128671
nuscenes,scene-0103_027,pitch,3,3,121,0.144395,-0.0221391,0.160393,0.000262275
nuscenes,scene-0103_027,pitch,3,-3,116,0.150386,0.0170411,0.148729,0.00181237
nuscenes,scene-0103_027,roll,0.5,0.5,119,0.191872,0.0531984,0.165429,0.014094
nuscenes,scene-0103_027,roll,0.5,-0.5,119,0.196222,0.0505514,0.160645,0.0109767
nuscenes,scene-0103_027,roll,1,1,120,0.163086,0.0163765,0.155397,0.00487731
nuscenes,scene-0103_027,roll,1,-1,120,0.200698,0.0481133,0.165779,0.0130205
nuscenes,scene-0103_027,roll,2,2,119,0.117397,-0.0125668,0.136124,-0.0135096
nuscenes,scene-0103_027,roll,2,-2,119,0.20332,0.0324561,0.158752,0.00221285
nuscenes,scene-0103_027,roll,3,3,118,0.0987504,-0.0182644,0.138887,-0.00278825
nuscenes,scene-0103_027,roll,3,-3,120,0.149105,-0.0304235,0.148331,-0.00670561
nuscenes,scene-0103_027,tx,10,10,121,0.187005,0.0537887,0.162488,0.0123641
nuscenes,scene-0103_027,tx,10,-10,117,0.166613,0.0341033,0.160562,0.0118266
nuscenes,scene-0103_027,tx,20,20,126,0.163408,0.0224004,0.159552,0.00842771
nuscenes,scene-0103_027,tx,20,-20,116,0.181375,0.046184,0.166009,0.0155921
nuscenes,scene-0103_027,tz,10,10,115,0.183972,0.0391029,0.166537,0.014038
nuscenes,scene-0103_027,tz,10,-10,121,0.194596,0.0605246,0.159073,0.0103396
nuscenes,scene-0103_027,tz,20,20,198,0.138053,0.0330005,0.119803,0.0121843
nuscenes,scene-0103_027,tz,20,-20,121,0.219825,0.0759861,0.161838,0.0132194
nuscenes,scene-0103_028,baseline,0,0,101,0.157327,0.0174055,0.148015,0.00256234
nuscenes,scene-0103_028,yaw,0.5,0.5,105,0.121728,-0.0102939,0.138048,-0.00430936
nuscenes,scene-0103_028,yaw,0.5,-0.5,100,0.175096,0.025452,0.156695,0.0052401
nuscenes,scene-0103_028,yaw,1,1,105,0.124442,0.00221424,0.132998,-0.00485514
nuscenes,scene-0103_028,yaw,1,-1,102,0.161166,0.0151811,0.160217,0.00779009
nuscenes,scene-0103_028,yaw,2,2,105,0.0979204,-0.0256105,0.131796,-0.00955263
nuscenes,scene-0103_028,yaw,2,-2,106,0.197072,0.0210767,0.160688,-0.000432014
nuscenes,scene-0103_028,yaw,3,3,102,0.0883513,-0.0153911,0.128148,-0.00695531
nuscenes,scene-0103_028,yaw,3,-3,111,0.206394,0.0131293,0.171399,0.00283697
nuscenes,scene-0103_028,pitch,0.5,0.5,100,0.157223,0.0136322,0.150283,0.00328848
nuscenes,scene-0103_028,pitch,0.5,-0.5,102,0.140245,-2.81334e-05,0.146742,0.00171661
nuscenes,scene-0103_028,pitch,1,1,101,0.162623,0.00866714,0.154524,0.00551029
nuscenes,scene-0103_028,pitch,1,-1,101,0.126728,-0.0143619,0.143705,-0.000370204
nuscenes,scene-0103_028,pitch,2,2,98,0.167036,0.00611956,0.152805,0.00367348
nuscenes,scene-0103_028,pitch,2,-2,105,0.130813,0.000513062,0.140724,0.0014496
nuscenes,scene-0103_028,pitch,3,3,99,0.172398,0.0164068,0.156201,0.00399761
nuscenes,scene-0103_028,pitch,3,-3,104,0.132734,-0.00695066,0.140252,-0.00191763
nuscenes,scene-0103_028,roll,0.5,0.5,102,0.158151,0.0223398,0.150766,0.00799581
nuscenes,scene-0103_028,roll,0.5,-0.5,101,0.143732,0.00447921,0.14928,0.00526512
nuscenes,scene-0103_028,roll,1,1,99,0.150256,0.0184136,0.150989,0.00645436
nuscenes,scene-0103_028,roll,1,-1,99,0.172837,0.0181344,0.150158,0.0020714
nuscenes,scene-0103_028,roll,2,2,99,0.143185,0.0199639,0.139782,-0.00148979
nuscenes,scene-0103_028,roll,2,-2,104,0.155749,-0.00927733,0.146687,-0.00359137
nuscenes,scene-0103_028,roll,3,3,98,0.138998,0.00378188,0.147683,0.00172898
nuscenes,scene-0103_028,roll,3,-3,105,0.145586,-0.0131109,0.140545,-0.00620024
nuscenes,scene-0103_028,tx,10,10,100,0.144939,0.00290398,0.151258,0.0048116
nuscenes,scene-0103_028,tx,10,-10,105,0.137972,-0.00392418,0.143859,-0.00172819
nuscenes,scene-0103_028,tx,20,20,98,0.148357,0.00484015,0.151799,0.0046255
nuscenes,scene-0103_028,tx,20,-20,108,0.125686,-0.0131456,0.14029,-0.00434777
nuscenes,scene-0103_028,tz,10,10,96,0.168303,0.0231497,0.151437,0.00340778
nuscenes,scene-0103_028,tz,10,-10,103,0.134877,-0.0037239,0.145372,0.000845104
nuscenes,scene-0103_028,tz,20,20,195,0.129822,0.0295418,0.109775,0.00792475
nuscenes,scene-0103_028,tz,20,-20,102,0.139841,0.00287256,0.148213,0.00484984
nuscenes,scene-0103_029,baseline,0,0,93,0.216329,0.0191408,0.182085,0.0251544
nuscenes,scene-0103_029,yaw,0.5,0.5,95,0.262896,0.0701452,0.183097,0.0276557
nuscenes,scene-0103_029,yaw,0.5,-0.5,94,0.24621,0.0500596,0.17193,0.0108192
nuscenes,scene-0103_029,yaw,1,1,96,0.245,0.0445004,0.170172,0.0168002
nuscenes,scene-0103_029,yaw,1,-1,94,0.21523,0.021195,0.165706,0.00430447
nuscenes,scene-0103_029,yaw,2,2,93,0.211505,0.0118863,0.168732,0.0143727
nuscenes,scene-0103_029,yaw,2,-2,85,0.240593,0.0169738,0.17133,-0.00613794
nuscenes,scene-0103_029,yaw,3,3,95,0.213154,0.0135385,0.164302,0.00707427
nuscenes,scene-0103_029,yaw,3,-3,88,0.261676,0.00084278,0.187214,0.00145243
nuscenes,scene-0103_029,pitch,0.5,0.5,93,0.221027,0.0222723,0.181675,0.0255046
nuscenes,scene-0103_029,pitch,0.5,-0.5,95,0.22229,0.0252926,0.177502,0.0245505
nuscenes,scene-0103_029,pitch,1,1,93,0.214862,0.0191752,0.177894,0.0236161
nuscenes,scene-0103_029,pitch,1,-1,93,0.204721,0.0182047,0.1692,0.0192772
nuscenes,scene-0103_029,pitch,2,2,95,0.210707,0.0209381,0.16842,0.0154031
nuscenes,scene-0103_029,pitch,2,-2,95,0.168375,0.00267668,0.156545,0.0119738
nuscenes,scene-0103_029,pitch,3,3,93,0.218327,0.0260887,0.172008,0.0158018
nuscenes,scene-0103_029,pitch,3,-3,95,0.188789,0.0289287,0.154209,0.0107894
nuscenes,scene-0103_029,roll,0.5,0.5,94,0.172678,-0.0117263,0.167426,0.0164679
nuscenes,scene-0103_029,roll,0.5,-0.5,94,0.21524,0.0292775,0.170337,0.0189914
nuscenes,scene-0103_029,roll,1,1,94,0.170233,0.000900596,0.163177,0.0142662
nuscenes,scene-0103_029,roll,1,-1,96,0.207409,0.0175481,0.163637,0.0131944
nuscenes,scene-0103_029,roll,2,2,96,0.181476,0.0159998,0.151389,-0.000968799
nuscenes,scene-0103_029,roll,2,-2,93,0.161326,-0.0103681,0.141933,-0.000871673
nuscenes,scene-0103_029,roll,3,3,94,0.153194,-0.0107222,0.138577,-0.0157271
nuscenes,scene-0103_029,roll,3,-3,94,0.160774,-0.0239989,0.13802,-0.00819318
nuscenes,scene-0103_029,tx,10,10,91,0.228474,0.0274593,0.182577,0.0234952
nuscenes,scene-0103_029,tx,10,-10,100,0.213359,0.0146886,0.177448,0.0199504
nuscenes,scene-0103_029,tx,20,20,93,0.24921,0.0569985,0.179951,0.0213217
nuscenes,scene-0103_029,tx,20,-20,99,0.224181,0.017307,0.179212,0.0192687
nuscenes,scene-0103_029,tz,10,10,90,0.205399,0.0071477,0.177762,0.0211294
nuscenes,scene-0103_029,tz,10,-10,94,0.226829,0.0189048,0.179136,0.0236593
nuscenes,scene-0103_029,tz,20,20,193,0.139741,0.017226,0.12249,0.0150876
nuscenes,scene-0103_029,tz,20,-20,95,0.212267,0.0166544,0.169879,0.0180735
nuscenes,scene-0103_030,baseline,0,0,89,0.288343,0.0666158,0.199703,0.0356174
nuscenes,scene-0103_030,yaw,0.5,0.5,91,0.252765,0.0424975,0.194907,0.0365502
nuscenes,scene-0103_030,yaw,0.5,-0.5,87,0.256922,0.0162463,0.175447,0.00718676
nuscenes,scene-0103_030,yaw,1,1,89,0.2439,0.0469362,0.175443,0.0233222
nuscenes,scene-0103_030,yaw,1,-1,88,0.233557,-0.0151778,0.16486,-0.00756934
nuscenes,scene-0103_030,yaw,2,2,91,0.206225,0.00959653,0.172236,0.0116403
nuscenes,scene-0103_030,yaw,2,-2,89,0.198193,-0.02923,0.163163,-0.0107237
nuscenes,scene-0103_030,yaw,3,3,89,0.196592,0.00621676,0.160952,0.000103638
nuscenes,scene-0103_030,yaw,3,-3,89,0.271536,0.0364185,0.179194,0.00966938
nuscenes,scene-0103_030,pitch,0.5,0.5,89,0.293487,0.069299,0.20471,0.038111
nuscenes,scene-0103_030,pitch,0.5,-0.5,88,0.256249,0.0427134,0.192296,0.0297602
nuscenes,scene-0103_030,pitch,1,1,90,0.305363,0.0805127,0.207177,0.0386644
nuscenes,scene-0103_030,pitch,1,-1,90,0.2255,0.0188933,0.180112,0.021321
nuscenes,scene-0103_030,pitch,2,2,90,0.280312,0.0432142,0.204093,0.0295188
nuscenes,scene-0103_030,pitch,2,-2,89,0.220534,0.0222823,0.180552,0.0219157
nuscenes,scene-0103_030,pitch,3,3,91,0.271504,0.0290094,0.203052,0.0264458
nuscenes,scene-0103_030,pitch,3,-3,92,0.208164,0.00414966,0.171029,0.0115216
nuscenes,scene-0103_030,roll,0.5,0.5,88,0.281452,0.0648937,0.200371,0.0381346
nuscenes,scene-0103_030,roll,0.5,-0.5,89,0.266487,0.0472158,0.190794,0.0237243
nuscenes,scene-0103_030,roll,1,1,91,0.240958,0.0252997,0.184863,0.0191456
nuscenes,scene-0103_030,roll,1,-1,88,0.234296,0.0134671,0.181893,0.0137084
nuscenes,scene-0103_030,roll,2,2,87,0.193808,-0.0241446,0.157267,-0.0112388
nuscenes,scene-0103_030,roll,2,-2,87,0.209375,-0.0187925,0.167121,0.00485748
nuscenes,scene-0103_030,roll,3,3,88,0.228432,0.0361438,0.161762,-0.0031101
nuscenes,scene-0103_030,roll,3,-3,89,0.235462,0.0108855,0.166905,0.00443129
nuscenes,scene-0103_030,tx,10,10,90,0.291509,0.062395,0.193348,0.0271711
nuscenes,scene-0103_030,tx,10,-10,95,0.243099,0.0331205,0.196166,0.0367713
nuscenes,scene-0103_030,tx,20,20,90,0.250645,0.0219502,0.178544,0.0121675
nuscenes,scene-0103_030,tx,20,-20,91,0.22164,0.0179046,0.183418,0.0264309
nuscenes,scene-0103_030,tz,10,10,86,0.295289,0.0687213,0.209186,0.0418759
nuscenes,scene-0103_030,tz,10,-10,90,0.259195,0.0365576,0.192994,0.0268198
nuscenes,scene-0103_030,tz,20,20,200,0.164477,0.0374412,0.133839,0.0223884
nuscenes,scene-0103_030,tz,20,-20,90,0.238188,0.0163239,0.186152,0.0209083
nuscenes,scene-0103_031,baseline,0,0,74,0.326217,0.0985676,0.207954,0.0355817
nuscenes,scene-0103_031,yaw,0.5,0.5,73,0.335878,0.105463,0.215438,0.0456672
nuscenes,scene-0103_031,yaw,0.5,-0.5,74,0.318063,0.0573128,0.191745,0.0132483
nuscenes,scene-0103_031,yaw,1,1,76,0.302045,0.084291,0.194904,0.0324136
nuscenes,scene-0103_031,yaw,1,-1,74,0.301234,0.0312136,0.17795,-0.000868872
nuscenes,scene-0103_031,yaw,2,2,74,0.296356,0.0632228,0.194033,0.0215366
nuscenes,scene-0103_031,yaw,2,-2,73,0.23919,-0.0148572,0.180776,0.00325653
nuscenes,scene-0103_031,yaw,3,3,74,0.215298,-0.0432714,0.163835,-0.0145549
nuscenes,scene-0103_031,yaw,3,-3,74,0.201457,-0.0465745,0.176069,0.00162721
nuscenes,scene-0103_031,pitch,0.5,0.5,74,0.29719,0.0756108,0.212255,0.0373241
nuscenes,scene-0103_031,pitch,0.5,-0.5,74,0.292693,0.0577383,0.199547,0.0305143
nuscenes,scene-0103_031,pitch,1,1,75,0.273252,0.0384743,0.204049,0.0296107
nuscenes,scene-0103_031,pitch,1,-1,76,0.263051,0.0325379,0.188527,0.0220242
nuscenes,scene-0103_031,pitch,2,2,73,0.265383,0.0360311,0.194438,0.019298
nuscenes,scene-0103_031,pitch,2,-2,75,0.238594,0.0469704,0.170956,0.0152107
nuscenes,scene-0103_031,pitch,3,3,74,0.303039,0.0438392,0.196457,0.0182859
nuscenes,scene-0103_031,pitch,3,-3,75,0.241907,0.0765731,0.16191,0.0119894
nuscenes,scene-0103_031,roll,0.5,0.5,76,0.260782,0.044852,0.189831,0.0204111
nuscenes,scene-0103_031,roll,0.5,-0.5,74,0.294788,0.050573,0.202895,0.031227
nuscenes,scene-0103_031,roll,1,1,77,0.22592,0.0175724,0.175396,0.0118232
nuscenes,scene-0103_031,roll,1,-1,73,0.277484,0.0540181,0.182063,0.0150637
nuscenes,scene-0103_031,roll,2,2,76,0.189493,0.0224095,0.151109,0.00221078
nuscenes,scene-0103_031,roll,2,-2,71,0.32303,0.059874,0.19596,0.012111
nuscenes,scene-0103_031,roll,3,3,77,0.166248,-0.0268386,0.148801,-0.0100322
nuscenes,scene-0103_031,roll,3,-3,70,0.309665,0.0475843,0.186902,0.0141713
nuscenes,scene-0103_031,tx,10,10,77,0.299976,0.0755232,0.189298,0.0197168
nuscenes,scene-0103_031,tx,10,-10,74,0.339208,0.111952,0.211544,0.0412723
nuscenes,scene-0103_031,tx,20,20,74,0.295131,0.0609203,0.182799,0.0118915
nuscenes,scene-0103_031,tx,20,-20,78,0.326956,0.0947435,0.205472,0.0344311
nuscenes,scene-0103_031,tz,10,10,96,0.2821,0.0526219,0.20115,0.0301643
nuscenes,scene-0103_031,tz,10,-10,68,0.282027,0.0690348,0.190101,0.0268898
nuscenes,scene-0103_031,tz,20,20,193,0.170044,0.0309418,0.126395,0.0129004
nuscenes,scene-0103_031,tz,20,-20,69,0.272235,0.0365123,0.18623,0.0202321
nuscenes,scene-0103_032,baseline,0,0,71,0.249381,0.0523091,0.180995,0.0133565
nuscenes,scene-0103_032,yaw,0.5,0.5,70,0.237155,0.0315297,0.177769,0.015408
nuscenes,scene-0103_032,yaw,0.5,-0.5,66,0.241864,0.0396804,0.167352,0.00561586
nuscenes,scene-0103_032,yaw,1,1,73,0.243207,0.0415175,0.179625,0.0199168
nuscenes,scene-0103_032,yaw,1,-1,67,0.22179,0.0260913,0.16063,0.00775331
nuscenes,scene-0103_032,yaw,2,2,74,0.269003,0.0254538,0.193973,0.0283539
nuscenes,scene-0103_032,yaw,2,-2,66,0.194966,-0.0127521,0.175316,0.018434
nuscenes,scene-0103_032,yaw,3,3,74,0.252582,0.0508031,0.192782,0.0363685
nuscenes,scene-0103_032,yaw,3,-3,63,0.260539,0.0664266,0.171606,0.0227106
nuscenes,scene-0103_032,pitch,0.5,0.5,71,0.255224,0.052352,0.17942,0.0120553
nuscenes,scene-0103_032,pitch,0.5,-0.5,69,0.262344,0.0435155,0.1805,0.0163828
nuscenes,scene-0103_032,pitch,1,1,68,0.251339,0.0405321,0.182475,0.0157193
nuscenes,scene-0103_032,pitch,1,-1,69,0.23575,0.0343427,0.181127,0.0230496
nuscenes,scene-0103_032,pitch,2,2,67,0.30753,0.0644284,0.209485,0.0295863
nuscenes,scene-0103_032,pitch,2,-2,70,0.268312,0.083075,0.187901,0.0391423
nuscenes,scene-0103_032,pitch,3,3,69,0.266108,0.00102547,0.201834,0.0157563
nuscenes,scene-0103_032,pitch,3,-3,71,0.233299,0.0414549,0.176945,0.026733
nuscenes,scene-0103_032,roll,0.5,0.5,68,0.26421,0.0593777,0.190215,0.0284116
nuscenes,scene-0103_032,roll,0.5,-0.5,71,0.275482,0.0547534,0.1906,0.0191728
nuscenes,scene-0103_032,roll,1,1,70,0.280469,0.0678914,0.187074,0.0234714
nuscenes,scene-0103_032,roll,1,-1,69,0.283812,0.0640115,0.196343,0.0324729
nuscenes,scene-0103_032,roll,2,2,68,0.208949,0.0244468,0.153519,-0.000633806
nuscenes,scene-0103_032,roll,2,-2,68,0.191266,-0.00758184,0.163606,0.00693978
nuscenes,scene-0103_032,roll,3,3,67,0.156317,-0.0218505,0.161883,0.00763181
nuscenes,scene-0103_032,roll,3,-3,67,0.198547,-0.0158878,0.17056,0.0177453
nuscenes,scene-0103_032,tx,10,10,67,0.228788,0.0218981,0.171401,0.00477295
nuscenes,scene-0103_032,tx,10,-10,77,0.229108,0.0392991,0.170866,0.0123329
nuscenes,scene-0103_032,tx,20,20,70,0.232987,0.0272048,0.169752,0.00885966
nuscenes,scene-0103_032,tx,20,-20,87,0.213836,0.0328976,0.163474,0.009615
nuscenes,scene-0103_032,tz,10,10,69,0.31315,0.0922296,0.191207,0.0245856
nuscenes,scene-0103_032,tz,10,-10,68,0.224665,0.0148406,0.180609,0.0100691
nuscenes,scene-0103_032,tz,20,20,174,0.180208,0.0508309,0.128355,0.0226619
nuscenes,scene-0103_032,tz,20,-20,66,0.24892,0.0217528,0.187426,0.0164967
nuscenes,scene-0103_033,baseline,0,0,61,0.330305,0.111658,0.196639,0.0277848
nuscenes,scene-0103_033,yaw,0.5,0.5,63,0.322887,0.103646,0.209806,0.0433322
nuscenes,scene-0103_033,yaw,0.5,-0.5,58,0.3049,0.077658,0.188166,0.0163892
nuscenes,scene-0103_033,yaw,1,1,60,0.266321,0.0443179,0.199275,0.035218
nuscenes,scene-0103_033,yaw,1,-1,58,0.271881,0.0149978,0.180454,0.0015281
nuscenes,scene-0103_033,yaw,2,2,61,0.270262,0.0304611,0.189854,0.0281909
nuscenes,scene-0103_033,yaw,2,-2,64,0.282475,0.0230918,0.195898,0.0175409
nuscenes,scene-0103_033,yaw,3,3,60,0.256293,-0.000448346,0.184899,0.0162618
nuscenes,scene-0103_033,yaw,3,-3,62,0.247588,0.0172109,0.175942,0.00895476
nuscenes,scene-0103_033,pitch,0.5,0.5,59,0.267402,0.0665185,0.19318,0.0273199
nuscenes,scene-0103_033,pitch,0.5,-0.5,60,0.322384,0.0840424,0.198362,0.0267382
nuscenes,scene-0103_033,pitch,1,1,60,0.268084,0.0443031,0.196606,0.0231773
nuscenes,scene-0103_033,pitch,1,-1,61,0.302234,0.0543528,0.201116,0.026447
nuscenes,scene-0103_033,pitch,2,2,58,0.314272,0.0750286,0.214508,0.0398633
nuscenes,scene-0103_033,pitch,2,-2,63,0.286898,0.0391776,0.207052,0.0284552
nuscenes,scene-0103_033,pitch,3,3,59,0.289278,0.0366453,0.208185,0.0344147
nuscenes,scene-0103_033,pitch,3,-3,64,0.284855,0.0600048,0.182923,0.0149422
nuscenes,scene-0103_033,roll,0.5,0.5,61,0.266958,0.0499215,0.195035,0.0242517
nuscenes,scene-0103_033,roll,0.5,-0.5,61,0.287376,0.0465607,0.202114,0.0277067
nuscenes,scene-0103_033,roll,1,1,61,0.264509,0.0496683,0.191793,0.023829
nuscenes,scene-0103_033,roll,1,-1,61,0.293886,0.0297773,0.210982,0.0275878
nuscenes,scene-0103_033,roll,2,2,65,0.188909,0.00532076,0.14784,-0.000777036
nuscenes,scene-0103_033,roll,2,-2,60,0.231147,-0.00342011,0.168898,-0.00129624
nuscenes,scene-0103_033,roll,3,3,64,0.174027,-0.0136907,0.151653,-0.00501236
nuscenes,scene-0103_033,roll,3,-3,60,0.192585,-0.0349967,0.157045,0.000120133
nuscenes,scene-0103_033,tx,10,10,57,0.327349,0.100244,0.195014,0.0240547
nuscenes,scene-0103_033,tx,10,-10,62,0.302385,0.0926997,0.189509,0.0250511
nuscenes,scene-0103_033,tx,20,20,54,0.337134,0.105446,0.191683,0.0176458
nuscenes,scene-0103_033,tx,20,-20,60,0.325312,0.105912,0.201512,0.0360545
nuscenes,scene-0103_033,tz,10,10,65,0.292721,0.0921673,0.19204,0.0281897
nuscenes,scene-0103_033,tz,10,-10,58,0.255746,0.0277387,0.195399,0.0241156
nuscenes,scene-0103_033,tz,20,20,165,0.152255,0.0317238,0.110509,0.0129275
nuscenes,scene-0103_033,tz,20,-20,58,0.259899,0.0113214,0.202907,0.0249811
nuscenes,scene-0103_034,baseline,0,0,49,0.26784,0.0696531,0.163798,0.0170054
nuscenes,scene-0103_034,yaw,0.5,0.5,47,0.263427,0.0510388,0.16923,0.0249111
nuscenes,scene-0103_034,yaw,0.5,-0.5,46,0.246206,0.0370656,0.168374,0.0167198
nuscenes,scene-0103_034,yaw,1,1,49,0.297381,0.0857562,0.168839,0.0249682
nuscenes,scene-0103_034,yaw,1,-1,48,0.258163,0.0240048,0.17637,0.0219603
nuscenes,scene-0103_034,yaw,2,2,57,0.22521,0.000895545,0.17113,0.0164877
nuscenes,scene-0103_034,yaw,2,-2,43,0.224103,-0.0318248,0.149712,-0.0135183
nuscenes,scene-0103_034,yaw,3,3,53,0.266563,0.0338317,0.171958,0.0197733
nuscenes,scene-0103_034,yaw,3,-3,43,0.177166,-0.0313506,0.139244,-0.00354302
nuscenes,scene-0103_034,pitch,0.5,0.5,49,0.305907,0.0895141,0.170634,0.0187522
nuscenes,scene-0103_034,pitch,0.5,-0.5,47,0.272622,0.073983,0.16958,0.020949
nuscenes,scene-0103_034,pitch,1,1,44,0.27539,0.0449826,0.182074,0.0218607
nuscenes,scene-0103_034,pitch,1,-1,45,0.313637,0.0997711,0.180141,0.0254113
nuscenes,scene-0103_034,pitch,2,2,47,0.268487,0.0378775,0.177772,0.0158688
nuscenes,scene-0103_034,pitch,2,-2,48,0.275742,0.0670786,0.182823,0.0277899
nuscenes,scene-0103_034,pitch,3,3,46,0.309532,0.0631205,0.187098,0.0241475
nuscenes,scene-0103_034,pitch,3,-3,48,0.21413,0.019958,0.14417,-0.000913739
nuscenes,scene-0103_034,roll,0.5,0.5,48,0.300104,0.080613,0.193612,0.0354349
nuscenes,scene-0103_034,roll,0.5,-0.5,45,0.250338,0.0515156,0.163925,0.0107297
nuscenes,scene-0103_034,roll,1,1,49,0.298844,0.0566602,0.198869,0.0321318
nuscenes,scene-0103_034,roll,1,-1,44,0.234269,0.0278693,0.161697,0.0157535
nuscenes,scene-0103_034,roll,2,2,49,0.14249,-0.0258545,0.123997,-0.0122469
nuscenes,scene-0103_034,roll,2,-2,43,0.196042,-0.0354538,0.134876,-0.00967689
nuscenes,scene-0103_034,roll,3,3,50,0.171405,-0.00502217,0.137512,-0.0065016
nuscenes,scene-0103_034,roll,3,-3,42,0.153921,-0.0654656,0.121206,-0.0244003
nuscenes,scene-0103_034,tx,10,10,51,0.243215,0.0387989,0.159853,0.0124669
nuscenes,scene-0103_034,tx,10,-10,55,0.265269,0.0480798,0.171514,0.0256346
nuscenes,scene-0103_034,tx,20,20,52,0.22893,0.0209246,0.161654,0.0118674
nuscenes,scene-0103_034,tx,20,-20,58,0.245313,0.0446541,0.164165,0.0240521
nuscenes,scene-0103_034,tz,10,10,51,0.332011,0.114756,0.195473,0.0368053
nuscenes,scene-0103_034,tz,10,-10,44,0.205127,0.00550878,0.152591,0.00371562
nuscenes,scene-0103_034,tz,20,20,160,0.183812,0.057074,0.121101,0.0214399
nuscenes,scene-0103_034,tz,20,-20,43,0.219369,0.016571,0.155344,0.00142521
nuscenes,scene-0103_035,baseline,0,0,43,0.307609,0.104445,0.171167,0.0233583
nuscenes,scene-0103_035,yaw,0.5,0.5,46,0.345908,0.133439,0.178701,0.0308825
nuscenes,scene-0103_035,yaw,0.5,-0.5,41,0.345445,0.128501,0.175029,0.0198636
nuscenes,scene-0103_035,yaw,1,1,43,0.256698,0.0400063,0.164933,0.0147223
nuscenes,scene-0103_035,yaw,1,-1,43,0.344215,0.139821,0.173671,0.0193525
nuscenes,scene-0103_035,yaw,2,2,45,0.257149,0.00764859,0.16997,0.0125865
nuscenes,scene-0103_035,yaw,2,-2,41,0.271285,0.0740751,0.169604,0.0278519
nuscenes,scene-0103_035,yaw,3,3,47,0.23685,-0.00330661,0.163104,0.00443399
nuscenes,scene-0103_035,yaw,3,-3,39,0.214066,-0.0058997,0.157243,0.0114835
nuscenes,scene-0103_035,pitch,0.5,0.5,43,0.275517,0.0827456,0.162999,0.015661
nuscenes,scene-0103_035,pitch,0.5,-0.5,42,0.262339,0.0606055,0.162749,0.0132952
nuscenes,scene-0103_035,pitch,1,1,43,0.238636,0.0448829,0.156501,0.01107
nuscenes,scene-0103_035,pitch,1,-1,44,0.225853,0.0241206,0.155632,0.00754312
nuscenes,scene-0103_035,pitch,2,2,42,0.28188,0.0580622,0.176185,0.0231832
nuscenes,scene-0103_035,pitch,2,-2,44,0.201151,0.00233383,0.131443,-0.0109924
nuscenes,scene-0103_035,pitch,3,3,40,0.324381,0.104574,0.182632,0.0216158
nuscenes,scene-0103_035,pitch,3,-3,45,0.138775,-0.0751266,0.113091,-0.0273848
nuscenes,scene-0103_035,roll,0.5,0.5,41,0.211733,-0.00268339,0.14794,-0.00352654
nuscenes,scene-0103_035,roll,0.5,-0.5,40,0.229002,0.0256785,0.162811,0.0144689
nuscenes,scene-0103_035,roll,1,1,44,0.176467,-0.00512831,0.135251,-0.00347324
nuscenes,scene-0103_035,roll,1,-1,39,0.248776,0.012539,0.160647,0.00224116
nuscenes,scene-0103_035,roll,2,2,45,0.118087,-0.06921,0.128571,-0.0154038
nuscenes,scene-0103_035,roll,2,-2,38,0.255187,0.0581699,0.139491,-0.0023482
nuscenes,scene-0103_035,roll,3,3,46,0.141971,-0.0611355,0.127649,-0.0179709
nuscenes,scene-0103_035,roll,3,-3,38,0.239573,0.0442536,0.137289,0.000784993
nuscenes,scene-0103_035,tx,10,10,47,0.310344,0.121414,0.16179,0.0141272
nuscenes,scene-0103_035,tx,10,-10,44,0.344498,0.137899,0.185575,0.0358064
nuscenes,scene-0103_035,tx,20,20,45,0.309291,0.091376,0.154862,0.000861332
nuscenes,scene-0103_035,tx,20,-20,44,0.321725,0.129596,0.187939,0.0429449
nuscenes,scene-0103_035,tz,10,10,64,0.270641,0.0495607,0.179211,0.0213222
nuscenes,scene-0103_035,tz,10,-10,38,0.23387,0.0426763,0.153303,0.00972967
nuscenes,scene-0103_035,tz,20,20,178,0.16847,0.0423824,0.115883,0.0107661
nuscenes,scene-0103_035,tz,20,-20,38,0.223322,0.0495681,0.153875,0.0114339
nuscenes,scene-0103_036,baseline,0,0,74,0.282585,0.0265126,0.178482,0.022116
nuscenes,scene-0103_036,yaw,0.5,0.5,75,0.292908,0.0447513,0.176337,0.0204182
nuscenes,scene-0103_036,yaw,0.5,-0.5,73,0.29672,0.0668644,0.174432,0.0189808
nuscenes,scene-0103_036,yaw,1,1,75,0.28401,0.0388625,0.176445,0.0203942
nuscenes,scene-0103_036,yaw,1,-1,69,0.269724,0.0319021,0.169221,0.0112786
nuscenes,scene-0103_036,yaw,2,2,72,0.309637,0.0437956,0.182139,0.0228091
nuscenes,scene-0103_036,yaw,2,-2,60,0.265294,0.0429193,0.176729,0.0241689
nuscenes,scene-0103_036,yaw,3,3,79,0.295957,0.0484064,0.168556,0.0190614
nuscenes,scene-0103_036,yaw,3,-3,61,0.2096,0.000715241,0.149252,0.00413665
nuscenes,scene-0103_036,pitch,0.5,0.5,73,0.25388,0.0280558,0.17495,0.0237352
nuscenes,scene-0103_036,pitch,0.5,-0.5,75,0.243469,-0.00613467,0.163303,0.00679497
nuscenes,scene-0103_036,pitch,1,1,72,0.232073,0.022619,0.162178,0.0179129
nuscenes,scene-0103_036,pitch,1,-1,75,0.219491,-0.0100332,0.149162,-0.00237656
nuscenes,scene-0103_036,pitch,2,2,73,0.235519,0.0101037,0.158612,0.0104991
nuscenes,scene-0103_036,pitch,2,-2,73,0.17997,-0.0545748,0.139766,-0.0131302
nuscenes,scene-0103_036,pitch,3,3,73,0.265736,0.0282105,0.151927,0.00299224
nuscenes,scene-0103_036,pitch,3,-3,72,0.189961,-0.037818,0.142581,-0.0127312
nuscenes,scene-0103_036,roll,0.5,0.5,74,0.192089,-0.0311161,0.149508,0.00253476
nuscenes,scene-0103_036,roll,0.5,-0.5,71,0.240731,-0.00889693,0.162742,0.00226013
nuscenes,scene-0103_036,roll,1,1,74,0.202254,0.00666392,0.145609,0.00369
nuscenes,scene-0103_036,roll,1,-1,77,0.227282,-0.0227102,0.138036,-0.0155869
nuscenes,scene-0103_036,roll,2,2,74,0.174508,0.0182163,0.124096,-0.00370777
nuscenes,scene-0103_036,roll,2,-2,74,0.282247,0.038628,0.16973,0.0162597
nuscenes,scene-0103_036,roll,3,3,72,0.182229,-0.00324664,0.129635,-0.00794131
nuscenes,scene-0103_036,roll,3,-3,70,0.258286,0.0134982,0.156515,0.00691412
nuscenes,scene-0103_036,tx,10,10,72,0.262117,0.00785533,0.167267,0.00408353
nuscenes,scene-0103_036,tx,10,-10,74,0.290961,0.0308125,0.17638,0.0213463
nuscenes,scene-0103_036,tx,20,20,74,0.260343,0.0240229,0.161632,0.00205068
nuscenes,scene-0103_036,tx,20,-20,76,0.289435,0.0336416,0.174962,0.0194179
nuscenes,scene-0103_036,tz,10,10,77,0.24843,0.0209351,0.166779,0.0160068
nuscenes,scene-0103_036,tz,10,-10,64,0.186556,-0.0626231,0.154022,-0.0037041
nuscenes,scene-0103_036,tz,20,20,180,0.152558,0.0168441,0.110341,0.00982649
nuscenes,scene-0103_036,tz,20,-20,65,0.181368,-0.0574479,0.145312,-0.0111807
nuscenes,scene-0103_037,baseline,0,0,81,0.324121,0.0732101,0.195449,0.0221161
nuscenes,scene-0103_037,yaw,0.5,0.5,80,0.363777,0.116542,0.209378,0.0372716
nuscenes,scene-0103_037,yaw,0.5,-0.5,79,0.302536,0.0385409,0.186731,0.0159888
nuscenes,scene-0103_037,yaw,1,1,81,0.337778,0.0868413,0.204979,0.0374323
nuscenes,scene-0103_037,yaw,1,-1,77,0.280714,0.0055922,0.173267,-0.00186002
nuscenes,scene-0103_037,yaw,2,2,83,0.353252,0.132717,0.193595,0.0340176
nuscenes,scene-0103_037,yaw,2,-2,74,0.297251,0.0630838,0.175082,0.00689696
nuscenes,scene-0103_037,yaw,3,3,88,0.28659,0.0505548,0.200061,0.0382248
nuscenes,scene-0103_037,yaw,3,-3,70,0.309689,0.0754323,0.196373,0.0359661
nuscenes,scene-0103_037,pitch,0.5,0.5,78,0.34645,0.085013,0.19749,0.0239352
nuscenes,scene-0103_037,pitch,0.5,-0.5,78,0.300856,0.0363757,0.185272,0.0144833
nuscenes,scene-0103_037,pitch,1,1,80,0.351909,0.0861906,0.192474,0.0191013
nuscenes,scene-0103_037,pitch,1,-1,80,0.240023,-0.00764164,0.169576,0.00218064
nuscenes,scene-0103_037,pitch,2,2,80,0.370025,0.0893472,0.19094,0.0164237
nuscenes,scene-0103_037,pitch,2,-2,79,0.173973,-0.0523815,0.151615,-0.0063408
nuscenes,scene-0103_037,pitch,3,3,77,0.278897,0.0190091,0.185207,0.0158504
nuscenes,scene-0103_037,pitch,3,-3,79,0.183518,-0.00752331,0.147831,-0.00508109
nuscenes,scene-0103_037,roll,0.5,0.5,79,0.245072,-0.00372902,0.163973,-0.00976239
nuscenes,scene-0103_037,roll,0.5,-0.5,78,0.300435,0.0281285,0.186079,0.021905
nuscenes,scene-0103_037,roll,1,1,81,0.188902,-0.0327929,0.139575,-0.0229947
nuscenes,scene-0103_037,roll,1,-1,75,0.306421,0.0483069,0.186213,0.0254367
nuscenes,scene-0103_037,roll,2,2,82,0.139608,-0.0697091,0.132735,-0.0291802
nuscenes,scene-0103_037,roll,2,-2,68,0.32419,0.105254,0.195614,0.0459288
nuscenes,scene-0103_037,roll,3,3,82,0.108734,-0.0754633,0.128144,-0.0229828
nuscenes,scene-0103_037,roll,3,-3,61,0.261756,0.0257904,0.167448,0.0198236
nuscenes,scene-0103_037,tx,10,10,75,0.314942,0.0597224,0.185724,0.0132492
nuscenes,scene-0103_037,tx,10,-10,77,0.345984,0.0971059,0.20203,0.0295755
nuscenes,scene-0103_037,tx,20,20,72,0.29714,0.0324841,0.180061,0.00745541
nuscenes,scene-0103_037,tx,20,-20,84,0.341504,0.102139,0.209051,0.0355023
nuscenes,scene-0103_037,tz,10,10,84,0.316837,0.0647404,0.19107,0.0178224
nuscenes,scene-0103_037,tz,10,-10,63,0.276413,0.0376053,0.177324,0.0127592
nuscenes,scene-0103_037,tz,20,20,186,0.167028,0.0221492,0.111009,0.00225206
nuscenes,scene-0103_037,tz,20,-20,57,0.245472,0.0221732,0.155429,0.00386733
nuscenes,scene-0103_038,baseline,0,0,94,0.275676,0.0921091,0.204474,0.0445297
nuscenes,scene-0103_038,yaw,0.5,0.5,95,0.290083,0.0883503,0.208684,0.0411623
nuscenes,scene-0103_038,yaw,0.5,-0.5,96,0.292276,0.10986,0.210972,0.0464163
nuscenes,scene-0103_038,yaw,1,1,92,0.255964,0.0495203,0.203737,0.0338219
nuscenes,scene-0103_038,yaw,1,-1,90,0.26087,0.0626918,0.204587,0.0356196
nuscenes,scene-0103_038,yaw,2,2,93,0.239552,0.0242926,0.194087,0.0224775
nuscenes,scene-0103_038,yaw,2,-2,82,0.242742,0.0258805,0.208149,0.0339357
nuscenes,scene-0103_038,yaw,3,3,93,0.216987,0.0111207,0.173921,0.000251442
nuscenes,scene-0103_038,yaw,3,-3,80,0.222718,0.00813381,0.206643,0.0327695
nuscenes,scene-0103_038,pitch,0.5,0.5,96,0.281985,0.0886041,0.207592,0.0446702
nuscenes,scene-0103_038,pitch,0.5,-0.5,100,0.292555,0.103172,0.203271,0.0407758
nuscenes,scene-0103_038,pitch,1,1,94,0.281032,0.086228,0.206277,0.0449633
nuscenes,scene-0103_038,pitch,1,-1,96,0.257178,0.0771327,0.190279,0.0350238
nuscenes,scene-0103_038,pitch,2,2,95,0.246674,0.0443541,0.190383,0.0249911
nuscenes,scene-0103_038,pitch,2,-2,98,0.20979,0.0365019,0.171719,0.0193631
nuscenes,scene-0103_038,pitch,3,3,97,0.190761,6.96778e-05,0.173727,0.0113034
nuscenes,scene-0103_038,pitch,3,-3,100,0.200282,0.00455752,0.165634,0.00655924
nuscenes,scene-0103_038,roll,0.5,0.5,96,0.2387,0.04897,0.19417,0.0313194
nuscenes,scene-0103_038,roll,0.5,-0.5,91,0.269215,0.0980178,0.194043,0.041801
nuscenes,scene-0103_038,roll,1,1,99,0.201545,-0.00271249,0.165694,0.00111979
nuscenes,scene-0103_038,roll,1,-1,84,0.230705,0.0687508,0.17892,0.0291005
nuscenes,scene-0103_038,roll,2,2,99,0.0913601,-0.0690397,0.135596,-0.0170659
nuscenes,scene-0103_038,roll,2,-2,84,0.28428,0.0711442,0.194508,0.0355031
nuscenes,scene-0103_038,roll,3,3,98,0.109765,-0.0416157,0.121916,-0.0293773
nuscenes,scene-0103_038,roll,3,-3,91,0.217141,0.0182948,0.153004,0.00370736
nuscenes,scene-0103_038,tx,10,10,100,0.286726,0.101986,0.208571,0.0465487
nuscenes,scene-0103_038,tx,10,-10,88,0.277936,0.082969,0.198674,0.0341645
nuscenes,scene-0103_038,tx,20,20,102,0.278834,0.0907748,0.203155,0.0416116
nuscenes,scene-0103_038,tx,20,-20,80,0.290721,0.0767396,0.202017,0.0339802
nuscenes,scene-0103_038,tz,10,10,106,0.27327,0.0786558,0.20305,0.0386614
nuscenes,scene-0103_038,tz,10,-10,90,0.208102,0.032793,0.176717,0.0267997
nuscenes,scene-0103_038,tz,20,20,216,0.156832,0.0240358,0.13243,0.0150919
nuscenes,scene-0103_038,tz,20,-20,73,0.21418,0.0365929,0.176887,0.02572
nuscenes,scene-0103_039,baseline,0,0,55,0.252568,0.050295,0.184646,0.0263501
nuscenes,scene-0103_039,yaw,0.5,0.5,58,0.279425,0.0569355,0.190541,0.0233158
nuscenes,scene-0103_039,yaw,0.5,-0.5,59,0.220837,0.0408929,0.168121,0.0189379
nuscenes,scene-0103_039,yaw,1,1,58,0.251,0.0478342,0.173808,0.00710212
nuscenes,scene-0103_039,yaw,1,-1,65,0.233965,0.0740595,0.167313,0.0227555
nuscenes,scene-0103_039,yaw,2,2,59,0.215412,-0.00199397,0.171769,0.00296904
nuscenes,scene-0103_039,yaw,2,-2,63,0.193898,0.0313682,0.14929,0.00469388
nuscenes,scene-0103_039,yaw,3,3,59,0.235229,0.0289936,0.168831,-0.00236292
nuscenes,scene-0103_039,yaw,3,-3,61,0.158926,-0.00738218,0.154601,0.00813428
nuscenes,scene-0103_039,pitch,0.5,0.5,55,0.252836,0.0493208,0.189759,0.0285833
nuscenes,scene-0103_039,pitch,0.5,-0.5,56,0.194016,-0.00415942,0.173224,0.0175599
nuscenes,scene-0103_039,pitch,1,1,57,0.28083,0.0748151,0.192798,0.0273613
nuscenes,scene-0103_039,pitch,1,-1,57,0.189433,-0.0141093,0.169128,0.0105438
nuscenes,scene-0103_039,pitch,2,2,55,0.212371,0.0392128,0.176033,0.0203786
nuscenes,scene-0103_039,pitch,2,-2,56,0.18573,-0.0259028,0.162304,-0.00298402
nuscenes,scene-0103_039,pitch,3,3,57,0.176118,0.0143682,0.161758,0.00960049
nuscenes,scene-0103_039,pitch,3,-3,56,0.172403,-0.0334743,0.159039,-0.0034305
nuscenes,scene-0103_039,roll,0.5,0.5,55,0.122238,-0.073783,0.148905,-0.00878549
nuscenes,scene-0103_039,roll,0.5,-0.5,55,0.262296,0.0706515,0.197606,0.0359683
nuscenes,scene-0103_039,roll,1,1,55,0.136558,-0.0747703,0.142959,-0.021414
nuscenes,scene-0103_039,roll,1,-1,55,0.265288,0.0761554,0.185307,0.0272138
nuscenes,scene-0103_039,roll,2,2,54,0.11074,-0.0842856,0.132385,-0.0336887
nuscenes,scene-0103_039,roll,2,-2,56,0.251089,0.061484,0.186132,0.0376178
nuscenes,scene-0103_039,roll,3,3,53,0.211963,0.0063778,0.160619,-0.00646438
nuscenes,scene-0103_039,roll,3,-3,56,0.203864,0.00152433,0.159506,0.0102305
nuscenes,scene-0103_039,tx,10,10,61,0.234159,0.0470818,0.171191,0.021513
nuscenes,scene-0103_039,tx,10,-10,59,0.232907,0.0319486,0.179412,0.0180826
nuscenes,scene-0103_039,tx,20,20,63,0.239289,0.0615546,0.169388,0.0211199
nuscenes,scene-0103_039,tx,20,-20,56,0.263533,0.0519508,0.188438,0.0217183
nuscenes,scene-0103_039,tz,10,10,56,0.18647,-0.00864947,0.174951,0.0168234
nuscenes,scene-0103_039,tz,10,-10,56,0.278286,0.0821119,0.191366,0.0317161
nuscenes,scene-0103_039,tz,20,20,168,0.115518,0.00479268,0.0975727,0.00434314
nuscenes,scene-0103_039,tz,20,-20,56,0.272951,0.0780974,0.193162,0.0311715
nuscenes,scene-1094_000,baseline,0,0,185,0.3092,-0.0366135,0.167202,-0.0103807
nuscenes,scene-1094_000,yaw,0.5,0.5,188,0.301464,-0.0370843,0.166794,-0.00938684
nuscenes,scene-1094_000,yaw,0.5,-0.5,192,0.278808,-0.0505157,0.161361,-0.0152269
nuscenes,scene-1094_000,yaw,1,1,190,0.286214,-0.0365041,0.1593,-0.0155629
nuscenes,scene-1094_000,yaw,1,-1,193,0.287538,-0.0340378,0.16114,-0.0107938
nuscenes,scene-1094_000,yaw,2,2,189,0.314405,0.0119136,0.171174,-0.000112012
nuscenes,scene-1094_000,yaw,2,-2,197,0.348347,0.00139216,0.180537,0.00326389
nuscenes,scene-1094_000,yaw,3,3,188,0.373814,0.054713,0.181625,0.00616938
nuscenes,scene-1094_000,yaw,3,-3,198,0.393411,0.036072,0.190314,0.0106072
nuscenes,scene-1094_000,pitch,0.5,0.5,188,0.326408,-0.0154047,0.171787,-0.00454885
nuscenes,scene-1094_000,pitch,0.5,-0.5,185,0.304211,-0.0358634,0.165427,-0.0111222
nuscenes,scene-1094_000,pitch,1,1,189,0.326242,-0.00956419,0.172653,-0.00336361
nuscenes,scene-1094_000,pitch,1,-1,185,0.308501,-0.0245971,0.163259,-0.0128274
nuscenes,scene-1094_000,pitch,2,2,190,0.336597,-0.00304729,0.17366,-0.00297482
nuscenes,scene-1094_000,pitch,2,-2,182,0.296328,-0.0218921,0.160503,-0.0146406
nuscenes,scene-1094_000,pitch,3,3,189,0.337186,0.00368512,0.175714,-0.00134143
nuscenes,scene-1094_000,pitch,3,-3,178,0.27376,-0.045862,0.157583,-0.0166532
nuscenes,scene-1094_000,roll,0.5,0.5,190,0.35426,0.00642723,0.179146,-0.000555441
nuscenes,scene-1094_000,roll,0.5,-0.5,178,0.236776,-0.0739937,0.150071,-0.0220705
nuscenes,scene-1094_000,roll,1,1,199,0.347117,0.014958,0.180123,-0.000503734
nuscenes,scene-1094_000,roll,1,-1,169,0.206989,-0.10074,0.139186,-0.0286755
nuscenes,scene-1094_000,roll,2,2,203,0.431181,0.11129,0.207056,0.0329977
nuscenes,scene-1094_000,roll,2,-2,157,0.302639,-0.00874165,0.161909,-0.000968799
nuscenes,scene-1094_000,roll,3,3,207,0.38589,0.0662112,0.197167,0.0179406
nuscenes,scene-1094_000,roll,3,-3,130,0.257258,-0.0103251,0.150585,0.00540902
nuscenes,scene-1094_000,tx,10,10,178,0.332257,-0.0129488,0.169556,-0.0114498
nuscenes,scene-1094_000,tx,10,-10,194,0.288995,-0.0295013,0.165223,-0.00714767
nuscenes,scene-1094_000,tx,20,20,174,0.380255,-0.00358644,0.178906,-0.00856197
nuscenes,scene-1094_000,tx,20,-20,212,0.295527,-0.00528559,0.166047,-0.003738
nuscenes,scene-1094_000,tz,10,10,163,0.390965,0.0360095,0.191137,0.00746852
nuscenes,scene-1094_000,tz,10,-10,129,0.343867,-0.0229604,0.180387,-0.00466578
nuscenes,scene-1094_000,tz,20,20,316,0.309194,0.0566829,0.166697,0.011385
nuscenes,scene-1094_000,tz,20,-20,140,0.265616,0.0050478,0.158907,0.00372384
nuscenes,scene-1094_001,baseline,0,0,190,0.387946,0.0172109,0.200439,0.0124201
nuscenes,scene-1094_001,yaw,0.5,0.5,190,0.388786,0.0241165,0.201624,0.0143584
nuscenes,scene-1094_001,yaw,0.5,-0.5,188,0.371374,-0.0043523,0.191812,0.00367543
nuscenes,scene-1094_001,yaw,1,1,184,0.381903,0.022807,0.188709,0.000109106
nuscenes,scene-1094_001,yaw,1,-1,189,0.346411,-0.0333183,0.1831,-0.00453374
nuscenes,scene-1094_001,yaw,2,2,172,0.38008,0.0256886,0.188757,0.0040835
nuscenes,scene-1094_001,yaw,2,-2,191,0.381846,0.0101644,0.194067,0.0076426
nuscenes,scene-1094_001,yaw,3,3,168,0.369871,-0.00804469,0.190052,-0.000669733
nuscenes,scene-1094_001,yaw,3,-3,190,0.387916,0.0224958,0.19457,0.00978342
nuscenes,scene-1094_001,pitch,0.5,0.5,190,0.394166,0.0296274,0.200675,0.0120305
nuscenes,scene-1094_001,pitch,0.5,-0.5,190,0.395738,0.0316382,0.199749,0.0132223
nuscenes,scene-1094_001,pitch,1,1,194,0.412413,0.0397091,0.201819,0.0118255
nuscenes,scene-1094_001,pitch,1,-1,188,0.397108,0.0281478,0.198063,0.0127445
nuscenes,scene-1094_001,pitch,2,2,193,0.400005,0.0215421,0.199167,0.0099459
nuscenes,scene-1094_001,pitch,2,-2,187,0.39552,0.0389216,0.194861,0.0121042
nuscenes,scene-1094_001,pitch,3,3,192,0.375338,0.00101298,0.195956,0.00724077
nuscenes,scene-1094_001,pitch,3,-3,190,0.365751,0.0101763,0.193239,0.0108525
nuscenes,scene-1094_001,roll,0.5,0.5,196,0.421778,0.0485735,0.208073,0.0146117
nuscenes,scene-1094_001,roll,0.5,-0.5,186,0.320971,-0.013166,0.175601,-0.00479208
nuscenes,scene-1094_001,roll,1,1,196,0.373134,0.0248873,0.195023,0.0061582
nuscenes,scene-1094_001,roll,1,-1,179,0.295148,-0.0421792,0.160571,-0.0175918
nuscenes,scene-1094_001,roll,2,2,211,0.439998,0.0751002,0.217045,0.0275132
nuscenes,scene-1094_001,roll,2,-2,167,0.357792,0.0191748,0.183867,0.0111972
nuscenes,scene-1094_001,roll,3,3,210,0.397281,0.0409236,0.200125,0.0124238
nuscenes,scene-1094_001,roll,3,-3,152,0.311195,-0.0145504,0.157279,-0.00576158
nuscenes,scene-1094_001,tx,10,10,180,0.390155,-0.0102938,0.195474,0.00267771
nuscenes,scene-1094_001,tx,10,-10,184,0.375025,0.0165745,0.197982,0.012369
nuscenes,scene-1094_001,tx,20,20,162,0.381166,-0.0260322,0.194973,0.000545263
nuscenes,scene-1094_001,tx,20,-20,179,0.374181,0.0279225,0.194418,0.00959677
nuscenes,scene-1094_001,tz,10,10,191,0.459507,0.0371533,0.216753,0.0146734
nuscenes,scene-1094_001,tz,10,-10,156,0.40068,0.00976461,0.203575,0.0121433
nuscenes,scene-1094_001,tz,20,20,335,0.325256,0.0412095,0.180808,0.0150536
nuscenes,scene-1094_001,tz,20,-20,146,0.331454,0.0325203,0.176113,0.0125853
nuscenes,scene-1094_002,baseline,0,0,168,0.473569,0.103334,0.221624,0.0302654
nuscenes,scene-1094_002,yaw,0.5,0.5,166,0.453203,0.0804675,0.226436,0.0318663
nuscenes,scene-1094_002,yaw,0.5,-0.5,169,0.449045,0.0869734,0.211184,0.022985
nuscenes,scene-1094_002,yaw,1,1,170,0.454093,0.102211,0.221597,0.0308462
nuscenes,scene-1094_002,yaw,1,-1,165,0.401677,0.0323329,0.204441,0.014949
nuscenes,scene-1094_002,yaw,2,2,161,0.430209,0.0671971,0.214902,0.0234088
nuscenes,scene-1094_002,yaw,2,-2,165,0.386647,0.000901759,0.20354,0.00648083
nuscenes,scene-1094_002,yaw,3,3,160,0.410227,0.0405054,0.209557,0.0102435
nuscenes,scene-1094_002,yaw,3,-3,164,0.410519,0.0136142,0.201759,0.00427772
nuscenes,scene-1094_002,pitch,0.5,0.5,170,0.463246,0.089938,0.219127,0.0270848
nuscenes,scene-1094_002,pitch,0.5,-0.5,169,0.4723,0.110536,0.220473,0.0327717
nuscenes,scene-1094_002,pitch,1,1,175,0.457816,0.0767887,0.218519,0.027317
nuscenes,scene-1094_002,pitch,1,-1,164,0.440152,0.0750853,0.214461,0.0288536
nuscenes,scene-1094_002,pitch,2,2,174,0.443702,0.0737313,0.217015,0.0299269
nuscenes,scene-1094_002,pitch,2,-2,165,0.407625,0.0475359,0.209829,0.026255
nuscenes,scene-1094_002,pitch,3,3,173,0.44664,0.0760345,0.224088,0.0342771
nuscenes,scene-1094_002,pitch,3,-3,168,0.410845,0.0516421,0.209841,0.0275294
nuscenes,scene-1094_002,roll,0.5,0.5,173,0.408524,0.0305803,0.198038,0.00699614
nuscenes,scene-1094_002,roll,0.5,-0.5,159,0.397816,0.0371528,0.194432,0.0145494
nuscenes,scene-1094_002,roll,1,1,174,0.361946,0.0227429,0.187193,0.006715
nuscenes,scene-1094_002,roll,1,-1,142,0.338774,-0.00017795,0.176033,0.00476862
nuscenes,scene-1094_002,roll,2,2,178,0.430573,0.0783526,0.207773,0.0197028
nuscenes,scene-1094_002,roll,2,-2,142,0.337914,-0.00584316,0.16963,-0.00186276
nuscenes,scene-1094_002,roll,3,3,186,0.434068,0.0489615,0.218133,0.017809
nuscenes,scene-1094_002,roll,3,-3,143,0.341816,-0.00413635,0.168128,-0.000852376
nuscenes,scene-1094_002,tx,10,10,162,0.485826,0.0904122,0.219892,0.0246183
nuscenes,scene-1094_002,tx,10,-10,181,0.457375,0.0896325,0.225324,0.0291151
nuscenes,scene-1094_002,tx,20,20,156,0.508606,0.0957053,0.226123,0.0265297
nuscenes,scene-1094_002,tx,20,-20,189,0.404443,0.0514731,0.211512,0.017994
nuscenes,scene-1094_002,tz,10,10,182,0.493057,0.0531404,0.229099,0.0139258
nuscenes,scene-1094_002,tz,10,-10,152,0.376393,0.0150551,0.189152,0.00346163
nuscenes,scene-1094_002,tz,20,20,319,0.323605,0.0329584,0.178087,0.00752987
nuscenes,scene-1094_002,tz,20,-20,152,0.336285,0.00830814,0.17114,0.000495851
nuscenes,scene-1094_003,baseline,0,0,168,0.320144,0.0182376,0.176079,0.00225599
nuscenes,scene-1094_003,yaw,0.5,0.5,165,0.310815,0.0055587,0.176088,0.003068
nuscenes,scene-1094_003,yaw,0.5,-0.5,165,0.267838,-0.0107894,0.16843,0.00281593
nuscenes,scene-1094_003,yaw,1,1,161,0.300084,0.00121048,0.176342,0.0059271
nuscenes,scene-1094_003,yaw,1,-1,161,0.264132,-0.0186385,0.16386,5.01871e-05
nuscenes,scene-1094_003,yaw,2,2,158,0.32113,0.0338237,0.178372,0.00823349
nuscenes,scene-1094_003,yaw,2,-2,157,0.300308,-0.0351483,0.169232,-0.0101636
nuscenes,scene-1094_003,yaw,3,3,155,0.332623,0.0275584,0.177219,-0.00154448
nuscenes,scene-1094_003,yaw,3,-3,159,0.341431,0.00413319,0.165346,-0.0129146
nuscenes,scene-1094_003,pitch,0.5,0.5,163,0.30564,-0.00785473,0.173294,-0.000371367
nuscenes,scene-1094_003,pitch,0.5,-0.5,164,0.312081,0.0234019,0.170979,0.00169852
nuscenes,scene-1094_003,pitch,1,1,163,0.30166,-0.0105125,0.175932,0.0029134
nuscenes,scene-1094_003,pitch,1,-1,166,0.322194,0.0320018,0.174795,0.00666423
nuscenes,scene-1094_003,pitch,2,2,160,0.314653,0.0163949,0.178878,0.00755024
nuscenes,scene-1094_003,pitch,2,-2,164,0.326068,0.017171,0.178029,0.00703874
nuscenes,scene-1094_003,pitch,3,3,159,0.309718,0.011302,0.176699,0.00513338
nuscenes,scene-1094_003,pitch,3,-3,164,0.312537,0.0170581,0.177648,0.00502473
nuscenes,scene-1094_003,roll,0.5,0.5,172,0.358561,0.0273365,0.192184,0.0136083
nuscenes,scene-1094_003,roll,0.5,-0.5,163,0.295671,-0.0165192,0.170339,0.000151277
nuscenes,scene-1094_003,roll,1,1,174,0.347143,0.0355315,0.186079,0.0114789
nuscenes,scene-1094_003,roll,1,-1,167,0.301846,-0.0275422,0.173776,-0.00142846
nuscenes,scene-1094_003,roll,2,2,188,0.357394,0.00806549,0.193086,0.00226621
nuscenes,scene-1094_003,roll,2,-2,160,0.246241,-0.0689116,0.157513,-0.0143082
nuscenes,scene-1094_003,roll,3,3,192,0.330512,-0.0245546,0.196254,-0.00330259
nuscenes,scene-1094_003,roll,3,-3,157,0.246148,-0.0311403,0.146596,-0.00747786
nuscenes,scene-1094_003,tx,10,10,154,0.30565,0.00510758,0.172033,0.00441557
nuscenes,scene-1094_003,tx,10,-10,177,0.318608,0.0197158,0.183226,0.0108365
nuscenes,scene-1094_003,tx,20,20,145,0.334113,-0.00806561,0.176748,0.000533685
nuscenes,scene-1094_003,tx,20,-20,175,0.34372,0.0353148,0.190064,0.0116206
nuscenes,scene-1094_003,tz,10,10,211,0.423733,0.0526885,0.215484,0.016592
nuscenes,scene-1094_003,tz,10,-10,164,0.33983,0.00163335,0.178449,0.000662625
nuscenes,scene-1094_003,tz,20,20,297,0.309106,0.0328334,0.169977,0.00294434
nuscenes,scene-1094_003,tz,20,-20,161,0.299592,-0.0035896,0.172031,0.00290848
nuscenes,scene-1094_004,baseline,0,0,163,0.411016,0.0286801,0.208542,0.00927936
nuscenes,scene-1094_004,yaw,0.5,0.5,161,0.41981,0.0496713,0.209555,0.0126216
nuscenes,scene-1094_004,yaw,0.5,-0.5,166,0.38597,-0.0120535,0.197194,-0.00271824
nuscenes,scene-1094_004,yaw,1,1,157,0.423455,0.0377175,0.212539,0.0134399
nuscenes,scene-1094_004,yaw,1,-1,166,0.357805,-0.0239376,0.191195,-0.00476679
nuscenes,scene-1094_004,yaw,2,2,145,0.495041,0.0854453,0.216139,0.0165338
nuscenes,scene-1094_004,yaw,2,-2,163,0.348681,-0.0161289,0.191756,-0.0010138
nuscenes,scene-1094_004,yaw,3,3,116,0.52982,0.0547855,0.226656,0.0122245
nuscenes,scene-1094_004,yaw,3,-3,161,0.42229,0.0424769,0.196778,0.00460413
nuscenes,scene-1094_004,pitch,0.5,0.5,163,0.417717,0.0373125,0.208431,0.0090116
nuscenes,scene-1094_004,pitch,0.5,-0.5,163,0.407569,0.0262086,0.202969,0.00337586
nuscenes,scene-1094_004,pitch,1,1,162,0.418795,0.0326413,0.210701,0.0112713
nuscenes,scene-1094_004,pitch,1,-1,166,0.411577,0.0260317,0.197644,-0.00141427
nuscenes,scene-1094_004,pitch,2,2,162,0.442972,0.0446475,0.219632,0.0165831
nuscenes,scene-1094_004,pitch,2,-2,168,0.411452,0.00723296,0.195281,-0.00590369
nuscenes,scene-1094_004,pitch,3,3,166,0.4429,0.0478131,0.221045,0.021613
nuscenes,scene-1094_004,pitch,3,-3,167,0.391587,-0.00398234,0.19278,-0.0123321
nuscenes,scene-1094_004,roll,0.5,0.5,164,0.431614,0.0379144,0.223917,0.021234
nuscenes,scene-1094_004,roll,0.5,-0.5,163,0.400092,0.0192796,0.199829,0.00464098
nuscenes,scene-1094_004,roll,1,1,162,0.449884,0.0571226,0.233485,0.0310771
nuscenes,scene-1094_004,roll,1,-1,169,0.371507,-0.0120663,0.190099,-0.00453119
nuscenes,scene-1094_004,roll,2,2,158,0.41803,-0.00368646,0.216232,0.00631474
nuscenes,scene-1094_004,roll,2,-2,167,0.363135,-0.0223743,0.184762,-0.0145014
nuscenes,scene-1094_004,roll,3,3,172,0.427386,0.0354946,0.220494,0.0142158
nuscenes,scene-1094_004,roll,3,-3,164,0.331348,-0.00525594,0.177737,0.000531599
nuscenes,scene-1094_004,tx,10,10,161,0.403222,-0.0108758,0.200758,-0.000901103
nuscenes,scene-1094_004,tx,10,-10,163,0.430828,0.0452353,0.21272,0.0112048
nuscenes,scene-1094_004,tx,20,20,158,0.429653,-0.00424036,0.205331,0.0020714
nuscenes,scene-1094_004,tx,20,-20,170,0.436484,0.0492018,0.215801,0.0154064
nuscenes,scene-1094_004,tz,10,10,185,0.467046,0.0459351,0.232852,0.0188499
nuscenes,scene-1094_004,tz,10,-10,152,0.409886,0.0489229,0.20415,0.0107336
nuscenes,scene-1094_004,tz,20,20,270,0.313115,0.0270748,0.180499,0.0112419
nuscenes,scene-1094_004,tz,20,-20,149,0.355295,0.0334766,0.189406,0.00508893
nuscenes,scene-1094_005,baseline,0,0,119,0.474974,-0.00867712,0.221502,-0.00172916
nuscenes,scene-1094_005,yaw,0.5,0.5,117,0.467014,-0.0205918,0.223448,0.000544801
nuscenes,scene-1094_005,yaw,0.5,-0.5,118,0.439331,-0.0430046,0.203466,-0.0206099
nuscenes,scene-1094_005,yaw,1,1,115,0.455381,-0.019198,0.216275,-0.00665779
nuscenes,scene-1094_005,yaw,1,-1,122,0.434731,-0.0157889,0.200933,-0.0180782
nuscenes,scene-1094_005,yaw,2,2,113,0.499936,0.0410476,0.228427,0.010777
nuscenes,scene-1094_005,yaw,2,-2,141,0.369931,-0.041665,0.185268,-0.0234934
nuscenes,scene-1094_005,yaw,3,3,117,0.503636,0.0466343,0.226,0.00513831
nuscenes,scene-1094_005,yaw,3,-3,157,0.371491,-0.0160534,0.196326,-0.00604035
nuscenes,scene-1094_005,pitch,0.5,0.5,118,0.480209,-0.00287154,0.221978,-0.000720844
nuscenes,scene-1094_005,pitch,0.5,-0.5,120,0.471003,-0.00680882,0.218248,-0.00391538
nuscenes,scene-1094_005,pitch,1,1,119,0.49709,0.00993314,0.223524,0.00266165
nuscenes,scene-1094_005,pitch,1,-1,118,0.487836,0.0228937,0.214502,-0.00629161
nuscenes,scene-1094_005,pitch,2,2,117,0.482219,-0.00383019,0.229943,0.00651871
nuscenes,scene-1094_005,pitch,2,-2,119,0.494516,0.0315294,0.214797,-0.00466047
nuscenes,scene-1094_005,pitch,3,3,117,0.449833,-0.0356703,0.233171,0.0110515
nuscenes,scene-1094_005,pitch,3,-3,119,0.497231,0.0272817,0.220508,-0.00153145
nuscenes,scene-1094_005,roll,0.5,0.5,110,0.557732,0.0789336,0.2472,0.0259683
nuscenes,scene-1094_005,roll,0.5,-0.5,118,0.46608,-0.0110777,0.216188,0.00185464
nuscenes,scene-1094_005,roll,1,1,108,0.593845,0.10626,0.267797,0.0442247
nuscenes,scene-1094_005,roll,1,-1,118,0.444657,-0.0425626,0.218022,-0.00527278
nuscenes,scene-1094_005,roll,2,2,97,0.613091,0.0882772,0.274461,0.0409752
nuscenes,scene-1094_005,roll,2,-2,114,0.48811,0.0316187,0.22897,0.0175587
nuscenes,scene-1094_005,roll,3,3,102,0.584551,0.0843926,0.261102,0.028189
nuscenes,scene-1094_005,roll,3,-3,112,0.422166,0.0280975,0.197418,0.0134624
nuscenes,scene-1094_005,tx,10,10,127,0.467287,-0.010213,0.214364,-0.00705531
nuscenes,scene-1094_005,tx,10,-10,113,0.477584,-0.00895303,0.21998,-0.005707
nuscenes,scene-1094_005,tx,20,20,147,0.47975,0.0196795,0.213769,-0.00342719
nuscenes,scene-1094_005,tx,20,-20,113,0.489197,0.0156205,0.218067,-0.00598323
nuscenes,scene-1094_005,tz,10,10,115,0.590139,0.106872,0.261979,0.0282776
nuscenes,scene-1094_005,tz,10,-10,115,0.466151,0.00740358,0.215378,-0.00126159
nuscenes,scene-1094_005,tz,20,20,194,0.364742,0.0480692,0.202908,0.0231523
nuscenes,scene-1094_005,tz,20,-20,81,0.556566,0.0835677,0.236847,0.0193402
nuscenes,scene-1094_006,baseline,0,0,103,0.489291,0.0350009,0.245659,0.0259873
nuscenes,scene-1094_006,yaw,0.5,0.5,101,0.489895,0.0348672,0.240993,0.0207796
nuscenes,scene-1094_006,yaw,0.5,-0.5,101,0.461608,0.01281,0.235443,0.0166268
nuscenes,scene-1094_006,yaw,1,1,102,0.489817,0.0239068,0.234674,0.0100744
nuscenes,scene-1094_006,yaw,1,-1,99,0.468742,0.0108851,0.220356,0.00319114
nuscenes,scene-1094_006,yaw,2,2,106,0.424356,-0.0307242,0.21451,-0.00677837
nuscenes,scene-1094_006,yaw,2,-2,105,0.476554,0.0180423,0.217259,-0.00345127
nuscenes,scene-1094_006,yaw,3,3,102,0.46529,0.0110127,0.224697,0.00578444
nuscenes,scene-1094_006,yaw,3,-3,111,0.448689,0.0190635,0.206163,-0.00774059
nuscenes,scene-1094_006,pitch,0.5,0.5,102,0.522691,0.0719086,0.248453,0.0267768
nuscenes,scene-1094_006,pitch,0.5,-0.5,101,0.476024,0.0119487,0.244431,0.0246351
nuscenes,scene-1094_006,pitch,1,1,102,0.527976,0.0589815,0.247352,0.0244989
nuscenes,scene-1094_006,pitch,1,-1,104,0.444802,-0.0210502,0.238137,0.0186299
nuscenes,scene-1094_006,pitch,2,2,104,0.465685,-0.00603348,0.237876,0.011616
nuscenes,scene-1094_006,pitch,2,-2,104,0.434613,-0.0173989,0.232846,0.01756
nuscenes,scene-1094_006,pitch,3,3,106,0.451911,-0.0235146,0.234373,0.012501
nuscenes,scene-1094_006,pitch,3,-3,103,0.440332,-0.00964433,0.233118,0.0173208
nuscenes,scene-1094_006,roll,0.5,0.5,101,0.533632,0.0562169,0.256446,0.0320641
nuscenes,scene-1094_006,roll,0.5,-0.5,105,0.479589,0.0322103,0.233132,0.0183789
nuscenes,scene-1094_006,roll,1,1,94,0.570875,0.100298,0.267837,0.045405
nuscenes,scene-1094_006,roll,1,-1,107,0.392597,-0.0428405,0.217756,0.00316408
nuscenes,scene-1094_006,roll,2,2,98,0.541151,0.0590061,0.266485,0.0255626
nuscenes,scene-1094_006,roll,2,-2,106,0.485693,0.0446544,0.227437,0.014612
nuscenes,scene-1094_006,roll,3,3,105,0.464033,0.00638735,0.22544,-0.000656679
nuscenes,scene-1094_006,roll,3,-3,109,0.416011,1.33514e-05,0.198276,0.00466949
nuscenes,scene-1094_006,tx,10,10,113,0.489689,0.0267056,0.237371,0.0175481
nuscenes,scene-1094_006,tx,10,-10,92,0.467502,0.0159279,0.243124,0.0227919
nuscenes,scene-1094_006,tx,20,20,118,0.493389,0.0168248,0.233832,0.0125237
nuscenes,scene-1094_006,tx,20,-20,94,0.485222,0.0273734,0.242227,0.0205631
nuscenes,scene-1094_006,tz,10,10,124,0.587365,0.140639,0.275418,0.0530797
nuscenes,scene-1094_006,tz,10,-10,99,0.47317,0.014447,0.231623,0.014245
nuscenes,scene-1094_006,tz,20,20,185,0.417323,0.0812495,0.208277,0.0277659
nuscenes,scene-1094_006,tz,20,-20,77,0.577089,0.114575,0.241878,0.0240807
nuscenes,scene-1094_007,baseline,0,0,96,0.494949,0.0269724,0.22229,0.0101438
nuscenes,scene-1094_007,yaw,0.5,0.5,94,0.466769,0.00946766,0.223686,0.0128271
nuscenes,scene-1094_007,yaw,0.5,-0.5,100,0.466817,0.00397563,0.218292,0.00473537
nuscenes,scene-1094_007,yaw,1,1,94,0.421821,-0.0274833,0.20531,-0.00139682
nuscenes,scene-1094_007,yaw,1,-1,101,0.424429,-0.0130607,0.199685,-0.00962256
nuscenes,scene-1094_007,yaw,2,2,91,0.422655,-0.0311123,0.195534,-0.00654387
nuscenes,scene-1094_007,yaw,2,-2,100,0.453308,0.00522351,0.20362,-0.00518143
nuscenes,scene-1094_007,yaw,3,3,93,0.465186,0.0263487,0.203147,-0.0024873
nuscenes,scene-1094_007,yaw,3,-3,103,0.469509,0.0379928,0.208846,0.00241362
nuscenes,scene-1094_007,pitch,0.5,0.5,100,0.54469,0.0783116,0.230931,0.0186805
nuscenes,scene-1094_007,pitch,0.5,-0.5,97,0.476359,0.00928289,0.219485,0.00550109
nuscenes,scene-1094_007,pitch,1,1,98,0.558076,0.0999122,0.238847,0.0266021
nuscenes,scene-1094_007,pitch,1,-1,96,0.481183,0.0106062,0.220477,0.00526556
nuscenes,scene-1094_007,pitch,2,2,99,0.560401,0.0979773,0.245871,0.0302341
nuscenes,scene-1094_007,pitch,2,-2,98,0.476341,0.0184616,0.218006,0.00490572
nuscenes,scene-1094_007,pitch,3,3,98,0.5216,0.0619369,0.244814,0.0293706
nuscenes,scene-1094_007,pitch,3,-3,102,0.441093,0.00461388,0.21438,0.00393245
nuscenes,scene-1094_007,roll,0.5,0.5,112,0.580424,0.0941084,0.26245,0.0396851
nuscenes,scene-1094_007,roll,0.5,-0.5,95,0.417846,-0.0391691,0.2104,0.000623003
nuscenes,scene-1094_007,roll,1,1,121,0.555005,0.104152,0.265243,0.0455265
nuscenes,scene-1094_007,roll,1,-1,98,0.434061,-0.012226,0.213144,0.00587966
nuscenes,scene-1094_007,roll,2,2,141,0.532085,0.0529892,0.237096,0.0130305
nuscenes,scene-1094_007,roll,2,-2,99,0.442908,0.0146758,0.203656,0.00580017
nuscenes,scene-1094_007,roll,3,3,143,0.494117,0.0368121,0.227172,0.00879157
nuscenes,scene-1094_007,roll,3,-3,112,0.393901,0.0186381,0.205503,0.0167265
nuscenes,scene-1094_007,tx,10,10,110,0.489745,0.0271131,0.22558,0.0111441
nuscenes,scene-1094_007,tx,10,-10,94,0.468031,0.0217079,0.222594,0.0164925
nuscenes,scene-1094_007,tx,20,20,122,0.492669,0.0277168,0.220878,0.00273065
nuscenes,scene-1094_007,tx,20,-20,102,0.423196,-0.0128053,0.210899,0.00685138
nuscenes,scene-1094_007,tz,10,10,144,0.583396,0.118256,0.250905,0.0304361
nuscenes,scene-1094_007,tz,10,-10,113,0.422952,-0.0182477,0.198451,-0.0136469
nuscenes,scene-1094_007,tz,20,20,219,0.408035,0.0906356,0.198288,0.0257624
nuscenes,scene-1094_007,tz,20,-20,83,0.44559,-0.00156459,0.210098,0.00678168
nuscenes,scene-1094_008,baseline,0,0,115,0.560531,0.0585718,0.252041,0.0184592
nuscenes,scene-1094_008,yaw,0.5,0.5,115,0.570315,0.0760386,0.247688,0.0152069
nuscenes,scene-1094_008,yaw,0.5,-0.5,115,0.518898,0.0187724,0.239981,0.0134384
nuscenes,scene-1094_008,yaw,1,1,115,0.558543,0.071039,0.237809,0.00907369
nuscenes,scene-1094_008,yaw,1,-1,116,0.456957,-0.0212954,0.223276,0.0046365
nuscenes,scene-1094_008,yaw,2,2,111,0.560779,0.0761303,0.233182,0.00145595
nuscenes,scene-1094_008,yaw,2,-2,118,0.467066,-0.00105551,0.226979,0.00750159
nuscenes,scene-1094_008,yaw,3,3,106,0.55561,0.0547845,0.23585,0.00215711
nuscenes,scene-1094_008,yaw,3,-3,118,0.466765,0.00114021,0.217646,-2.2009e-05
nuscenes,scene-1094_008,pitch,0.5,0.5,117,0.569178,0.0652924,0.252015,0.0197235
nuscenes,scene-1094_008,pitch,0.5,-0.5,116,0.534121,0.0200448,0.250701,0.0172614
nuscenes,scene-1094_008,pitch,1,1,119,0.606884,0.095818,0.254144,0.0230776
nuscenes,scene-1094_008,pitch,1,-1,118,0.539057,0.0319661,0.246005,0.015384
nuscenes,scene-1094_008,pitch,2,2,116,0.556818,0.0650282,0.243821,0.0144832
nuscenes,scene-1094_008,pitch,2,-2,116,0.503718,0.034932,0.232716,0.0098366
nuscenes,scene-1094_008,pitch,3,3,116,0.600395,0.123194,0.24007,0.0165337
nuscenes,scene-1094_008,pitch,3,-3,116,0.511972,0.0360677,0.23343,0.0125922
nuscenes,scene-1094_008,roll,0.5,0.5,117,0.612984,0.0955175,0.251557,0.0189334
nuscenes,scene-1094_008,roll,0.5,-0.5,112,0.520541,0.0296218,0.228496,0.00469774
nuscenes,scene-1094_008,roll,1,1,121,0.551062,0.0686519,0.244508,0.0159903
nuscenes,scene-1094_008,roll,1,-1,119,0.43516,-0.0243419,0.201544,-0.0102617
nuscenes,scene-1094_008,roll,2,2,123,0.51904,0.0900031,0.253039,0.0393378
nuscenes,scene-1094_008,roll,2,-2,128,0.431468,-0.0328208,0.204457,-0.00128624
nuscenes,scene-1094_008,roll,3,3,141,0.527096,0.0686174,0.243263,0.0183861
nuscenes,scene-1094_008,roll,3,-3,123,0.462046,0.0567591,0.210078,0.0166457
nuscenes,scene-1094_008,tx,10,10,128,0.560529,0.0433785,0.251154,0.0170472
nuscenes,scene-1094_008,tx,10,-10,111,0.576333,0.0868739,0.251548,0.0197323
nuscenes,scene-1094_008,tx,20,20,145,0.518396,0.0226057,0.240415,0.0150717
nuscenes,scene-1094_008,tx,20,-20,112,0.543709,0.0630893,0.247104,0.0151253
nuscenes,scene-1094_008,tz,10,10,170,0.568655,0.11921,0.257661,0.0346108
nuscenes,scene-1094_008,tz,10,-10,124,0.444946,-0.0215023,0.215527,-0.00607221
nuscenes,scene-1094_008,tz,20,20,266,0.4232,0.103438,0.202525,0.0242259
nuscenes,scene-1094_008,tz,20,-20,89,0.526541,0.065245,0.249899,0.0326279
nuscenes,scene-1094_009,baseline,0,0,113,0.488086,-0.000205308,0.241332,0.0140217
nuscenes,scene-1094_009,yaw,0.5,0.5,113,0.486078,-0.0088346,0.231627,0.00114261
nuscenes,scene-1094_009,yaw,0.5,-0.5,111,0.521474,0.040692,0.240016,0.0134004
nuscenes,scene-1094_009,yaw,1,1,112,0.441565,-0.0584632,0.217639,-0.0115138
nuscenes,scene-1094_009,yaw,1,-1,110,0.499308,0.0332676,0.235037,0.0111557
nuscenes,scene-1094_009,yaw,2,2,111,0.420535,-0.0456015,0.207821,-0.016814
nuscenes,scene-1094_009,yaw,2,-2,109,0.492502,0.00579685,0.231507,-0.00282909
nuscenes,scene-1094_009,yaw,3,3,110,0.466079,-0.0135461,0.219943,-0.0124347
nuscenes,scene-1094_009,yaw,3,-3,105,0.508896,0.0224453,0.230444,-0.00402971
nuscenes,scene-1094_009,pitch,0.5,0.5,111,0.486858,-0.0103781,0.242885,0.0126155
nuscenes,scene-1094_009,pitch,0.5,-0.5,112,0.503534,0.00900111,0.238456,0.00945146
nuscenes,scene-1094_009,pitch,1,1,110,0.500371,-0.00868732,0.246305,0.0138412
nuscenes,scene-1094_009,pitch,1,-1,110,0.498707,-0.00271073,0.240324,0.00998762
nuscenes,scene-1094_009,pitch,2,2,110,0.598521,0.0742738,0.262242,0.0288939
nuscenes,scene-1094_009,pitch,2,-2,111,0.492395,0.00357884,0.228711,0.0053174
nuscenes,scene-1094_009,pitch,3,3,112,0.626219,0.125983,0.270182,0.0431966
nuscenes,scene-1094_009,pitch,3,-3,111,0.46198,-0.0152873,0.220944,-0.00272435
nuscenes,scene-1094_009,roll,0.5,0.5,107,0.588824,0.0926494,0.257382,0.0239152
nuscenes,scene-1094_009,roll,0.5,-0.5,115,0.444325,-0.0534772,0.23416,0.00342038
nuscenes,scene-1094_009,roll,1,1,101,0.605069,0.096346,0.267625,0.033448
nuscenes,scene-1094_009,roll,1,-1,115,0.455835,-0.0242854,0.226595,0.00878789
nuscenes,scene-1094_009,roll,2,2,98,0.539142,0.0573946,0.284617,0.0470843
nuscenes,scene-1094_009,roll,2,-2,119,0.443706,-0.0263007,0.20203,-0.0174978
nuscenes,scene-1094_009,roll,3,3,96,0.542453,0.0708098,0.260955,0.017272
nuscenes,scene-1094_009,roll,3,-3,120,0.513582,0.0713024,0.230032,0.0145866
nuscenes,scene-1094_009,tx,10,10,114,0.499694,0.00649187,0.246068,0.0149668
nuscenes,scene-1094_009,tx,10,-10,115,0.489464,0.00212502,0.234857,0.00736797
nuscenes,scene-1094_009,tx,20,20,132,0.526356,0.0316036,0.242843,0.0100128
nuscenes,scene-1094_009,tx,20,-20,113,0.484181,0.00016892,0.235138,0.0065271
nuscenes,scene-1094_009,tz,10,10,136,0.552098,0.052388,0.25147,0.0245455
nuscenes,scene-1094_009,tz,10,-10,110,0.444064,-0.0285294,0.23301,0.00813605
nuscenes,scene-1094_009,tz,20,20,224,0.334053,0.0471406,0.175443,0.0125808
nuscenes,scene-1094_009,tz,20,-20,84,0.508167,-0.0212774,0.258953,0.0262399
nuscenes,scene-1094_010,baseline,0,0,87,0.5037,0.0510793,0.257048,0.0287162
nuscenes,scene-1094_010,yaw,0.5,0.5,88,0.543447,0.0766408,0.26457,0.0360374
nuscenes,scene-1094_010,yaw,0.5,-0.5,88,0.480105,0.0207035,0.23995,0.0105916
nuscenes,scene-1094_010,yaw,1,1,87,0.508355,0.0349144,0.254394,0.0214999
nuscenes,scene-1094_010,yaw,1,-1,89,0.437135,-0.0183935,0.227586,0.00266479
nuscenes,scene-1094_010,yaw,2,2,89,0.533065,0.0630714,0.244301,0.00622953
nuscenes,scene-1094_010,yaw,2,-2,91,0.435849,-0.00247872,0.22714,-0.00281504
nuscenes,scene-1094_010,yaw,3,3,90,0.505774,0.0234048,0.24213,0.00249979
nuscenes,scene-1094_010,yaw,3,-3,92,0.381795,-0.0389297,0.207646,-0.00758556
nuscenes,scene-1094_010,pitch,0.5,0.5,87,0.502228,0.0447887,0.256306,0.0291448
nuscenes,scene-1094_010,pitch,0.5,-0.5,88,0.532082,0.0557534,0.257622,0.0283448
nuscenes,scene-1094_010,pitch,1,1,86,0.512774,0.0415522,0.255345,0.0276586
nuscenes,scene-1094_010,pitch,1,-1,88,0.53341,0.0793058,0.255584,0.0285899
nuscenes,scene-1094_010,pitch,2,2,87,0.512143,0.0524879,0.240778,0.0162749
nuscenes,scene-1094_010,pitch,2,-2,89,0.544805,0.120449,0.245117,0.0253404
nuscenes,scene-1094_010,pitch,3,3,86,0.514105,0.0450799,0.235874,0.013255
nuscenes,scene-1094_010,pitch,3,-3,88,0.582917,0.117201,0.246219,0.0217386
nuscenes,scene-1094_010,roll,0.5,0.5,89,0.521262,0.060785,0.250251,0.0193637
nuscenes,scene-1094_010,roll,0.5,-0.5,87,0.438054,-0.050808,0.230701,0.00562562
nuscenes,scene-1094_010,roll,1,1,91,0.572413,0.0852964,0.261219,0.0287727
nuscenes,scene-1094_010,roll,1,-1,87,0.484332,0.0105183,0.221014,-0.00152466
nuscenes,scene-1094_010,roll,2,2,95,0.507722,0.0169356,0.267069,0.0177786
nuscenes,scene-1094_010,roll,2,-2,88,0.532389,0.068516,0.240157,0.0241154
nuscenes,scene-1094_010,roll,3,3,94,0.465632,0.0295635,0.24958,0.0187884
nuscenes,scene-1094_010,roll,3,-3,90,0.446859,0.00954095,0.20626,-0.000916913
nuscenes,scene-1094_010,tx,10,10,98,0.499904,0.0332564,0.249844,0.020126
nuscenes,scene-1094_010,tx,10,-10,85,0.515739,0.0602924,0.267202,0.0361546
nuscenes,scene-1094_010,tx,20,20,104,0.478663,0.026417,0.242921,0.0148739
nuscenes,scene-1094_010,tx,20,-20,88,0.522555,0.0581267,0.270525,0.0384866
nuscenes,scene-1094_010,tz,10,10,92,0.562594,0.0826056,0.260338,0.0271052
nuscenes,scene-1094_010,tz,10,-10,80,0.492307,0.0435381,0.254426,0.0316886
nuscenes,scene-1094_010,tz,20,20,188,0.268804,0.00212044,0.161014,0.00448111
nuscenes,scene-1094_010,tz,20,-20,80,0.500798,0.0279951,0.246141,0.0270918
nuscenes,scene-1094_011,baseline,0,0,88,0.445895,0.0313143,0.231525,0.0148167
nuscenes,scene-1094_011,yaw,0.5,0.5,90,0.456346,0.0202583,0.220607,0.000593856
nuscenes,scene-1094_011,yaw,0.5,-0.5,92,0.480102,0.0735255,0.247068,0.031242
nuscenes,scene-1094_011,yaw,1,1,88,0.467573,0.0269094,0.215178,-0.00679336
nuscenes,scene-1094_011,yaw,1,-1,84,0.490124,0.0716006,0.244335,0.0269769
nuscenes,scene-1094_011,yaw,2,2,91,0.43244,-0.00393596,0.201182,-0.0223614
nuscenes,scene-1094_011,yaw,2,-2,84,0.430968,0.0530717,0.250023,0.0451186
nuscenes,scene-1094_011,yaw,3,3,91,0.448118,-0.000213653,0.209029,-0.0205774
nuscenes,scene-1094_011,yaw,3,-3,79,0.415856,0.00976926,0.219392,0.00711744
nuscenes,scene-1094_011,pitch,0.5,0.5,89,0.43581,0.0181655,0.230017,0.010754
nuscenes,scene-1094_011,pitch,0.5,-0.5,92,0.442674,0.0437879,0.230552,0.0160624
nuscenes,scene-1094_011,pitch,1,1,87,0.47548,0.0398301,0.225935,0.00551392
nuscenes,scene-1094_011,pitch,1,-1,89,0.425968,0.0250749,0.22737,0.0144056
nuscenes,scene-1094_011,pitch,2,2,91,0.477232,0.0600037,0.224022,0.00968513
nuscenes,scene-1094_011,pitch,2,-2,86,0.407591,0.00733128,0.220543,0.00719585
nuscenes,scene-1094_011,pitch,3,3,89,0.45388,0.0290205,0.230414,0.0104841
nuscenes,scene-1094_011,pitch,3,-3,88,0.409491,-0.000117213,0.219321,0.00781478
nuscenes,scene-1094_011,roll,0.5,0.5,92,0.438995,0.0152514,0.222352,0.00610322
nuscenes,scene-1094_011,roll,0.5,-0.5,88,0.484517,0.0497038,0.22646,0.0082394
nuscenes,scene-1094_011,roll,1,1,91,0.502744,0.066595,0.241678,0.0206923
nuscenes,scene-1094_011,roll,1,-1,89,0.364952,-0.0215821,0.219131,0.0113998
nuscenes,scene-1094_011,roll,2,2,96,0.423403,-0.0258622,0.238741,-0.00773643
nuscenes,scene-1094_011,roll,2,-2,86,0.432469,0.0723537,0.2269,0.0302336
nuscenes,scene-1094_011,roll,3,3,96,0.3454,-0.035038,0.215554,-0.0030005
nuscenes,scene-1094_011,roll,3,-3,89,0.41836,0.0311325,0.213794,0.014911
nuscenes,scene-1094_011,tx,10,10,95,0.458804,0.0658545,0.236407,0.0240376
nuscenes,scene-1094_011,tx,10,-10,86,0.443547,0.0317135,0.224108,0.00838782
nuscenes,scene-1094_011,tx,20,20,88,0.441337,0.0506271,0.236873,0.0278512
nuscenes,scene-1094_011,tx,20,-20,84,0.455354,0.0415302,0.22321,0.00834134
nuscenes,scene-1094_011,tz,10,10,98,0.425365,0.0242873,0.227193,0.0134075
nuscenes,scene-1094_011,tz,10,-10,84,0.469805,0.0450482,0.230248,0.0117901
nuscenes,scene-1094_011,tz,20,20,174,0.223111,0.0143407,0.147994,0.0123973
nuscenes,scene-1094_011,tz,20,-20,80,0.461046,0.0261685,0.234069,0.0119006
nuscenes,scene-1094_012,baseline,0,0,100,0.272291,7.00653e-05,0.211683,0.0111332
nuscenes,scene-1094_012,yaw,0.5,0.5,100,0.27035,-0.0023022,0.207121,0.00816287
nuscenes,scene-1094_012,yaw,0.5,-0.5,100,0.268962,0.00789574,0.209529,0.0126803
nuscenes,scene-1094_012,yaw,1,1,102,0.2765,-0.00957438,0.204379,0.00142822
nuscenes,scene-1094_012,yaw,1,-1,101,0.239644,-0.00319074,0.19629,0.00475353
nuscenes,scene-1094_012,yaw,2,2,105,0.297248,0.00251704,0.204265,-0.0011138
nuscenes,scene-1094_012,yaw,2,-2,100,0.224228,0.00224786,0.190276,0.00318094
nuscenes,scene-1094_012,yaw,3,3,104,0.289769,0.000473529,0.20451,0.000956848
nuscenes,scene-1094_012,yaw,3,-3,101,0.202991,-0.0251345,0.177484,-0.00453815
nuscenes,scene-1094_012,pitch,0.5,0.5,99,0.263011,-0.00744873,0.20971,0.0110783
nuscenes,scene-1094_012,pitch,0.5,-0.5,100,0.287813,-0.0031063,0.213547,0.0145789
nuscenes,scene-1094_012,pitch,1,1,100,0.261661,-0.00452623,0.203432,0.00859012
nuscenes,scene-1094_012,pitch,1,-1,101,0.296451,-0.0014078,0.207998,0.0148782
nuscenes,scene-1094_012,pitch,2,2,99,0.293971,0.00954321,0.20364,0.00205712
nuscenes,scene-1094_012,pitch,2,-2,101,0.284723,0.0110221,0.196279,0.0112076
nuscenes,scene-1094_012,pitch,3,3,101,0.304532,-0.0210892,0.208494,-0.00297393
nuscenes,scene-1094_012,pitch,3,-3,101,0.359517,0.045662,0.21818,0.0167488
nuscenes,scene-1094_012,roll,0.5,0.5,101,0.286304,-0.00178519,0.195139,0.00248033
nuscenes,scene-1094_012,roll,0.5,-0.5,100,0.27976,5.75781e-05,0.20924,0.0131682
nuscenes,scene-1094_012,roll,1,1,101,0.278292,-0.0104192,0.198299,-0.00242528
nuscenes,scene-1094_012,roll,1,-1,96,0.305534,-0.0127734,0.203616,-0.000926659
nuscenes,scene-1094_012,roll,2,2,98,0.3665,0.0643486,0.241481,0.03634
nuscenes,scene-1094_012,roll,2,-2,97,0.298667,0.0314457,0.19968,0.0142166
nuscenes,scene-1094_012,roll,3,3,97,0.321731,0.0217156,0.212015,0.010306
nuscenes,scene-1094_012,roll,3,-3,96,0.226932,-0.00499105,0.187672,0.00957057
nuscenes,scene-1094_012,tx,10,10,98,0.269225,0.0125605,0.214661,0.0186562
nuscenes,scene-1094_012,tx,10,-10,93,0.292179,0.0130419,0.215003,0.0137639
nuscenes,scene-1094_012,tx,20,20,99,0.269516,0.0274805,0.212988,0.0212345
nuscenes,scene-1094_012,tx,20,-20,92,0.271006,-0.0179774,0.209231,0.00547868
nuscenes,scene-1094_012,tz,10,10,100,0.294127,7.88867e-05,0.206188,0.00821809
nuscenes,scene-1094_012,tz,10,-10,82,0.225389,-0.0398897,0.198675,0.0011044
nuscenes,scene-1094_012,tz,20,20,184,0.196247,0.0251161,0.15091,0.00730495
nuscenes,scene-1094_012,tz,20,-20,81,0.270937,-0.00841489,0.199502,0.00436324
nuscenes,scene-1094_013,baseline,0,0,56,0.522705,0.131607,0.300494,0.0719239
nuscenes,scene-1094_013,yaw,0.5,0.5,59,0.506785,0.0906899,0.280658,0.046593
nuscenes,scene-1094_013,yaw,0.5,-0.5,58,0.530669,0.125585,0.283905,0.0548708
nuscenes,scene-1094_013,yaw,1,1,59,0.487017,0.0675351,0.271981,0.0324177
nuscenes,scene-1094_013,yaw,1,-1,53,0.495753,0.0846917,0.2595,0.0244013
nuscenes,scene-1094_013,yaw,2,2,64,0.45946,0.0324777,0.278001,0.0370494
nuscenes,scene-1094_013,yaw,2,-2,51,0.388908,-0.0555385,0.22322,-0.0110856
nuscenes,scene-1094_013,yaw,3,3,66,0.404635,-0.0235634,0.258647,0.012743
nuscenes,scene-1094_013,yaw,3,-3,50,0.333667,-0.124798,0.207819,-0.0319239
nuscenes,scene-1094_013,pitch,0.5,0.5,57,0.536189,0.12254,0.301095,0.06531
nuscenes,scene-1094_013,pitch,0.5,-0.5,60,0.544325,0.15611,0.296024,0.0697699
nuscenes,scene-1094_013,pitch,1,1,59,0.576634,0.141826,0.298821,0.059494
nuscenes,scene-1094_013,pitch,1,-1,59,0.572806,0.176015,0.299124,0.0753407
nuscenes,scene-1094_013,pitch,2,2,58,0.520652,0.069704,0.273179,0.0322568
nuscenes,scene-1094_013,pitch,2,-2,60,0.532817,0.0867435,0.288645,0.0611642
nuscenes,scene-1094_013,pitch,3,3,57,0.47807,0.0337264,0.26035,0.0144847
nuscenes,scene-1094_013,pitch,3,-3,58,0.517877,0.128952,0.270105,0.0503644
nuscenes,scene-1094_013,roll,0.5,0.5,59,0.559372,0.104361,0.278648,0.0365504
nuscenes,scene-1094_013,roll,0.5,-0.5,58,0.548998,0.109402,0.297825,0.0629591
nuscenes,scene-1094_013,roll,1,1,57,0.449254,0.0206643,0.254692,0.0123894
nuscenes,scene-1094_013,roll,1,-1,60,0.509533,0.0854768,0.258031,0.0252212
nuscenes,scene-1094_013,roll,2,2,56,0.45261,-0.00200483,0.251266,0.00618586
nuscenes,scene-1094_013,roll,2,-2,56,0.488246,0.0756485,0.258166,0.0247988
nuscenes,scene-1094_013,roll,3,3,56,0.378473,-0.0099771,0.233215,-0.00652817
nuscenes,scene-1094_013,roll,3,-3,59,0.442235,0.0438087,0.216622,-0.00497818
nuscenes,scene-1094_013,tx,10,10,63,0.486539,0.0975474,0.284853,0.0572038
nuscenes,scene-1094_013,tx,10,-10,61,0.50098,0.0984759,0.289693,0.0600873
nuscenes,scene-1094_013,tx,20,20,66,0.511114,0.111534,0.286686,0.0596895
nuscenes,scene-1094_013,tx,20,-20,58,0.479226,0.0612299,0.276157,0.0449156
nuscenes,scene-1094_013,tz,10,10,52,0.554693,0.172421,0.296836,0.0696678
nuscenes,scene-1094_013,tz,10,-10,50,0.541702,0.113217,0.291099,0.0577878
nuscenes,scene-1094_013,tz,20,20,177,0.346947,0.0910658,0.219284,0.0404552
nuscenes,scene-1094_013,tz,20,-20,47,0.549639,0.103851,0.28599,0.0474133
nuscenes,scene-1094_014,baseline,0,0,61,0.434899,0.0946399,0.222276,0.0305841
nuscenes,scene-1094_014,yaw,0.5,0.5,61,0.398455,0.0767916,0.221697,0.0292385
nuscenes,scene-1094_014,yaw,0.5,-0.5,63,0.41265,0.0689821,0.214921,0.0186906
nuscenes,scene-1094_014,yaw,1,1,63,0.406729,0.0836146,0.21662,0.0179154
nuscenes,scene-1094_014,yaw,1,-1,65,0.381945,0.0522095,0.195811,-0.00196163
nuscenes,scene-1094_014,yaw,2,2,62,0.439545,0.0823581,0.230671,0.0221058
nuscenes,scene-1094_014,yaw,2,-2,66,0.301203,-0.017285,0.174446,-0.0237807
nuscenes,scene-1094_014,yaw,3,3,63,0.409897,0.0351644,0.203252,-0.00850205
nuscenes,scene-1094_014,yaw,3,-3,69,0.276516,-0.0625115,0.17163,-0.0293387
nuscenes,scene-1094_014,pitch,0.5,0.5,61,0.43263,0.090795,0.223024,0.0277259
nuscenes,scene-1094_014,pitch,0.5,-0.5,60,0.429307,0.105699,0.229132,0.0371119
nuscenes,scene-1094_014,pitch,1,1,61,0.429298,0.0669466,0.224169,0.0226161
nuscenes,scene-1094_014,pitch,1,-1,61,0.434069,0.104176,0.227621,0.0335513
nuscenes,scene-1094_014,pitch,2,2,62,0.390416,0.0216154,0.222222,0.013327
nuscenes,scene-1094_014,pitch,2,-2,64,0.392992,0.0514158,0.222896,0.0234787
nuscenes,scene-1094_014,pitch,3,3,62,0.40895,0.0169909,0.219986,0.00321236
nuscenes,scene-1094_014,pitch,3,-3,64,0.457012,0.103696,0.232225,0.0276908
nuscenes,scene-1094_014,roll,0.5,0.5,62,0.426292,0.0497754,0.230231,0.0260806
nuscenes,scene-1094_014,roll,0.5,-0.5,62,0.429284,0.0862386,0.231942,0.0355232
nuscenes,scene-1094_014,roll,1,1,62,0.338148,-0.0526324,0.225712,0.00456788
nuscenes,scene-1094_014,roll,1,-1,62,0.430216,0.0556648,0.237467,0.0319464
nuscenes,scene-1094_014,roll,2,2,59,0.367489,-0.0095008,0.240043,0.0205602
nuscenes,scene-1094_014,roll,2,-2,62,0.458308,0.069606,0.242411,0.025145
nuscenes,scene-1094_014,roll,3,3,60,0.313047,0.0044046,0.204301,-0.00331722
nuscenes,scene-1094_014,roll,3,-3,62,0.28343,-0.0336218,0.179362,-0.00826934
nuscenes,scene-1094_014,tx,10,10,71,0.390645,0.0380125,0.210652,0.0131841
nuscenes,scene-1094_014,tx,10,-10,56,0.421733,0.0884864,0.225031,0.0321164
nuscenes,scene-1094_014,tx,20,20,69,0.360699,0.021111,0.207099,0.0112763
nuscenes,scene-1094_014,tx,20,-20,60,0.416858,0.0759265,0.213549,0.017922
nuscenes,scene-1094_014,tz,10,10,95,0.352163,0.0467857,0.211148,0.0204058
nuscenes,scene-1094_014,tz,10,-10,58,0.44314,0.123548,0.226782,0.0393766
nuscenes,scene-1094_014,tz,20,20,184,0.26485,0.0214058,0.181273,0.0152941
nuscenes,scene-1094_014,tz,20,-20,44,0.391012,0.0609376,0.227603,0.0321088
nuscenes,scene-1094_015,baseline,0,0,96,0.274776,0.0903929,0.191398,0.0158541
nuscenes,scene-1094_015,yaw,0.5,0.5,98,0.244003,0.0563979,0.184464,0.00985242
nuscenes,scene-1094_015,yaw,0.5,-0.5,101,0.262471,0.0731276,0.194538,0.0155782
nuscenes,scene-1094_015,yaw,1,1,97,0.224833,0.0387013,0.184383,0.00738117
nuscenes,scene-1094_015,yaw,1,-1,101,0.230684,0.0457749,0.189825,0.012639
nuscenes,scene-1094_015,yaw,2,2,87,0.246718,-0.00311118,0.185466,-0.00646082
nuscenes,scene-1094_015,yaw,2,-2,102,0.177012,-0.0472199,0.174419,-0.0102426
nuscenes,scene-1094_015,yaw,3,3,84,0.212544,-0.0362405,0.177716,-0.0168952
nuscenes,scene-1094_015,yaw,3,-3,106,0.17485,-0.0454829,0.172079,-0.0172619
nuscenes,scene-1094_015,pitch,0.5,0.5,99,0.263667,0.0795003,0.187217,0.0142796
nuscenes,scene-1094_015,pitch,0.5,-0.5,100,0.278323,0.0819512,0.192652,0.0149505
nuscenes,scene-1094_015,pitch,1,1,98,0.268631,0.0812812,0.184348,0.0126602
nuscenes,scene-1094_015,pitch,1,-1,100,0.251043,0.0622304,0.194134,0.0183918
nuscenes,scene-1094_015,pitch,2,2,99,0.2401,0.0375621,0.180141,0.00497578
nuscenes,scene-1094_015,pitch,2,-2,95,0.233302,0.049937,0.195624,0.0211987
nuscenes,scene-1094_015,pitch,3,3,99,0.218067,0.0113133,0.181391,0.00163847
nuscenes,scene-1094_015,pitch,3,-3,94,0.206392,0.0109265,0.19507,0.0144583
nuscenes,scene-1094_015,roll,0.5,0.5,99,0.224586,0.0253828,0.191026,0.0135899
nuscenes,scene-1094_015,roll,0.5,-0.5,99,0.25096,0.0651996,0.177998,0.00713249
nuscenes,scene-1094_015,roll,1,1,99,0.258968,0.04448,0.21326,0.0322758
nuscenes,scene-1094_015,roll,1,-1,99,0.173381,-0.01981,0.164067,-0.00883593
nuscenes,scene-1094_015,roll,2,2,95,0.213899,0.0024135,0.198148,0.00785543
nuscenes,scene-1094_015,roll,2,-2,99,0.210854,0.0218847,0.164824,-0.0117524
nuscenes,scene-1094_015,roll,3,3,90,0.237892,0.0200898,0.217259,0.0253658
nuscenes,scene-1094_015,roll,3,-3,99,0.168962,-0.030923,0.159741,-0.00903314
nuscenes,scene-1094_015,tx,10,10,91,0.292107,0.0855721,0.197737,0.0152414
nuscenes,scene-1094_015,tx,10,-10,97,0.237006,0.0580402,0.183296,0.0109818
nuscenes,scene-1094_015,tx,20,20,90,0.285945,0.067976,0.202511,0.0143326
nuscenes,scene-1094_015,tx,20,-20,99,0.225989,0.0470922,0.176651,0.00662535
nuscenes,scene-1094_015,tz,10,10,96,0.262193,0.0593514,0.195683,0.0148362
nuscenes,scene-1094_015,tz,10,-10,98,0.259213,0.0848893,0.18546,0.0150056
nuscenes,scene-1094_015,tz,20,20,220,0.1856,0.013918,0.169873,0.00343508
nuscenes,scene-1094_015,tz,20,-20,83,0.219302,0.0516872,0.176023,0.00968181
nuscenes,scene-1094_016,baseline,0,0,121,0.328794,0.0385495,0.219484,0.0169866
nuscenes,scene-1094_016,yaw,0.5,0.5,121,0.347514,0.0563774,0.218563,0.0136501
nuscenes,scene-1094_016,yaw,0.5,-0.5,121,0.31441,0.0470133,0.211913,0.0136286
nuscenes,scene-1094_016,yaw,1,1,121,0.334138,0.055943,0.214944,0.00976928
nuscenes,scene-1094_016,yaw,1,-1,123,0.313026,0.0416042,0.206442,0.00868993
nuscenes,scene-1094_016,yaw,2,2,121,0.352265,0.0846711,0.210118,0.0104361
nuscenes,scene-1094_016,yaw,2,-2,147,0.233911,0.00548178,0.192123,-0.00171836
nuscenes,scene-1094_016,yaw,3,3,118,0.352302,0.0650343,0.204434,0.00153789
nuscenes,scene-1094_016,yaw,3,-3,167,0.193728,-0.0272049,0.182053,-0.00762691
nuscenes,scene-1094_016,pitch,0.5,0.5,123,0.329168,0.0378764,0.216666,0.0143785
nuscenes,scene-1094_016,pitch,0.5,-0.5,118,0.310842,0.0393071,0.218544,0.0202982
nuscenes,scene-1094_016,pitch,1,1,118,0.318046,0.0425921,0.211486,0.0121272
nuscenes,scene-1094_016,pitch,1,-1,119,0.33041,0.0660071,0.216558,0.019428
nuscenes,scene-1094_016,pitch,2,2,122,0.310555,0.0357997,0.216515,0.0181472
nuscenes,scene-1094_016,pitch,2,-2,119,0.284518,0.0123047,0.211264,0.00977898
nuscenes,scene-1094_016,pitch,3,3,124,0.315101,0.0486729,0.212546,0.0140458
nuscenes,scene-1094_016,pitch,3,-3,119,0.282891,9.87053e-05,0.207043,0.0015481
nuscenes,scene-1094_016,roll,0.5,0.5,119,0.31746,0.0524358,0.216207,0.0181004
nuscenes,scene-1094_016,roll,0.5,-0.5,122,0.289196,0.0171948,0.207958,0.00977461
nuscenes,scene-1094_016,roll,1,1,120,0.304098,0.0300685,0.218277,0.0183751
nuscenes,scene-1094_016,roll,1,-1,119,0.27148,0.0131297,0.19485,-0.00214425
nuscenes,scene-1094_016,roll,2,2,122,0.271121,-0.00267023,0.214837,0.0096736
nuscenes,scene-1094_016,roll,2,-2,119,0.279725,0.0268327,0.201459,0.00986274
nuscenes,scene-1094_016,roll,3,3,119,0.277958,0.0404789,0.213305,0.0142162
nuscenes,scene-1094_016,roll,3,-3,117,0.318411,0.047314,0.204193,0.0125019
nuscenes,scene-1094_016,tx,10,10,120,0.346121,0.0578955,0.215126,0.0118909
nuscenes,scene-1094_016,tx,10,-10,118,0.369652,0.070094,0.224539,0.0218102
nuscenes,scene-1094_016,tx,20,20,114,0.347125,0.0573853,0.213731,0.0114407
nuscenes,scene-1094_016,tx,20,-20,117,0.350973,0.0655876,0.219676,0.0176246
nuscenes,scene-1094_016,tz,10,10,144,0.334886,0.0527383,0.217036,0.0144632
nuscenes,scene-1094_016,tz,10,-10,125,0.302478,0.0240923,0.204509,0.0053449
nuscenes,scene-1094_016,tz,20,20,253,0.279161,0.0484848,0.208389,0.0163983
nuscenes,scene-1094_016,tz,20,-20,125,0.299316,0.0141291,0.204506,0.0069809
nuscenes,scene-1094_017,baseline,0,0,107,0.329914,0.0551777,0.208178,0.0139288
nuscenes,scene-1094_017,yaw,0.5,0.5,104,0.340763,0.0521131,0.214695,0.0184611
nuscenes,scene-1094_017,yaw,0.5,-0.5,108,0.316678,0.0418445,0.211819,0.015855
nuscenes,scene-1094_017,yaw,1,1,105,0.301158,0.0162077,0.211711,0.01345
nuscenes,scene-1094_017,yaw,1,-1,113,0.314522,0.0466369,0.206691,0.0124904
nuscenes,scene-1094_017,yaw,2,2,101,0.270871,-0.0149023,0.19891,-0.000185907
nuscenes,scene-1094_017,yaw,2,-2,117,0.263801,-0.0200993,0.195523,-0.0017394
nuscenes,scene-1094_017,yaw,3,3,92,0.346515,0.0466955,0.209293,0.00557457
nuscenes,scene-1094_017,yaw,3,-3,126,0.239853,-0.0469201,0.188419,-0.008058
nuscenes,scene-1094_017,pitch,0.5,0.5,105,0.313746,0.0216983,0.209338,0.0118334
nuscenes,scene-1094_017,pitch,0.5,-0.5,106,0.338998,0.0577205,0.210176,0.0139129
nuscenes,scene-1094_017,pitch,1,1,106,0.314388,0.0211151,0.212936,0.0138089
nuscenes,scene-1094_017,pitch,1,-1,108,0.323979,0.0233055,0.211631,0.0113122
nuscenes,scene-1094_017,pitch,2,2,105,0.295512,0.0206283,0.2081,0.0124072
nuscenes,scene-1094_017,pitch,2,-2,106,0.346195,0.0145262,0.214583,0.00604352
nuscenes,scene-1094_017,pitch,3,3,105,0.345004,0.0701861,0.210816,0.0169764
nuscenes,scene-1094_017,pitch,3,-3,105,0.315141,-0.0163394,0.213211,0.00593518
nuscenes,scene-1094_017,roll,0.5,0.5,108,0.32632,0.0364105,0.216253,0.0146832
nuscenes,scene-1094_017,roll,0.5,-0.5,101,0.320036,0.0121782,0.207794,0.00773817
nuscenes,scene-1094_017,roll,1,1,110,0.295269,-0.00286764,0.205628,0.00319269
nuscenes,scene-1094_017,roll,1,-1,103,0.326358,0.0312485,0.209326,0.00676031
nuscenes,scene-1094_017,roll,2,2,114,0.295,0.0119141,0.203039,0.00474384
nuscenes,scene-1094_017,roll,2,-2,104,0.335572,0.0532939,0.208692,0.0121533
nuscenes,scene-1094_017,roll,3,3,115,0.272662,0.0149132,0.205846,0.00750867
nuscenes,scene-1094_017,roll,3,-3,104,0.280782,-0.0088357,0.184728,-0.00940768
nuscenes,scene-1094_017,tx,10,10,118,0.306874,0.0417526,0.206821,0.0138969
nuscenes,scene-1094_017,tx,10,-10,106,0.328426,0.0626067,0.206298,0.0151697
nuscenes,scene-1094_017,tx,20,20,113,0.348932,0.052167,0.221671,0.0207702
nuscenes,scene-1094_017,tx,20,-20,112,0.279494,0.0250698,0.196824,0.00808097
nuscenes,scene-1094_017,tz,10,10,131,0.366358,0.0618842,0.22141,0.0179044
nuscenes,scene-1094_017,tz,10,-10,104,0.289817,0.0202131,0.204703,0.0119319
nuscenes,scene-1094_017,tz,20,20,224,0.254885,0.0248701,0.199564,0.0112533
nuscenes,scene-1094_017,tz,20,-20,106,0.261589,-0.0159625,0.201116,0.00671519
nuscenes,scene-1094_018,baseline,0,0,102,0.346597,0.0463058,0.220715,0.0148463
nuscenes,scene-1094_018,yaw,0.5,0.5,100,0.349002,0.0453623,0.219791,0.0157282
nuscenes,scene-1094_018,yaw,0.5,-0.5,104,0.326564,0.0400028,0.220531,0.0178293
nuscenes,scene-1094_018,yaw,1,1,103,0.387558,0.07932,0.214434,0.00995573
nuscenes,scene-1094_018,yaw,1,-1,107,0.351818,0.0518497,0.21892,0.0131765
nuscenes,scene-1094_018,yaw,2,2,102,0.383176,0.0690711,0.222539,0.010364
nuscenes,scene-1094_018,yaw,2,-2,111,0.335618,0.0301498,0.20718,-0.00295152
nuscenes,scene-1094_018,yaw,3,3,105,0.362808,0.0422185,0.222779,0.0152453
nuscenes,scene-1094_018,yaw,3,-3,113,0.274485,-0.0255283,0.203089,-0.00488155
nuscenes,scene-1094_018,pitch,0.5,0.5,100,0.326008,0.0252396,0.218976,0.0133591
nuscenes,scene-1094_018,pitch,0.5,-0.5,100,0.340141,0.0376216,0.219548,0.0119146
nuscenes,scene-1094_018,pitch,1,1,102,0.308426,0.0259227,0.216514,0.0104562
nuscenes,scene-1094_018,pitch,1,-1,101,0.329596,0.0287186,0.215669,0.00769664
nuscenes,scene-1094_018,pitch,2,2,101,0.279848,0.013334,0.216398,0.0124817
nuscenes,scene-1094_018,pitch,2,-2,105,0.308562,0.0191408,0.2163,0.00554205
nuscenes,scene-1094_018,pitch,3,3,103,0.283402,0.0298415,0.217882,0.0212516
nuscenes,scene-1094_018,pitch,3,-3,103,0.299569,0.00536919,0.217639,0.00174415
nuscenes,scene-1094_018,roll,0.5,0.5,98,0.347534,0.0530888,0.225805,0.0151332
nuscenes,scene-1094_018,roll,0.5,-0.5,102,0.306911,0.0127522,0.209365,0.00310229
nuscenes,scene-1094_018,roll,1,1,95,0.335964,0.066538,0.225026,0.0191882
nuscenes,scene-1094_018,roll,1,-1,102,0.290922,-0.00357401,0.205276,-0.00346832
nuscenes,scene-1094_018,roll,2,2,96,0.279988,0.00924996,0.205268,0.00502367
nuscenes,scene-1094_018,roll,2,-2,107,0.265853,-0.0291704,0.205315,0.00104879
nuscenes,scene-1094_018,roll,3,3,96,0.23779,-0.0501046,0.196866,-0.00980362
nuscenes,scene-1094_018,roll,3,-3,111,0.312087,0.0153088,0.205214,0.0031251
nuscenes,scene-1094_018,tx,10,10,106,0.328049,0.0383684,0.217247,0.0113717
nuscenes,scene-1094_018,tx,10,-10,108,0.360204,0.0639166,0.215399,0.0133042
nuscenes,scene-1094_018,tx,20,20,104,0.353127,0.0336846,0.220098,0.00977221
nuscenes,scene-1094_018,tx,20,-20,107,0.360893,0.0822634,0.209357,0.0119387
nuscenes,scene-1094_018,tz,10,10,136,0.390585,0.0565211,0.230955,0.0088169
nuscenes,scene-1094_018,tz,10,-10,120,0.260716,-0.0226597,0.204523,0.0028519
nuscenes,scene-1094_018,tz,20,20,276,0.253045,0.0225796,0.192771,0.00410226
nuscenes,scene-1094_018,tz,20,-20,121,0.269817,-0.0172759,0.203206,0.0020124
nuscenes,scene-1094_019,baseline,0,0,142,0.38371,0.0546456,0.248106,0.0249915
nuscenes,scene-1094_019,yaw,0.5,0.5,139,0.394092,0.0500506,0.25809,0.0290027
nuscenes,scene-1094_019,yaw,0.5,-0.5,144,0.331429,0.00158808,0.242972,0.0192197
nuscenes,scene-1094_019,yaw,1,1,127,0.390063,0.0587817,0.2481,0.0229632
nuscenes,scene-1094_019,yaw,1,-1,145,0.347712,0.0235616,0.244464,0.0195371
nuscenes,scene-1094_019,yaw,2,2,125,0.321996,0.00964722,0.217786,-0.00112247
nuscenes,scene-1094_019,yaw,2,-2,141,0.333049,0.00633383,0.220941,-0.0113193
nuscenes,scene-1094_019,yaw,3,3,119,0.356068,0.0459811,0.222932,0.00413363
nuscenes,scene-1094_019,yaw,3,-3,142,0.304911,-0.0158415,0.21457,-0.0131743
nuscenes,scene-1094_019,pitch,0.5,0.5,143,0.376894,0.0567354,0.244829,0.0235316
nuscenes,scene-1094_019,pitch,0.5,-0.5,135,0.385692,0.0493445,0.247257,0.0213706
nuscenes,scene-1094_019,pitch,1,1,135,0.369594,0.0634556,0.240024,0.0206276
nuscenes,scene-1094_019,pitch,1,-1,139,0.366345,0.0416089,0.245066,0.0202009
nuscenes,scene-1094_019,pitch,2,2,137,0.332006,0.0446443,0.226513,0.0117462
nuscenes,scene-1094_019,pitch,2,-2,138,0.362862,0.0316473,0.240431,0.0124588
nuscenes,scene-1094_019,pitch,3,3,138,0.324118,0.0434181,0.224087,0.0103686
nuscenes,scene-1094_019,pitch,3,-3,132,0.365437,0.0465861,0.24805,0.0183842
nuscenes,scene-1094_019,roll,0.5,0.5,140,0.369435,0.0820879,0.235702,0.0159462
nuscenes,scene-1094_019,roll,0.5,-0.5,134,0.351771,0.0396614,0.235796,0.018587
nuscenes,scene-1094_019,roll,1,1,139,0.34127,0.0391254,0.232557,0.0121045
nuscenes,scene-1094_019,roll,1,-1,132,0.331844,0.027213,0.229987,0.0116212
nuscenes,scene-1094_019,roll,2,2,137,0.331251,0.0628306,0.237676,0.0216844
nuscenes,scene-1094_019,roll,2,-2,130,0.351564,0.0439864,0.235048,0.0147804
nuscenes,scene-1094_019,roll,3,3,133,0.314498,0.0290437,0.233775,0.0136935
nuscenes,scene-1094_019,roll,3,-3,129,0.368934,0.0370881,0.227311,0.00456281
nuscenes,scene-1094_019,tx,10,10,136,0.36488,0.0371237,0.248004,0.0217089
nuscenes,scene-1094_019,tx,10,-10,130,0.400695,0.0762866,0.248188,0.0249485
nuscenes,scene-1094_019,tx,20,20,133,0.365249,0.0304515,0.249248,0.0229256
nuscenes,scene-1094_019,tx,20,-20,126,0.378024,0.0563979,0.242372,0.0208707
nuscenes,scene-1094_019,tz,10,10,170,0.359201,0.0521695,0.245864,0.0219129
nuscenes,scene-1094_019,tz,10,-10,150,0.293609,0.0152079,0.221023,0.016082
nuscenes,scene-1094_019,tz,20,20,321,0.242151,0.0169605,0.19672,0.00414263
nuscenes,scene-1094_019,tz,20,-20,158,0.270981,0.00875238,0.214888,0.0126607
nuscenes,scene-1094_020,baseline,0,0,169,0.324726,0.0195014,0.227661,0.00060761
nuscenes,scene-1094_020,yaw,0.5,0.5,169,0.325132,0.029684,0.223026,0.0016332
nuscenes,scene-1094_020,yaw,0.5,-0.5,176,0.291341,0.000808448,0.226913,0.000336021
nuscenes,scene-1094_020,yaw,1,1,170,0.296158,0.0165227,0.218497,0.00321177
nuscenes,scene-1094_020,yaw,1,-1,177,0.309516,0.0192393,0.22832,0.00387868
nuscenes,scene-1094_020,yaw,2,2,170,0.308672,0.0428441,0.217958,0.00387681
nuscenes,scene-1094_020,yaw,2,-2,181,0.291274,0.00929525,0.219523,-0.00209419
nuscenes,scene-1094_020,yaw,3,3,153,0.31423,0.0246678,0.217877,0.00318357
nuscenes,scene-1094_020,yaw,3,-3,192,0.302195,0.0252331,0.222455,-2.0504e-05
nuscenes,scene-1094_020,pitch,0.5,0.5,171,0.319676,0.0230298,0.230144,0.00450967
nuscenes,scene-1094_020,pitch,0.5,-0.5,167,0.306379,0.00609776,0.22546,-0.00347611
nuscenes,scene-1094_020,pitch,1,1,174,0.310438,0.0230131,0.229558,0.00655991
nuscenes,scene-1094_020,pitch,1,-1,168,0.313431,0.0123611,0.226879,-0.00301634
nuscenes,scene-1094_020,pitch,2,2,177,0.295052,0.0140335,0.224837,0.00470975
nuscenes,scene-1094_020,pitch,2,-2,167,0.286331,-0.0256994,0.228068,-0.00331782
nuscenes,scene-1094_020,pitch,3,3,175,0.253446,-0.00659367,0.222395,0.00546908
nuscenes,scene-1094_020,pitch,3,-3,172,0.266807,-0.0338414,0.221955,-0.00459428
nuscenes,scene-1094_020,roll,0.5,0.5,169,0.314621,0.0142809,0.235469,0.00771013
nuscenes,scene-1094_020,roll,0.5,-0.5,167,0.303569,0.0102633,0.226744,-0.00039579
nuscenes,scene-1094_020,roll,1,1,169,0.305497,0.0175082,0.233042,0.008857
nuscenes,scene-1094_020,roll,1,-1,167,0.264629,-0.0309146,0.223569,-0.00015761
nuscenes,scene-1094_020,roll,2,2,173,0.306957,0.0649935,0.233098,0.0167477
nuscenes,scene-1094_020,roll,2,-2,167,0.304058,0.0250292,0.227523,0.00955099
nuscenes,scene-1094_020,roll,3,3,177,0.279281,0.0291156,0.235087,0.020159
nuscenes,scene-1094_020,roll,3,-3,167,0.27385,-0.0149607,0.22531,0.00682016
nuscenes,scene-1094_020,tx,10,10,164,0.301373,-0.00300494,0.225402,-0.00424078
nuscenes,scene-1094_020,tx,10,-10,177,0.318623,0.0192271,0.222528,0.0010509
nuscenes,scene-1094_020,tx,20,20,160,0.310527,-0.00592744,0.224345,-0.006735
nuscenes,scene-1094_020,tx,20,-20,182,0.316788,0.0316195,0.219903,0.00369111
nuscenes,scene-1094_020,tz,10,10,208,0.325176,0.0218235,0.231015,0.00230473
nuscenes,scene-1094_020,tz,10,-10,147,0.30915,0.0378398,0.224784,0.00495747
nuscenes,scene-1094_020,tz,20,20,322,0.26504,0.0242303,0.202174,0.00245534
nuscenes,scene-1094_020,tz,20,-20,169,0.245637,-0.00244811,0.207025,-0.00543205
nuscenes,scene-1094_021,baseline,0,0,174,0.356164,0.0607335,0.243703,0.0188576
nuscenes,scene-1094_021,yaw,0.5,0.5,176,0.337072,0.0466857,0.241412,0.0175426
nuscenes,scene-1094_021,yaw,0.5,-0.5,175,0.302016,0.0122433,0.235013,0.0108234
nuscenes,scene-1094_021,yaw,1,1,174,0.32065,0.0477062,0.242137,0.0233623
nuscenes,scene-1094_021,yaw,1,-1,181,0.29779,0.00778857,0.230484,0.00300102
nuscenes,scene-1094_021,yaw,2,2,179,0.30686,0.0370812,0.231811,0.0183374
nuscenes,scene-1094_021,yaw,2,-2,178,0.318233,0.0237674,0.230379,0.00299579
nuscenes,scene-1094_021,yaw,3,3,171,0.289217,0.0149937,0.22085,0.00947243
nuscenes,scene-1094_021,yaw,3,-3,191,0.283889,0.00843051,0.217357,-0.00301746
nuscenes,scene-1094_021,pitch,0.5,0.5,178,0.3588,0.0595655,0.246139,0.021355
nuscenes,scene-1094_021,pitch,0.5,-0.5,179,0.368565,0.0574028,0.244139,0.0169667
nuscenes,scene-1094_021,pitch,1,1,173,0.358491,0.0688803,0.247119,0.0244607
nuscenes,scene-1094_021,pitch,1,-1,179,0.393688,0.0743358,0.24478,0.0166336
nuscenes,scene-1094_021,pitch,2,2,175,0.34591,0.0589773,0.241447,0.0211957
nuscenes,scene-1094_021,pitch,2,-2,179,0.387156,0.073501,0.24365,0.0158236
nuscenes,scene-1094_021,pitch,3,3,178,0.340533,0.057298,0.233365,0.0163941
nuscenes,scene-1094_021,pitch,3,-3,177,0.365077,0.0601106,0.235973,0.0102306
nuscenes,scene-1094_021,roll,0.5,0.5,182,0.365687,0.0655588,0.242743,0.0162443
nuscenes,scene-1094_021,roll,0.5,-0.5,176,0.404805,0.0855,0.252675,0.028102
nuscenes,scene-1094_021,roll,1,1,185,0.340653,0.0524206,0.235318,0.0133634
nuscenes,scene-1094_021,roll,1,-1,174,0.356606,0.0505569,0.248058,0.0236045
nuscenes,scene-1094_021,roll,2,2,187,0.31391,0.0403169,0.219772,1.58101e-05
nuscenes,scene-1094_021,roll,2,-2,173,0.347371,0.0185598,0.239941,0.0107932
nuscenes,scene-1094_021,roll,3,3,192,0.28583,0.0358087,0.223776,0.0117743
nuscenes,scene-1094_021,roll,3,-3,173,0.355099,0.044358,0.232278,0.00986663
nuscenes,scene-1094_021,tx,10,10,178,0.326961,0.0511978,0.24129,0.0210869
nuscenes,scene-1094_021,tx,10,-10,182,0.370241,0.0738912,0.243686,0.0205352
nuscenes,scene-1094_021,tx,20,20,196,0.320821,0.0471383,0.235455,0.0173271
nuscenes,scene-1094_021,tx,20,-20,174,0.339341,0.0494558,0.240954,0.019855
nuscenes,scene-1094_021,tz,10,10,216,0.32475,0.0374889,0.232617,0.0110101
nuscenes,scene-1094_021,tz,10,-10,171,0.352482,0.0708067,0.240611,0.0232753
nuscenes,scene-1094_021,tz,20,20,337,0.258976,0.0204398,0.203529,0.00820044
nuscenes,scene-1094_021,tz,20,-20,173,0.35285,0.0665019,0.237095,0.021443
nuscenes,scene-1094_022,baseline,0,0,199,0.250089,0.0409428,0.243709,0.0207693
nuscenes,scene-1094_022,yaw,0.5,0.5,196,0.244063,0.0362723,0.239095,0.0159425
nuscenes,scene-1094_022,yaw,0.5,-0.5,198,0.230427,0.0345082,0.242751,0.0235542
nuscenes,scene-1094_022,yaw,1,1,200,0.271976,0.048018,0.242057,0.0135964
nuscenes,scene-1094_022,yaw,1,-1,203,0.229501,0.0340448,0.240462,0.0195163
nuscenes,scene-1094_022,yaw,2,2,198,0.243936,0.0309945,0.229957,0.00550599
nuscenes,scene-1094_022,yaw,2,-2,204,0.206529,-0.00617449,0.231394,0.00444917
nuscenes,scene-1094_022,yaw,3,3,191,0.245771,0.0354461,0.236177,0.0124835
nuscenes,scene-1094_022,yaw,3,-3,208,0.206719,-0.011401,0.230331,0.000878468
nuscenes,scene-1094_022,pitch,0.5,0.5,199,0.237996,0.0271695,0.243267,0.0211808
nuscenes,scene-1094_022,pitch,0.5,-0.5,199,0.256063,0.0555158,0.239517,0.0188263
nuscenes,scene-1094_022,pitch,1,1,198,0.237574,0.0286862,0.242986,0.0202392
nuscenes,scene-1094_022,pitch,1,-1,197,0.257493,0.0541197,0.23728,0.0153888
nuscenes,scene-1094_022,pitch,2,2,203,0.244101,0.0403174,0.236333,0.0142473
nuscenes,scene-1094_022,pitch,2,-2,201,0.261398,0.0526024,0.234509,0.00959133
nuscenes,scene-1094_022,pitch,3,3,196,0.229982,0.0374466,0.231462,0.0120577
nuscenes,scene-1094_022,pitch,3,-3,205,0.257514,0.0374867,0.23471,0.00673322
nuscenes,scene-1094_022,roll,0.5,0.5,203,0.242723,0.0370659,0.240692,0.0189382
nuscenes,scene-1094_022,roll,0.5,-0.5,198,0.24976,0.0443317,0.240293,0.0144317
nuscenes,scene-1094_022,roll,1,1,206,0.209884,0.0253014,0.228053,0.0106521
nuscenes,scene-1094_022,roll,1,-1,198,0.260369,0.0457978,0.241086,0.0121442
nuscenes,scene-1094_022,roll,2,2,209,0.181523,0.00720191,0.217458,0.00478494
nuscenes,scene-1094_022,roll,2,-2,194,0.238697,0.0133397,0.229027,-0.00567125
nuscenes,scene-1094_022,roll,3,3,213,0.156044,-0.00763449,0.195841,-0.0127871
nuscenes,scene-1094_022,roll,3,-3,187,0.241658,-0.00864436,0.234746,-0.00266844
nuscenes,scene-1094_022,tx,10,10,197,0.228899,0.0314187,0.240186,0.0205639
nuscenes,scene-1094_022,tx,10,-10,199,0.240641,0.0292068,0.240217,0.0169019
nuscenes,scene-1094_022,tx,20,20,213,0.250739,0.0426102,0.240852,0.0185819
nuscenes,scene-1094_022,tx,20,-20,191,0.24355,0.0291445,0.238939,0.0144324
nuscenes,scene-1094_022,tz,10,10,234,0.24019,0.0249706,0.235949,0.0148671
nuscenes,scene-1094_022,tz,10,-10,203,0.250391,0.0415286,0.239783,0.0170115
nuscenes,scene-1094_022,tz,20,20,384,0.185168,0.00573021,0.206409,0.00383735
nuscenes,scene-1094_022,tz,20,-20,192,0.264512,0.0502689,0.239667,0.0143935
nuscenes,scene-1094_023,baseline,0,0,200,0.252612,0.0454921,0.240419,0.0169778
nuscenes,scene-1094_023,yaw,0.5,0.5,198,0.251277,0.0414097,0.237571,0.014634
nuscenes,scene-1094_023,yaw,0.5,-0.5,205,0.254245,0.0494602,0.239351,0.0149045
nuscenes,scene-1094_023,yaw,1,1,198,0.23944,0.018749,0.235601,0.00876793
nuscenes,scene-1094_023,yaw,1,-1,206,0.229723,0.0257268,0.234771,0.00937645
nuscenes,scene-1094_023,yaw,2,2,191,0.253172,0.0199774,0.236625,0.00720839
nuscenes,scene-1094_023,yaw,2,-2,219,0.248754,0.0426729,0.236257,0.00893204
nuscenes,scene-1094_023,yaw,3,3,187,0.237556,0.00700456,0.225061,-0.00254188
nuscenes,scene-1094_023,yaw,3,-3,226,0.201622,-0.0203418,0.231736,0.0038092
nuscenes,scene-1094_023,pitch,0.5,0.5,205,0.261632,0.0567624,0.239913,0.018821
nuscenes,scene-1094_023,pitch,0.5,-0.5,201,0.245034,0.0396008,0.23797,0.0141868
nuscenes,scene-1094_023,pitch,1,1,202,0.25454,0.0551435,0.23708,0.0175902
nuscenes,scene-1094_023,pitch,1,-1,202,0.236475,0.0249095,0.233778,0.0100345
nuscenes,scene-1094_023,pitch,2,2,203,0.229085,0.0454046,0.230973,0.0143965
nuscenes,scene-1094_023,pitch,2,-2,201,0.220782,0.01313,0.225319,0.00104327
nuscenes,scene-1094_023,pitch,3,3,202,0.213254,0.0351318,0.230057,0.0146896
nuscenes,scene-1094_023,pitch,3,-3,202,0.220006,0.00507936,0.228024,0.000480697
nuscenes,scene-1094_023,roll,0.5,0.5,204,0.246909,0.0526216,0.234165,0.0160084
nuscenes,scene-1094_023,roll,0.5,-0.5,196,0.237479,0.0145665,0.237968,0.00884402
nuscenes,scene-1094_023,roll,1,1,199,0.214114,0.0338095,0.224911,0.0106339
nuscenes,scene-1094_023,roll,1,-1,198,0.230089,0.000147909,0.235708,0.0019515
nuscenes,scene-1094_023,roll,2,2,200,0.206874,0.0316912,0.223228,0.0117888
nuscenes,scene-1094_023,roll,2,-2,191,0.186211,-0.0588886,0.222136,-0.0151369
nuscenes,scene-1094_023,roll,3,3,200,0.167703,0.0105462,0.209654,0.00418594
nuscenes,scene-1094_023,roll,3,-3,194,0.187808,-0.069402,0.225217,-0.0164222
nuscenes,scene-1094_023,tx,10,10,190,0.248916,0.044692,0.238929,0.0164187
nuscenes,scene-1094_023,tx,10,-10,202,0.257366,0.0481889,0.238513,0.0152723
nuscenes,scene-1094_023,tx,20,20,195,0.243391,0.0445298,0.237905,0.0156556
nuscenes,scene-1094_023,tx,20,-20,202,0.266539,0.054173,0.241903,0.0176534
nuscenes,scene-1094_023,tz,10,10,220,0.259192,0.0662189,0.241232,0.0235371
nuscenes,scene-1094_023,tz,10,-10,187,0.254715,0.0453893,0.239708,0.0134103
nuscenes,scene-1094_023,tz,20,20,329,0.183163,0.0479721,0.206993,0.0160381
nuscenes,scene-1094_023,tz,20,-20,191,0.245774,0.03174,0.239642,0.0130557
nuscenes,scene-1094_024,baseline,0,0,222,0.275727,0.0535538,0.243707,0.0161627
nuscenes,scene-1094_024,yaw,0.5,0.5,220,0.243156,0.0260788,0.238569,0.0131467
nuscenes,scene-1094_024,yaw,0.5,-0.5,226,0.288694,0.0554101,0.248132,0.0191282
nuscenes,scene-1094_024,yaw,1,1,217,0.238874,0.0195468,0.23049,0.00510365
nuscenes,scene-1094_024,yaw,1,-1,231,0.269187,0.0479291,0.244164,0.0206338
nuscenes,scene-1094_024,yaw,2,2,210,0.250662,0.0160369,0.236409,0.00475605
nuscenes,scene-1094_024,yaw,2,-2,232,0.232997,0.00968988,0.224795,0.00248393
nuscenes,scene-1094_024,yaw,3,3,214,0.210424,0.0043835,0.221624,-0.00365336
nuscenes,scene-1094_024,yaw,3,-3,239,0.201914,-0.0285853,0.217826,-0.00518803
nuscenes,scene-1094_024,pitch,0.5,0.5,225,0.270289,0.0411818,0.242975,0.0141833
nuscenes,scene-1094_024,pitch,0.5,-0.5,223,0.267249,0.0538573,0.238531,0.0136167
nuscenes,scene-1094_024,pitch,1,1,225,0.282604,0.0418316,0.242448,0.0134469
nuscenes,scene-1094_024,pitch,1,-1,224,0.265777,0.0507894,0.236711,0.0118166
nuscenes,scene-1094_024,pitch,2,2,225,0.274655,0.0513514,0.241151,0.0158612
nuscenes,scene-1094_024,pitch,2,-2,222,0.270933,0.0482251,0.236521,0.0122197
nuscenes,scene-1094_024,pitch,3,3,228,0.27577,0.056334,0.241025,0.0187483
nuscenes,scene-1094_024,pitch,3,-3,224,0.266286,0.0411591,0.233366,0.00961904
nuscenes,scene-1094_024,roll,0.5,0.5,223,0.30462,0.0871646,0.24932,0.0255078
nuscenes,scene-1094_024,roll,0.5,-0.5,221,0.275265,0.0463404,0.234468,0.00873774
nuscenes,scene-1094_024,roll,1,1,222,0.264233,0.0645383,0.241167,0.0233002
nuscenes,scene-1094_024,roll,1,-1,226,0.271932,0.0348509,0.236392,0.00970118
nuscenes,scene-1094_024,roll,2,2,219,0.249823,0.0535592,0.225677,0.0110043
nuscenes,scene-1094_024,roll,2,-2,226,0.24002,-0.013993,0.230943,-0.00160317
nuscenes,scene-1094_024,roll,3,3,218,0.215953,0.033768,0.226837,0.0127592
nuscenes,scene-1094_024,roll,3,-3,223,0.228622,-0.0136681,0.23401,0.00254555
nuscenes,scene-1094_024,tx,10,10,223,0.281131,0.0554592,0.245034,0.0171151
nuscenes,scene-1094_024,tx,10,-10,221,0.266061,0.0450919,0.241698,0.0157737
nuscenes,scene-1094_024,tx,20,20,225,0.286206,0.0560862,0.244324,0.0149959
nuscenes,scene-1094_024,tx,20,-20,224,0.231037,0.0129134,0.237888,0.0113379
nuscenes,scene-1094_024,tz,10,10,217,0.290518,0.0720112,0.24875,0.022613
nuscenes,scene-1094_024,tz,10,-10,217,0.259122,0.0368492,0.237684,0.0101431
nuscenes,scene-1094_024,tz,20,20,317,0.208982,0.0500022,0.216132,0.016892
nuscenes,scene-1094_024,tz,20,-20,221,0.259552,0.0327535,0.233874,0.00642794
nuscenes,scene-1094_025,baseline,0,0,220,0.268732,0.0319735,0.225844,0.0126895
nuscenes,scene-1094_025,yaw,0.5,0.5,215,0.261628,0.0251392,0.225984,0.0128264
nuscenes,scene-1094_025,yaw,0.5,-0.5,219,0.27584,0.0418644,0.223235,0.0144029
nuscenes,scene-1094_025,yaw,1,1,208,0.262011,0.0389194,0.22557,0.0138379
nuscenes,scene-1094_025,yaw,1,-1,221,0.264659,0.0264648,0.221591,0.0099006
nuscenes,scene-1094_025,yaw,2,2,204,0.282858,0.0501522,0.219383,0.00476801
nuscenes,scene-1094_025,yaw,2,-2,211,0.266866,0.0276007,0.220066,0.00620042
nuscenes,scene-1094_025,yaw,3,3,187,0.25712,0.015317,0.218852,0.00168408
nuscenes,scene-1094_025,yaw,3,-3,212,0.296088,0.0403785,0.223253,0.00588094
nuscenes,scene-1094_025,pitch,0.5,0.5,222,0.264796,0.019775,0.230226,0.0134101
nuscenes,scene-1094_025,pitch,0.5,-0.5,219,0.276143,0.0411899,0.223495,0.0134057
nuscenes,scene-1094_025,pitch,1,1,222,0.280373,0.0374653,0.231201,0.0138957
nuscenes,scene-1094_025,pitch,1,-1,220,0.274332,0.0358284,0.224285,0.0141843
nuscenes,scene-1094_025,pitch,2,2,223,0.258121,0.0218524,0.22497,0.0121247
nuscenes,scene-1094_025,pitch,2,-2,218,0.284105,0.0325779,0.229625,0.0147191
nuscenes,scene-1094_025,pitch,3,3,224,0.276421,0.0381956,0.222332,0.00892819
nuscenes,scene-1094_025,pitch,3,-3,222,0.261145,0.0168317,0.232282,0.0154375
nuscenes,scene-1094_025,roll,0.5,0.5,219,0.276491,0.0356528,0.23069,0.0181332
nuscenes,scene-1094_025,roll,0.5,-0.5,219,0.275656,0.0313493,0.226193,0.0114185
nuscenes,scene-1094_025,roll,1,1,219,0.3027,0.0722868,0.228933,0.0181683
nuscenes,scene-1094_025,roll,1,-1,217,0.256117,0.0110924,0.224048,0.00881404
nuscenes,scene-1094_025,roll,2,2,220,0.245566,0.0210876,0.219715,0.00937974
nuscenes,scene-1094_025,roll,2,-2,218,0.250959,-0.00596088,0.214759,-0.00154161
nuscenes,scene-1094_025,roll,3,3,220,0.198542,-0.0200965,0.207603,0.000283614
nuscenes,scene-1094_025,roll,3,-3,215,0.206789,-0.0308895,0.204503,-0.0127945
nuscenes,scene-1094_025,tx,10,10,210,0.267611,0.0350377,0.222295,0.0119904
nuscenes,scene-1094_025,tx,10,-10,222,0.261065,0.0190508,0.225673,0.0124319
nuscenes,scene-1094_025,tx,20,20,201,0.29228,0.0474014,0.227907,0.0152834
nuscenes,scene-1094_025,tx,20,-20,227,0.266279,0.0200783,0.226108,0.0137199
nuscenes,scene-1094_025,tz,10,10,242,0.285728,0.0419955,0.230592,0.0154145
nuscenes,scene-1094_025,tz,10,-10,232,0.253983,0.0187422,0.220641,0.0081615
nuscenes,scene-1094_025,tz,20,20,337,0.237442,0.0218623,0.207812,0.00951387
nuscenes,scene-1094_025,tz,20,-20,232,0.25052,0.00863242,0.218235,0.00571886
nuscenes,scene-1094_026,baseline,0,0,194,0.22761,0.0490317,0.22266,0.0154574
nuscenes,scene-1094_026,yaw,0.5,0.5,191,0.211877,0.0342084,0.220446,0.0144574
nuscenes,scene-1094_026,yaw,0.5,-0.5,194,0.208137,0.0240277,0.215921,0.00502965
nuscenes,scene-1094_026,yaw,1,1,187,0.191592,0.0250622,0.214757,0.0101614
nuscenes,scene-1094_026,yaw,1,-1,196,0.197711,0.00727211,0.209421,-0.00341986
nuscenes,scene-1094_026,yaw,2,2,185,0.179184,0.00972278,0.215496,0.0148913
nuscenes,scene-1094_026,yaw,2,-2,205,0.191634,0.00349779,0.212262,-0.000170723
nuscenes,scene-1094_026,yaw,3,3,174,0.187241,0.0178836,0.20755,0.00170065
nuscenes,scene-1094_026,yaw,3,-3,207,0.212555,0.0107684,0.212464,-0.000144526
nuscenes,scene-1094_026,pitch,0.5,0.5,192,0.219881,0.0413561,0.223925,0.0158983
nuscenes,scene-1094_026,pitch,0.5,-0.5,194,0.247516,0.063906,0.219761,0.0126732
nuscenes,scene-1094_026,pitch,1,1,190,0.221299,0.0412091,0.225752,0.0172571
nuscenes,scene-1094_026,pitch,1,-1,193,0.237209,0.0537628,0.218688,0.0101707
nuscenes,scene-1094_026,pitch,2,2,192,0.242908,0.0550358,0.226574,0.0203249
nuscenes,scene-1094_026,pitch,2,-2,196,0.236056,0.042081,0.220028,0.00794713
nuscenes,scene-1094_026,pitch,3,3,192,0.258992,0.0618677,0.221568,0.0141576
nuscenes,scene-1094_026,pitch,3,-3,195,0.217969,0.0238678,0.217319,0.00542784
nuscenes,scene-1094_026,roll,0.5,0.5,196,0.250889,0.0694645,0.229335,0.0224863
nuscenes,scene-1094_026,roll,0.5,-0.5,193,0.228168,0.0322189,0.216315,0.00547084
nuscenes,scene-1094_026,roll,1,1,198,0.258366,0.0687601,0.224674,0.0191678
nuscenes,scene-1094_026,roll,1,-1,190,0.227212,0.037981,0.217167,0.005254
nuscenes,scene-1094_026,roll,2,2,199,0.223409,0.0378788,0.215457,0.013155
nuscenes,scene-1094_026,roll,2,-2,189,0.204517,-0.000235021,0.206829,-0.00820085
nuscenes,scene-1094_026,roll,3,3,206,0.186843,0.0106654,0.213826,0.0117448
nuscenes,scene-1094_026,roll,3,-3,193,0.159955,-0.0295681,0.20014,-0.00856248
nuscenes,scene-1094_026,tx,10,10,194,0.230267,0.0548557,0.218893,0.0126482
nuscenes,scene-1094_026,tx,10,-10,198,0.227484,0.050261,0.224446,0.0200834
nuscenes,scene-1094_026,tx,20,20,200,0.217305,0.0471952,0.213657,0.00789943
nuscenes,scene-1094_026,tx,20,-20,207,0.219186,0.0471651,0.22078,0.0165972
nuscenes,scene-1094_026,tz,10,10,244,0.23105,0.0614924,0.223533,0.0191412
nuscenes,scene-1094_026,tz,10,-10,195,0.229274,0.05499,0.214144,0.00981267
nuscenes,scene-1094_026,tz,20,20,327,0.212559,0.042581,0.20928,0.0146317
nuscenes,scene-1094_026,tz,20,-20,201,0.231988,0.058548,0.212685,0.00813641
nuscenes,scene-1094_027,baseline,0,0,195,0.268466,0.0458194,0.232102,0.0145125
nuscenes,scene-1094_027,yaw,0.5,0.5,189,0.275757,0.0538369,0.236152,0.0189786
nuscenes,scene-1094_027,yaw,0.5,-0.5,204,0.245466,0.022288,0.226473,0.00643888
nuscenes,scene-1094_027,yaw,1,1,180,0.282679,0.0605653,0.229754,0.00831644
nuscenes,scene-1094_027,yaw,1,-1,207,0.235288,0.0156255,0.230789,0.0115564
nuscenes,scene-1094_027,yaw,2,2,184,0.257426,0.0289414,0.229204,0.00876625
nuscenes,scene-1094_027,yaw,2,-2,219,0.217557,0.00969394,0.21884,0.00549167
nuscenes,scene-1094_027,yaw,3,3,175,0.235825,0.0225532,0.220965,0.00471656
nuscenes,scene-1094_027,yaw,3,-3,225,0.203857,0.000579357,0.217596,0.00573687
nuscenes,scene-1094_027,pitch,0.5,0.5,194,0.261872,0.0455332,0.228448,0.0141971
nuscenes,scene-1094_027,pitch,0.5,-0.5,198,0.27764,0.0600098,0.231593,0.0138672
nuscenes,scene-1094_027,pitch,1,1,196,0.27086,0.0563396,0.22922,0.0142229
nuscenes,scene-1094_027,pitch,1,-1,190,0.295719,0.071472,0.233411,0.0143017
nuscenes,scene-1094_027,pitch,2,2,199,0.281752,0.0632181,0.230728,0.0118007
nuscenes,scene-1094_027,pitch,2,-2,194,0.284293,0.0479705,0.228398,0.00905475
nuscenes,scene-1094_027,pitch,3,3,200,0.290844,0.0650824,0.232678,0.0104158
nuscenes,scene-1094_027,pitch,3,-3,190,0.242892,0.0216316,0.223418,0.00505298
nuscenes,scene-1094_027,roll,0.5,0.5,194,0.311451,0.09676,0.235454,0.0188229
nuscenes,scene-1094_027,roll,0.5,-0.5,193,0.280945,0.0546271,0.230277,0.0118313
nuscenes,scene-1094_027,roll,1,1,190,0.29474,0.0738628,0.232266,0.0126695
nuscenes,scene-1094_027,roll,1,-1,200,0.256698,0.0198835,0.224088,0.00216469
nuscenes,scene-1094_027,roll,2,2,191,0.270584,0.0364311,0.234304,0.0147896
nuscenes,scene-1094_027,roll,2,-2,202,0.207212,-0.0159585,0.209857,-0.00766832
nuscenes,scene-1094_027,roll,3,3,191,0.229602,0.0101692,0.218475,0.00427224
nuscenes,scene-1094_027,roll,3,-3,192,0.179583,-0.0236953,0.209065,-0.00331555
nuscenes,scene-1094_027,tx,10,10,196,0.240834,0.022836,0.224561,0.00951037
nuscenes,scene-1094_027,tx,10,-10,184,0.247229,0.0293346,0.23164,0.0142848
nuscenes,scene-1094_027,tx,20,20,194,0.250226,0.0250731,0.227907,0.0101378
nuscenes,scene-1094_027,tx,20,-20,188,0.23968,0.0306576,0.226511,0.0092005
nuscenes,scene-1094_027,tz,10,10,227,0.253043,0.0453235,0.232205,0.0192215
nuscenes,scene-1094_027,tz,10,-10,199,0.190903,0.0143368,0.209518,0.00398168
nuscenes,scene-1094_027,tz,20,20,312,0.235972,0.0530634,0.21001,0.0132628
nuscenes,scene-1094_027,tz,20,-20,191,0.213729,0.0154872,0.211561,0.000528216
nuscenes,scene-1094_028,baseline,0,0,201,0.241187,0.0250024,0.216429,-0.00473371
nuscenes,scene-1094_028,yaw,0.5,0.5,200,0.248445,0.0305609,0.222244,0.00219268
nuscenes,scene-1094_028,yaw,0.5,-0.5,199,0.247612,0.0289474,0.212394,-0.00788285
nuscenes,scene-1094_028,yaw,1,1,188,0.237234,0.0366445,0.224811,0.00966255
nuscenes,scene-1094_028,yaw,1,-1,210,0.25907,0.0453115,0.219631,-0.000617579
nuscenes,scene-1094_028,yaw,2,2,179,0.229341,-0.00666156,0.221129,-0.00319979
nuscenes,scene-1094_028,yaw,2,-2,219,0.253603,0.0305161,0.228683,0.00953893
nuscenes,scene-1094_028,yaw,3,3,173,0.218559,-0.0234713,0.220006,-0.00775006
nuscenes,scene-1094_028,yaw,3,-3,216,0.240097,-0.013069,0.235422,0.0112303
nuscenes,scene-1094_028,pitch,0.5,0.5,200,0.244719,0.0193293,0.218811,-0.00367232
nuscenes,scene-1094_028,pitch,0.5,-0.5,201,0.225723,0.0169942,0.215008,-0.00554153
nuscenes,scene-1094_028,pitch,1,1,200,0.236166,0.0127007,0.217641,-0.00339429
nuscenes,scene-1094_028,pitch,1,-1,202,0.219166,0.0110411,0.213364,-0.00679129
nuscenes,scene-1094_028,pitch,2,2,198,0.215255,-0.0073768,0.216259,-0.00283456
nuscenes,scene-1094_028,pitch,2,-2,205,0.207659,-0.00163753,0.213068,-0.00389232
nuscenes,scene-1094_028,pitch,3,3,201,0.239874,0.009408,0.226791,0.00313514
nuscenes,scene-1094_028,pitch,3,-3,202,0.19332,0.00195211,0.20758,-0.00324434
nuscenes,scene-1094_028,roll,0.5,0.5,201,0.220357,-0.00216708,0.214199,-0.00468102
nuscenes,scene-1094_028,roll,0.5,-0.5,200,0.2233,0.00312628,0.217561,-0.00325251
nuscenes,scene-1094_028,roll,1,1,200,0.214416,0.0154132,0.20823,-0.00374219
nuscenes,scene-1094_028,roll,1,-1,198,0.236075,0.00620717,0.223607,-0.00071767
nuscenes,scene-1094_028,roll,2,2,201,0.217149,0.00869885,0.219629,0.00271228
nuscenes,scene-1094_028,roll,2,-2,199,0.210972,-0.00781266,0.215009,-0.00635231
nuscenes,scene-1094_028,roll,3,3,196,0.208853,0.00362371,0.214557,0.00185643
nuscenes,scene-1094_028,roll,3,-3,198,0.229626,0.00101025,0.225417,0.00272569
nuscenes,scene-1094_028,tx,10,10,201,0.237301,0.02046,0.214966,-0.00732967
nuscenes,scene-1094_028,tx,10,-10,204,0.252039,0.029989,0.221261,-0.00423481
nuscenes,scene-1094_028,tx,20,20,199,0.23993,0.0234037,0.218702,-0.00439551
nuscenes,scene-1094_028,tx,20,-20,220,0.25327,0.0208816,0.224212,-0.00269929
nuscenes,scene-1094_028,tz,10,10,200,0.247268,0.0188752,0.216892,-0.00688083
nuscenes,scene-1094_028,tz,10,-10,189,0.246093,0.0189118,0.221555,-0.00260437
nuscenes,scene-1094_028,tz,20,20,279,0.211922,0.0288884,0.1976,0.000431091
nuscenes,scene-1094_028,tz,20,-20,184,0.235111,0.0182782,0.221009,-0.00112733
nuscenes,scene-1094_029,baseline,0,0,165,0.205103,0.0180308,0.214362,0.0012932
nuscenes,scene-1094_029,yaw,0.5,0.5,163,0.201541,0.0171912,0.214415,0.00328487
nuscenes,scene-1094_029,yaw,0.5,-0.5,164,0.170331,-0.020426,0.211392,0.000379324
nuscenes,scene-1094_029,yaw,1,1,163,0.187592,0.00983927,0.211974,0.00336654
nuscenes,scene-1094_029,yaw,1,-1,164,0.178622,-0.0216738,0.213714,-0.000722006
nuscenes,scene-1094_029,yaw,2,2,167,0.150603,-0.0394894,0.199737,-0.0103685
nuscenes,scene-1094_029,yaw,2,-2,164,0.164181,-0.0391892,0.206788,-0.00828131
nuscenes,scene-1094_029,yaw,3,3,166,0.165683,-0.0280811,0.201544,-0.00666682
nuscenes,scene-1094_029,yaw,3,-3,163,0.180124,-0.0524313,0.205029,-0.0181198
nuscenes,scene-1094_029,pitch,0.5,0.5,163,0.220747,0.0279601,0.21628,0.00181007
nuscenes,scene-1094_029,pitch,0.5,-0.5,163,0.193789,0.00322755,0.214687,0.000514343
nuscenes,scene-1094_029,pitch,1,1,165,0.219076,0.0161439,0.22229,0.00455751
nuscenes,scene-1094_029,pitch,1,-1,165,0.184078,-0.0109613,0.213357,-0.00179371
nuscenes,scene-1094_029,pitch,2,2,166,0.209387,-0.00814267,0.232093,0.00694925
nuscenes,scene-1094_029,pitch,2,-2,164,0.206794,0.00959638,0.219418,0.00503252
nuscenes,scene-1094_029,pitch,3,3,161,0.186472,-0.0292578,0.221787,-0.00223663
nuscenes,scene-1094_029,pitch,3,-3,168,0.222137,0.0347889,0.218691,0.00633124
nuscenes,scene-1094_029,roll,0.5,0.5,165,0.219371,0.0235326,0.220052,0.00253168
nuscenes,scene-1094_029,roll,0.5,-0.5,163,0.18524,-0.00942397,0.215178,0.00124143
nuscenes,scene-1094_029,roll,1,1,165,0.19346,0.00821097,0.218898,0.00375319
nuscenes,scene-1094_029,roll,1,-1,166,0.229783,0.00643937,0.233147,0.0111919
nuscenes,scene-1094_029,roll,2,2,162,0.188999,0.00561872,0.212322,-0.0052069
nuscenes,scene-1094_029,roll,2,-2,165,0.235256,-0.00406504,0.232754,0.0027805
nuscenes,scene-1094_029,roll,3,3,168,0.182653,-0.00590947,0.210923,0.00108361
nuscenes,scene-1094_029,roll,3,-3,167,0.250129,-0.00318748,0.235865,0.00824361
nuscenes,scene-1094_029,tx,10,10,154,0.197721,0.00488506,0.211066,-0.00350997
nuscenes,scene-1094_029,tx,10,-10,172,0.212406,0.0110775,0.217346,0.00248253
nuscenes,scene-1094_029,tx,20,20,160,0.203291,0.00857659,0.212981,-0.000235051
nuscenes,scene-1094_029,tx,20,-20,168,0.208155,0.00343156,0.217708,0.000380337
nuscenes,scene-1094_029,tz,10,10,186,0.214601,0.0260386,0.219163,0.00258808
nuscenes,scene-1094_029,tz,10,-10,164,0.196364,0.00465523,0.214204,7.6443e-05
nuscenes,scene-1094_029,tz,20,20,290,0.170369,0.025952,0.191628,0.00278842
nuscenes,scene-1094_029,tz,20,-20,167,0.191381,0.00250699,0.215952,0.00236073
nuscenes,scene-1094_030,baseline,0,0,181,0.206182,0.0188007,0.238937,0.00729522
nuscenes,scene-1094_030,yaw,0.5,0.5,177,0.200785,0.00898702,0.233629,0.00132655
nuscenes,scene-1094_030,yaw,0.5,-0.5,179,0.201954,0.0113623,0.238553,0.0102804
nuscenes,scene-1094_030,yaw,1,1,182,0.181887,2.32607e-05,0.221846,-0.00671062
nuscenes,scene-1094_030,yaw,1,-1,175,0.195756,0.00841683,0.227266,0.00189196
nuscenes,scene-1094_030,yaw,2,2,184,0.184903,0.0054974,0.221351,-0.0050789
nuscenes,scene-1094_030,yaw,2,-2,174,0.173705,-0.0324502,0.22703,-0.00577004
nuscenes,scene-1094_030,yaw,3,3,184,0.188881,0.00673127,0.225893,0.00131074
nuscenes,scene-1094_030,yaw,3,-3,175,0.198175,-0.0100037,0.234208,-0.00176196
nuscenes,scene-1094_030,pitch,0.5,0.5,180,0.208356,0.0140096,0.239925,0.00872895
nuscenes,scene-1094_030,pitch,0.5,-0.5,180,0.200502,0.0127082,0.236553,0.00555708
nuscenes,scene-1094_030,pitch,1,1,180,0.208396,0.0138509,0.242262,0.0117082
nuscenes,scene-1094_030,pitch,1,-1,181,0.188248,0.00290482,0.234554,0.00451151
nuscenes,scene-1094_030,pitch,2,2,183,0.226717,0.0307007,0.249053,0.0133688
nuscenes,scene-1094_030,pitch,2,-2,178,0.193742,0.004746,0.235835,0.00644618
nuscenes,scene-1094_030,pitch,3,3,179,0.216257,0.0147926,0.23892,0.00594677
nuscenes,scene-1094_030,pitch,3,-3,177,0.200429,0.00569178,0.242052,0.0113932
nuscenes,scene-1094_030,roll,0.5,0.5,182,0.208567,0.0281616,0.240231,0.0121037
nuscenes,scene-1094_030,roll,0.5,-0.5,182,0.212576,0.00632237,0.243592,0.00903621
nuscenes,scene-1094_030,roll,1,1,184,0.185798,0.00703377,0.233462,0.00702976
nuscenes,scene-1094_030,roll,1,-1,180,0.216705,0.00822341,0.256718,0.017813
nuscenes,scene-1094_030,roll,2,2,180,0.14337,-0.0196734,0.223021,0.000151068
nuscenes,scene-1094_030,roll,2,-2,181,0.241015,0.012028,0.256243,0.0151046
nuscenes,scene-1094_030,roll,3,3,182,0.139472,-0.0199069,0.218449,-0.0032112
nuscenes,scene-1094_030,roll,3,-3,180,0.247603,-0.00480805,0.257415,0.0131835
nuscenes,scene-1094_030,tx,10,10,165,0.189647,0.00625595,0.233246,0.00585045
nuscenes,scene-1094_030,tx,10,-10,189,0.21762,0.0275878,0.239172,0.00718278
nuscenes,scene-1094_030,tx,20,20,169,0.182244,-0.00261606,0.225522,0.00136808
nuscenes,scene-1094_030,tx,20,-20,198,0.192036,0.00826767,0.230776,0.00229222
nuscenes,scene-1094_030,tz,10,10,184,0.203842,0.0194594,0.239305,0.00986789
nuscenes,scene-1094_030,tz,10,-10,171,0.192693,0.0123126,0.231923,0.00383827
nuscenes,scene-1094_030,tz,20,20,276,0.110896,-0.0125321,0.194575,-0.00102292
nuscenes,scene-1094_030,tz,20,-20,183,0.184213,-0.00948319,0.232796,0.00138022
nuscenes,scene-1094_031,baseline,0,0,192,0.167274,0.00865807,0.213018,0.000477046
nuscenes,scene-1094_031,yaw,0.5,0.5,193,0.18559,0.0301191,0.213627,0.00217852
nuscenes,scene-1094_031,yaw,0.5,-0.5,189,0.145353,-0.0188498,0.207405,-0.00881666
nuscenes,scene-1094_031,yaw,1,1,197,0.18353,0.0262773,0.211517,0.00153953
nuscenes,scene-1094_031,yaw,1,-1,182,0.148988,-0.0227203,0.204707,-0.011357
nuscenes,scene-1094_031,yaw,2,2,195,0.138149,-0.016221,0.208859,-0.00191285
nuscenes,scene-1094_031,yaw,2,-2,180,0.18499,0.00593993,0.213319,-0.00148708
nuscenes,scene-1094_031,yaw,3,3,191,0.148756,-0.00270168,0.211251,0.00368959
nuscenes,scene-1094_031,yaw,3,-3,177,0.186004,0.00246041,0.218482,-0.000349984
nuscenes,scene-1094_031,pitch,0.5,0.5,194,0.165812,0.0145495,0.218188,0.00508545
nuscenes,scene-1094_031,pitch,0.5,-0.5,192,0.163148,-0.000957951,0.20984,-0.00235192
nuscenes,scene-1094_031,pitch,1,1,190,0.179482,0.0269323,0.222313,0.0082121
nuscenes,scene-1094_031,pitch,1,-1,191,0.152633,-0.0147378,0.207931,-0.00494827
nuscenes,scene-1094_031,pitch,2,2,190,0.166278,0.0122271,0.221329,0.00617285
nuscenes,scene-1094_031,pitch,2,-2,193,0.145855,-0.02902,0.20753,-0.00704484
nuscenes,scene-1094_031,pitch,3,3,188,0.180142,0.0230124,0.220819,0.00782332
nuscenes,scene-1094_031,pitch,3,-3,194,0.169977,-0.00156048,0.212797,-0.00353132
nuscenes,scene-1094_031,roll,0.5,0.5,190,0.185702,0.0278057,0.22285,0.00861496
nuscenes,scene-1094_031,roll,0.5,-0.5,192,0.153534,-0.0207514,0.210353,-0.00278382
nuscenes,scene-1094_031,roll,1,1,190,0.169342,0.0261787,0.2133,0.00556722
nuscenes,scene-1094_031,roll,1,-1,193,0.169325,-0.00232713,0.220491,0.00437284
nuscenes,scene-1094_031,roll,2,2,191,0.125227,-0.00981411,0.202464,0.000132918
nuscenes,scene-1094_031,roll,2,-2,191,0.20827,0.00239666,0.234016,0.00579229
nuscenes,scene-1094_031,roll,3,3,189,0.110658,-6.98119e-05,0.195875,-0.0022043
nuscenes,scene-1094_031,roll,3,-3,192,0.221257,0.00429752,0.230951,0.00279878
nuscenes,scene-1094_031,tx,10,10,185,0.160069,0.00268979,0.212197,-3.26186e-05
nuscenes,scene-1094_031,tx,10,-10,199,0.180778,0.0177181,0.216759,0.00301205
nuscenes,scene-1094_031,tx,20,20,199,0.159386,-0.00215924,0.211844,-0.00363977
nuscenes,scene-1094_031,tx,20,-20,193,0.20719,0.0443289,0.219337,0.00507522
nuscenes,scene-1094_031,tz,10,10,185,0.16811,0.0108886,0.215974,0.00252301
nuscenes,scene-1094_031,tz,10,-10,184,0.166053,-0.00192951,0.214191,-0.000822753
nuscenes,scene-1094_031,tz,20,20,272,0.168313,0.0254059,0.198471,0.00349866
nuscenes,scene-1094_031,tz,20,-20,194,0.158444,-0.0063085,0.211193,-0.000917077
nuscenes,scene-1094_032,baseline,0,0,166,0.18198,-0.0148149,0.211827,-0.0061287
nuscenes,scene-1094_032,yaw,0.5,0.5,167,0.17794,-0.00691302,0.209115,-0.00294931
nuscenes,scene-1094_032,yaw,0.5,-0.5,167,0.175738,-0.0162483,0.206995,-0.00966091
nuscenes,scene-1094_032,yaw,1,1,176,0.174469,0.00688218,0.205458,-0.00045757
nuscenes,scene-1094_032,yaw,1,-1,171,0.152296,-0.0404373,0.196659,-0.0167492
nuscenes,scene-1094_032,yaw,2,2,187,0.15717,0.00869,0.201926,0.00151308
nuscenes,scene-1094_032,yaw,2,-2,174,0.1834,-0.03696,0.210585,-0.0111437
nuscenes,scene-1094_032,yaw,3,3,182,0.159759,0.00906476,0.203841,-5.61327e-05
nuscenes,scene-1094_032,yaw,3,-3,174,0.215653,0.00267892,0.222409,-0.000189647
nuscenes,scene-1094_032,pitch,0.5,0.5,166,0.184635,-0.011541,0.213243,-0.00390546
nuscenes,scene-1094_032,pitch,0.5,-0.5,168,0.183529,-0.0107877,0.210721,-0.00796874
nuscenes,scene-1094_032,pitch,1,1,168,0.193136,1.62423e-06,0.217546,0.000799984
nuscenes,scene-1094_032,pitch,1,-1,169,0.186763,-0.0115962,0.212538,-0.00815834
nuscenes,scene-1094_032,pitch,2,2,169,0.187089,0.00753401,0.221514,0.00498709
nuscenes,scene-1094_032,pitch,2,-2,166,0.181388,-0.0210594,0.214121,-0.00916766
nuscenes,scene-1094_032,pitch,3,3,169,0.2082,0.020066,0.219812,0.00273328
nuscenes,scene-1094_032,pitch,3,-3,170,0.185275,-0.0139719,0.212034,-0.00839823
nuscenes,scene-1094_032,roll,0.5,0.5,167,0.186819,0.00488849,0.218411,0.00460808
nuscenes,scene-1094_032,roll,0.5,-0.5,166,0.184562,-0.0232921,0.214832,-0.00943662
nuscenes,scene-1094_032,roll,1,1,166,0.201556,0.0239131,0.215667,0.0029791
nuscenes,scene-1094_032,roll,1,-1,168,0.184482,-0.031822,0.21484,-0.0113045
nuscenes,scene-1094_032,roll,2,2,165,0.166165,0.020551,0.212055,0.00908753
nuscenes,scene-1094_032,roll,2,-2,166,0.223083,0.000109136,0.232587,0.00273688
nuscenes,scene-1094_032,roll,3,3,160,0.116454,-0.00387275,0.196665,0.000268966
nuscenes,scene-1094_032,roll,3,-3,167,0.287653,0.0547607,0.246033,0.0161875
nuscenes,scene-1094_032,tx,10,10,153,0.170505,-0.0150012,0.211623,-0.00296855
nuscenes,scene-1094_032,tx,10,-10,176,0.179778,-0.0113825,0.210237,-0.00545657
nuscenes,scene-1094_032,tx,20,20,155,0.163366,-0.0175677,0.206604,-0.00737236
nuscenes,scene-1094_032,tx,20,-20,181,0.176062,-0.0142342,0.21021,-0.00501686
nuscenes,scene-1094_032,tz,10,10,149,0.211811,0.00330102,0.224491,0.00268592
nuscenes,scene-1094_032,tz,10,-10,167,0.185762,-0.0120094,0.212014,-0.00775596
nuscenes,scene-1094_032,tz,20,20,250,0.183508,0.0110034,0.202625,0.00313358
nuscenes,scene-1094_032,tz,20,-20,169,0.196919,-0.00167188,0.21423,-0.00684392
nuscenes,scene-1094_033,baseline,0,0,187,0.242857,0.0230047,0.23362,0.0085689
nuscenes,scene-1094_033,yaw,0.5,0.5,185,0.236077,0.0136051,0.231304,0.00692363
nuscenes,scene-1094_033,yaw,0.5,-0.5,187,0.222217,0.00474761,0.229917,0.00564802
nuscenes,scene-1094_033,yaw,1,1,187,0.240835,0.0300235,0.235102,0.0103598
nuscenes,scene-1094_033,yaw,1,-1,184,0.198829,-0.0211985,0.221667,0.000152782
nuscenes,scene-1094_033,yaw,2,2,184,0.224786,0.022356,0.229716,0.00609104
nuscenes,scene-1094_033,yaw,2,-2,185,0.201749,-0.0337993,0.215305,-0.0107053
nuscenes,scene-1094_033,yaw,3,3,179,0.215351,0.0195049,0.224272,0.00882797
nuscenes,scene-1094_033,yaw,3,-3,191,0.23138,-0.00745527,0.225124,-0.00429863
nuscenes,scene-1094_033,pitch,0.5,0.5,183,0.25506,0.0391017,0.236036,0.0138819
nuscenes,scene-1094_033,pitch,0.5,-0.5,187,0.236815,0.0182425,0.232937,0.00655845
nuscenes,scene-1094_033,pitch,1,1,186,0.249795,0.0410552,0.23701,0.0164865
nuscenes,scene-1094_033,pitch,1,-1,183,0.230329,0.00669898,0.232314,0.00544323
nuscenes,scene-1094_033,pitch,2,2,186,0.256602,0.039499,0.244292,0.0213448
nuscenes,scene-1094_033,pitch,2,-2,186,0.233042,0.0132951,0.231315,0.00596084
nuscenes,scene-1094_033,pitch,3,3,187,0.270186,0.0586161,0.24696,0.0225562
nuscenes,scene-1094_033,pitch,3,-3,186,0.251599,0.0213429,0.233034,0.00371715
nuscenes,scene-1094_033,roll,0.5,0.5,183,0.239125,0.0371699,0.238344,0.0195173
nuscenes,scene-1094_033,roll,0.5,-0.5,185,0.250745,0.0161852,0.238142,0.00854185
nuscenes,scene-1094_033,roll,1,1,188,0.239197,0.0264432,0.238741,0.017703
nuscenes,scene-1094_033,roll,1,-1,180,0.2571,0.0328799,0.240901,0.0117485
nuscenes,scene-1094_033,roll,2,2,187,0.205892,0.00288405,0.219473,0.00432445
nuscenes,scene-1094_033,roll,2,-2,179,0.236009,-0.00860156,0.23272,-0.00504357
nuscenes,scene-1094_033,roll,3,3,187,0.160222,-0.00760791,0.201788,-0.0042243
nuscenes,scene-1094_033,roll,3,-3,183,0.243748,-0.0129608,0.236969,-0.00169978
nuscenes,scene-1094_033,tx,10,10,187,0.239198,0.031507,0.234086,0.0128768
nuscenes,scene-1094_033,tx,10,-10,191,0.234922,0.0155208,0.227872,0.0022748
nuscenes,scene-1094_033,tx,20,20,181,0.224129,0.0196217,0.232561,0.0118224
nuscenes,scene-1094_033,tx,20,-20,195,0.218679,0.00720993,0.226125,0.00278749
nuscenes,scene-1094_033,tz,10,10,199,0.252165,0.0321639,0.233296,0.00910844
nuscenes,scene-1094_033,tz,10,-10,193,0.22244,0.00663823,0.228033,0.00393522
nuscenes,scene-1094_033,tz,20,20,299,0.174017,0.00748782,0.210117,0.00648502
nuscenes,scene-1094_033,tz,20,-20,190,0.208298,-0.0100115,0.222362,-0.00194624
nuscenes,scene-1094_034,baseline,0,0,199,0.200255,0.0229869,0.218208,0.00926757
nuscenes,scene-1094_034,yaw,0.5,0.5,193,0.160858,-0.0154802,0.207288,-0.00101377
nuscenes,scene-1094_034,yaw,0.5,-0.5,197,0.210522,0.0381276,0.220375,0.0126534
nuscenes,scene-1094_034,yaw,1,1,196,0.169137,-0.0029733,0.200789,-0.00380942
nuscenes,scene-1094_034,yaw,1,-1,201,0.195116,0.0247703,0.215346,0.00677851
nuscenes,scene-1094_034,yaw,2,2,197,0.138261,-0.0198556,0.192663,-0.00953716
nuscenes,scene-1094_034,yaw,2,-2,206,0.187298,0.000905231,0.218562,0.00640383
nuscenes,scene-1094_034,yaw,3,3,195,0.144752,-0.0133143,0.19272,-0.0101527
nuscenes,scene-1094_034,yaw,3,-3,206,0.187559,-0.0192794,0.211705,-0.0098173
nuscenes,scene-1094_034,pitch,0.5,0.5,201,0.220202,0.04432,0.221309,0.0120384
nuscenes,scene-1094_034,pitch,0.5,-0.5,201,0.195484,0.0218276,0.217346,0.0103795
nuscenes,scene-1094_034,pitch,1,1,199,0.209025,0.0252118,0.221969,0.0111198
nuscenes,scene-1094_034,pitch,1,-1,199,0.177229,0.0112814,0.212063,0.0066919
nuscenes,scene-1094_034,pitch,2,2,199,0.232283,0.0429442,0.229747,0.0172327
nuscenes,scene-1094_034,pitch,2,-2,198,0.152423,-0.0127776,0.204567,0.000576019
nuscenes,scene-1094_034,pitch,3,3,201,0.269025,0.0780107,0.237732,0.0244442
nuscenes,scene-1094_034,pitch,3,-3,198,0.166542,-0.00944592,0.199447,-0.00605592
nuscenes,scene-1094_034,roll,0.5,0.5,200,0.220599,0.0398446,0.224076,0.014376
nuscenes,scene-1094_034,roll,0.5,-0.5,200,0.164362,-0.0123986,0.207306,-5.32568e-05
nuscenes,scene-1094_034,roll,1,1,201,0.222212,0.0393308,0.222466,0.0127983
nuscenes,scene-1094_034,roll,1,-1,201,0.167078,-0.010582,0.205654,-0.00140844
nuscenes,scene-1094_034,roll,2,2,199,0.21316,0.0257621,0.217851,0.0106529
nuscenes,scene-1094_034,roll,2,-2,195,0.153995,-0.0193753,0.195828,-0.0116362
nuscenes,scene-1094_034,roll,3,3,202,0.193609,0.0145829,0.218982,0.0107469
nuscenes,scene-1094_034,roll,3,-3,196,0.144787,-0.0295037,0.198388,-0.0121425
nuscenes,scene-1094_034,tx,10,10,186,0.212651,0.0451038,0.220971,0.01264
nuscenes,scene-1094_034,tx,10,-10,202,0.178959,-0.000736535,0.209254,0.00216271
nuscenes,scene-1094_034,tx,20,20,190,0.200672,0.0276885,0.214296,0.00431706
nuscenes,scene-1094_034,tx,20,-20,202,0.163172,-0.0131885,0.202425,-0.0034177
nuscenes,scene-1094_034,tz,10,10,195,0.204367,0.0300155,0.215539,0.00892928
nuscenes,scene-1094_034,tz,10,-10,182,0.202836,0.0278032,0.219319,0.0105097
nuscenes,scene-1094_034,tz,20,20,285,0.168964,0.0275256,0.204085,0.00671777
nuscenes,scene-1094_034,tz,20,-20,185,0.178986,0.0147002,0.212538,0.00855984
nuscenes,scene-1094_035,baseline,0,0,191,0.157716,-0.0076879,0.214776,-0.000213027
nuscenes,scene-1094_035,yaw,0.5,0.5,185,0.14557,-0.0195335,0.214966,-0.000659794
nuscenes,scene-1094_035,yaw,0.5,-0.5,193,0.154837,-0.012993,0.209251,-0.00490889
nuscenes,scene-1094_035,yaw,1,1,184,0.161915,-0.0069506,0.21577,-0.00160992
nuscenes,scene-1094_035,yaw,1,-1,200,0.140891,-0.028188,0.207255,-0.00530714
nuscenes,scene-1094_035,yaw,2,2,176,0.161185,-0.00430869,0.213048,0.000539243
nuscenes,scene-1094_035,yaw,2,-2,203,0.151279,-0.0191063,0.212125,-0.00252321
nuscenes,scene-1094_035,yaw,3,3,173,0.169368,-0.00591235,0.216225,-0.000399053
nuscenes,scene-1094_035,yaw,3,-3,217,0.170146,-0.00224936,0.212018,-0.00207631
nuscenes,scene-1094_035,pitch,0.5,0.5,191,0.166615,-0.00837757,0.218355,0.000164434
nuscenes,scene-1094_035,pitch,0.5,-0.5,189,0.156797,-0.0136194,0.21224,-0.00320837
nuscenes,scene-1094_035,pitch,1,1,192,0.208747,0.0162899,0.226157,0.00374886
nuscenes,scene-1094_035,pitch,1,-1,192,0.161445,-0.0151134,0.211607,-0.00512038
nuscenes,scene-1094_035,pitch,2,2,190,0.236468,0.0432128,0.228403,0.00332141
nuscenes,scene-1094_035,pitch,2,-2,192,0.154332,-0.0184672,0.206797,-0.00953114
nuscenes,scene-1094_035,pitch,3,3,194,0.229353,0.0414051,0.22402,0.00113766
nuscenes,scene-1094_035,pitch,3,-3,194,0.135381,-0.0333988,0.20497,-0.00932807
nuscenes,scene-1094_035,roll,0.5,0.5,189,0.210044,0.022464,0.226978,0.00415164
nuscenes,scene-1094_035,roll,0.5,-0.5,193,0.16081,-0.0138134,0.21444,-0.00196519
nuscenes,scene-1094_035,roll,1,1,194,0.245419,0.0450623,0.233922,0.00884081
nuscenes,scene-1094_035,roll,1,-1,190,0.154075,-0.028877,0.214412,-0.00391611
nuscenes,scene-1094_035,roll,2,2,188,0.258286,0.0867358,0.23741,0.0224351
nuscenes,scene-1094_035,roll,2,-2,191,0.154562,-0.0127424,0.21579,0.00409031
nuscenes,scene-1094_035,roll,3,3,189,0.199693,0.0311462,0.2202,0.00458623
nuscenes,scene-1094_035,roll,3,-3,190,0.159184,0.00637381,0.214153,0.00610642
nuscenes,scene-1094_035,tx,10,10,192,0.171582,0.00138001,0.215637,0.000127494
nuscenes,scene-1094_035,tx,10,-10,194,0.149049,-0.0195535,0.21097,-0.00506233
nuscenes,scene-1094_035,tx,20,20,197,0.166617,-0.00808026,0.212784,-0.00274305
nuscenes,scene-1094_035,tx,20,-20,205,0.156611,-0.016138,0.213662,-0.0048207
nuscenes,scene-1094_035,tz,10,10,195,0.194772,0.00771356,0.225135,0.00255094
nuscenes,scene-1094_035,tz,10,-10,183,0.158329,-0.00857152,0.213159,-0.00132474
nuscenes,scene-1094_035,tz,20,20,295,0.201032,0.0310656,0.215604,0.00414848
nuscenes,scene-1094_035,tz,20,-20,178,0.159398,-0.0147013,0.214152,-0.00275512
nuscenes,scene-1094_036,baseline,0,0,184,0.152584,-0.0155059,0.214194,0.0010615
nuscenes,scene-1094_036,yaw,0.5,0.5,183,0.143852,-0.0134926,0.209958,-0.0014596
nuscenes,scene-1094_036,yaw,0.5,-0.5,183,0.139755,-0.0234597,0.213682,0.00319974
nuscenes,scene-1094_036,yaw,1,1,179,0.132793,-0.0258517,0.206603,-0.00501285
nuscenes,scene-1094_036,yaw,1,-1,179,0.157798,0.000979319,0.215466,0.00666963
nuscenes,scene-1094_036,yaw,2,2,175,0.177332,0.02553,0.218644,0.00652909
nuscenes,scene-1094_036,yaw,2,-2,183,0.168234,0.00613216,0.221415,0.00877081
nuscenes,scene-1094_036,yaw,3,3,168,0.180929,0.0297979,0.212904,0.000592247
nuscenes,scene-1094_036,yaw,3,-3,182,0.175682,0.00956909,0.212945,-0.00294709
nuscenes,scene-1094_036,pitch,0.5,0.5,184,0.156256,-0.0124941,0.216281,0.00246519
nuscenes,scene-1094_036,pitch,0.5,-0.5,182,0.133287,-0.0298554,0.208896,-0.00266251
nuscenes,scene-1094_036,pitch,1,1,183,0.176026,0.00327432,0.219427,0.00482309
nuscenes,scene-1094_036,pitch,1,-1,186,0.144424,-0.0253435,0.211055,-0.00159404
nuscenes,scene-1094_036,pitch,2,2,185,0.167729,0.000657678,0.212739,0.00115381
nuscenes,scene-1094_036,pitch,2,-2,187,0.140184,-0.0212974,0.207072,-0.00445047
nuscenes,scene-1094_036,pitch,3,3,182,0.143846,-0.00986378,0.204518,-0.00399964
nuscenes,scene-1094_036,pitch,3,-3,186,0.140457,-0.0168153,0.205941,-0.0022708
nuscenes,scene-1094_036,roll,0.5,0.5,185,0.162662,-0.00550431,0.214637,0.00149386
nuscenes,scene-1094_036,roll,0.5,-0.5,183,0.14187,-0.0286188,0.210077,-0.00258525
nuscenes,scene-1094_036,roll,1,1,184,0.155419,-0.00351773,0.204515,-0.00612769
nuscenes,scene-1094_036,roll,1,-1,182,0.166736,0.00638404,0.217019,0.00350825
nuscenes,scene-1094_036,roll,2,2,180,0.177069,0.00785649,0.212181,-0.00213338
nuscenes,scene-1094_036,roll,2,-2,184,0.136792,-0.0116944,0.202062,-0.00154515
nuscenes,scene-1094_036,roll,3,3,181,0.180197,0.0364484,0.216994,0.00778887
nuscenes,scene-1094_036,roll,3,-3,183,0.135001,-0.0206307,0.205943,-0.000324503
nuscenes,scene-1094_036,tx,10,10,182,0.138442,-0.025286,0.214125,0.00408359
nuscenes,scene-1094_036,tx,10,-10,194,0.154521,-0.00597389,0.209326,-0.00303878
nuscenes,scene-1094_036,tx,20,20,182,0.142362,-0.0201336,0.214067,0.00444382
nuscenes,scene-1094_036,tx,20,-20,190,0.158347,0.00199346,0.20849,-0.0015994
nuscenes,scene-1094_036,tz,10,10,185,0.141358,-0.027991,0.212188,-0.00176269
nuscenes,scene-1094_036,tz,10,-10,163,0.164921,-0.00966582,0.215158,-0.00115316
nuscenes,scene-1094_036,tz,20,20,290,0.134858,-0.0239304,0.197494,-0.00324856
nuscenes,scene-1094_036,tz,20,-20,160,0.154792,-0.0243233,0.209737,-0.00647667
nuscenes,scene-1094_037,baseline,0,0,174,0.147308,-0.0255201,0.211213,-0.00792532
nuscenes,scene-1094_037,yaw,0.5,0.5,174,0.142485,-0.028721,0.21488,-0.00324465
nuscenes,scene-1094_037,yaw,0.5,-0.5,174,0.137997,-0.0382033,0.213293,-0.00678103
nuscenes,scene-1094_037,yaw,1,1,167,0.146522,-0.0281061,0.220617,0.00280514
nuscenes,scene-1094_037,yaw,1,-1,169,0.170298,-0.0185558,0.2153,-0.00728931
nuscenes,scene-1094_037,yaw,2,2,162,0.171954,0.000935867,0.216094,0.00090991
nuscenes,scene-1094_037,yaw,2,-2,173,0.151684,-0.0230317,0.222478,0.00117104
nuscenes,scene-1094_037,yaw,3,3,167,0.157976,-0.0188397,0.214974,-0.00344992
nuscenes,scene-1094_037,yaw,3,-3,180,0.183042,-0.00565279,0.222713,-0.000278458
nuscenes,scene-1094_037,pitch,0.5,0.5,172,0.15821,-0.0165772,0.21619,-0.0063175
nuscenes,scene-1094_037,pitch,0.5,-0.5,176,0.147949,-0.0288223,0.209157,-0.00868094
nuscenes,scene-1094_037,pitch,1,1,174,0.150669,-0.0229746,0.216039,-0.00738187
nuscenes,scene-1094_037,pitch,1,-1,169,0.133319,-0.0393401,0.204484,-0.0126554
nuscenes,scene-1094_037,pitch,2,2,170,0.156068,-0.0229414,0.215337,-0.00657326
nuscenes,scene-1094_037,pitch,2,-2,173,0.129225,-0.0487134,0.204555,-0.0139714
nuscenes,scene-1094_037,pitch,3,3,178,0.167706,-0.00258166,0.21693,-0.0020145
nuscenes,scene-1094_037,pitch,3,-3,172,0.151023,-0.0231129,0.207008,-0.0130296
nuscenes,scene-1094_037,roll,0.5,0.5,176,0.153765,-0.0151809,0.213438,-0.00558044
nuscenes,scene-1094_037,roll,0.5,-0.5,178,0.13838,-0.04084,0.20603,-0.0118186
nuscenes,scene-1094_037,roll,1,1,172,0.148739,-0.0227907,0.212533,-0.00500819
nuscenes,scene-1094_037,roll,1,-1,178,0.137497,-0.0368579,0.205121,-0.0122572
nuscenes,scene-1094_037,roll,2,2,170,0.173602,0.00528571,0.225885,0.00724818
nuscenes,scene-1094_037,roll,2,-2,180,0.146964,-0.0153036,0.209418,-0.00429349
nuscenes,scene-1094_037,roll,3,3,165,0.153713,-0.00350544,0.220163,0.00369693
nuscenes,scene-1094_037,roll,3,-3,179,0.193846,0.0202757,0.216954,0.00218803
nuscenes,scene-1094_037,tx,10,10,163,0.154863,-0.0180038,0.212568,-0.00809556
nuscenes,scene-1094_037,tx,10,-10,180,0.154455,-0.019629,0.214871,-0.00365202
nuscenes,scene-1094_037,tx,20,20,179,0.144909,-0.0234038,0.21266,-0.00480385
nuscenes,scene-1094_037,tx,20,-20,172,0.147495,-0.0278443,0.216528,-0.0013945
nuscenes,scene-1094_037,tz,10,10,189,0.159857,-0.0167156,0.213114,-0.00692731
nuscenes,scene-1094_037,tz,10,-10,183,0.150663,-0.0229401,0.20893,-0.00732774
nuscenes,scene-1094_037,tz,20,20,304,0.143835,-0.0100342,0.195082,-0.00211063
nuscenes,scene-1094_037,tz,20,-20,189,0.14721,-0.0241947,0.207694,-0.00788045
nuscenes,scene-1094_038,baseline,0,0,151,0.198214,0.0338526,0.216456,0.00664017
nuscenes,scene-1094_038,yaw,0.5,0.5,151,0.183729,0.00779238,0.214343,0.00293909
nuscenes,scene-1094_038,yaw,0.5,-0.5,153,0.189342,0.0341581,0.214342,0.00439531
nuscenes,scene-1094_038,yaw,1,1,158,0.168035,-0.0202966,0.212753,-0.00110252
nuscenes,scene-1094_038,yaw,1,-1,152,0.18683,0.0212133,0.210782,-0.00163728
nuscenes,scene-1094_038,yaw,2,2,157,0.136036,-0.0406501,0.205398,-0.00339241
nuscenes,scene-1094_038,yaw,2,-2,152,0.233578,0.0607848,0.219318,0.00504047
nuscenes,scene-1094_038,yaw,3,3,153,0.173279,-0.00512893,0.19981,-0.0100768
nuscenes,scene-1094_038,yaw,3,-3,157,0.16216,-0.0260656,0.208238,-0.00336808
nuscenes,scene-1094_038,pitch,0.5,0.5,154,0.218198,0.0501624,0.218891,0.00864817
nuscenes,scene-1094_038,pitch,0.5,-0.5,151,0.188301,0.0290392,0.215659,0.00574958
nuscenes,scene-1094_038,pitch,1,1,155,0.20502,0.0283291,0.219716,0.00792272
nuscenes,scene-1094_038,pitch,1,-1,152,0.187315,0.0338884,0.217645,0.00825453
nuscenes,scene-1094_038,pitch,2,2,153,0.199059,0.0220352,0.218634,0.00628549
nuscenes,scene-1094_038,pitch,2,-2,152,0.192909,0.0291487,0.217598,0.00629997
nuscenes,scene-1094_038,pitch,3,3,152,0.213572,0.0243345,0.219583,0.0052215
nuscenes,scene-1094_038,pitch,3,-3,152,0.186276,0.024611,0.213071,0.00390363
nuscenes,scene-1094_038,roll,0.5,0.5,155,0.222333,0.0484263,0.222442,0.0113167
nuscenes,scene-1094_038,roll,0.5,-0.5,151,0.160223,-0.0113079,0.214211,0.00163712
nuscenes,scene-1094_038,roll,1,1,153,0.223994,0.0498626,0.221846,0.00992927
nuscenes,scene-1094_038,roll,1,-1,154,0.157799,-0.0341466,0.209377,-0.00495228
nuscenes,scene-1094_038,roll,2,2,156,0.23389,0.0660369,0.22891,0.0183368
nuscenes,scene-1094_038,roll,2,-2,156,0.169017,-4.76986e-05,0.207604,-0.00213052
nuscenes,scene-1094_038,roll,3,3,157,0.177823,0.00754213,0.219532,0.00822948
nuscenes,scene-1094_038,roll,3,-3,155,0.153776,-0.0192838,0.212433,0.000942558
nuscenes,scene-1094_038,tx,10,10,152,0.218553,0.0634311,0.217793,0.00949575
nuscenes,scene-1094_038,tx,10,-10,156,0.201854,0.0386725,0.215885,0.00660881
nuscenes,scene-1094_038,tx,20,20,154,0.235912,0.0719324,0.220541,0.0108819
nuscenes,scene-1094_038,tx,20,-20,157,0.178917,0.0111586,0.211913,0.00192025
nuscenes,scene-1094_038,tz,10,10,187,0.194266,0.0321483,0.211784,0.00774328
nuscenes,scene-1094_038,tz,10,-10,160,0.165083,0.0252267,0.205437,0.00374545
nuscenes,scene-1094_038,tz,20,20,288,0.166688,0.0237595,0.18866,0.00544992
nuscenes,scene-1094_038,tz,20,-20,164,0.167169,0.0226431,0.207794,0.00431137
nuscenes,scene-1094_039,baseline,0,0,158,0.172194,0.0247593,0.215216,0.00601818
nuscenes,scene-1094_039,yaw,0.5,0.5,158,0.178493,0.0278819,0.212792,0.00365418
nuscenes,scene-1094_039,yaw,0.5,-0.5,161,0.180036,0.0263158,0.218594,0.00286271
nuscenes,scene-1094_039,yaw,1,1,156,0.180459,0.0228921,0.209162,-0.000440583
nuscenes,scene-1094_039,yaw,1,-1,169,0.161551,-0.00979838,0.216133,-0.00293882
nuscenes,scene-1094_039,yaw,2,2,151,0.188544,0.0382125,0.222367,0.0167976
nuscenes,scene-1094_039,yaw,2,-2,171,0.154562,-0.0135507,0.217766,0.00291383
nuscenes,scene-1094_039,yaw,3,3,138,0.190994,0.0403768,0.2238,0.0191921
nuscenes,scene-1094_039,yaw,3,-3,182,0.201535,0.0203962,0.234591,0.0121284
nuscenes,scene-1094_039,pitch,0.5,0.5,156,0.186294,0.0303294,0.216129,0.00551738
nuscenes,scene-1094_039,pitch,0.5,-0.5,158,0.165963,0.0260724,0.214952,0.00623369
nuscenes,scene-1094_039,pitch,1,1,156,0.185113,0.0353572,0.215572,0.00560451
nuscenes,scene-1094_039,pitch,1,-1,159,0.161244,0.0298936,0.215623,0.00933403
nuscenes,scene-1094_039,pitch,2,2,160,0.180439,0.0308461,0.213743,0.00504163
nuscenes,scene-1094_039,pitch,2,-2,158,0.159983,0.0368109,0.217628,0.0145206
nuscenes,scene-1094_039,pitch,3,3,159,0.177997,0.0257073,0.214779,0.00596546
nuscenes,scene-1094_039,pitch,3,-3,161,0.176327,0.0494862,0.21783,0.0117485
nuscenes,scene-1094_039,roll,0.5,0.5,156,0.183404,0.0356418,0.215437,0.00972587
nuscenes,scene-1094_039,roll,0.5,-0.5,156,0.135566,-0.00153273,0.208864,0.000604868
nuscenes,scene-1094_039,roll,1,1,157,0.145459,0.0073902,0.209567,0.00790867
nuscenes,scene-1094_039,roll,1,-1,159,0.173083,0.0276952,0.214079,0.00218385
nuscenes,scene-1094_039,roll,2,2,158,0.145264,0.00182375,0.211798,0.00471127
nuscenes,scene-1094_039,roll,2,-2,156,0.117101,-0.0374045,0.205176,-0.00300379
nuscenes,scene-1094_039,roll,3,3,161,0.113825,-0.0271121,0.18963,-0.0111828
nuscenes,scene-1094_039,roll,3,-3,162,0.108539,-0.0584088,0.202285,-0.00611874
nuscenes,scene-1094_039,tx,10,10,152,0.169415,0.022333,0.218632,0.00612704
nuscenes,scene-1094_039,tx,10,-10,159,0.182392,0.0395385,0.217189,0.00860476
nuscenes,scene-1094_039,tx,20,20,162,0.172571,0.0180316,0.219202,0.0053104
nuscenes,scene-1094_039,tx,20,-20,158,0.176354,0.0407017,0.212451,0.00912787
nuscenes,scene-1094_039,tz,10,10,173,0.191161,0.0413628,0.218353,0.010074
nuscenes,scene-1094_039,tz,10,-10,159,0.150896,0.00973327,0.214932,0.00607237
nuscenes,scene-1094_039,tz,20,20,258,0.185589,0.0351501,0.207961,0.00934869
nuscenes,scene-1094_039,tz,20,-20,144,0.157431,0.0162007,0.217539,0.00652997
